stt,trang_danh_muc,ten_san_pham,ma_san_pham,loai_tu_tu_ten,ma_ky_hieu_tu_ten,dien_dung_tu_ten,dien_ap_tu_ten,kich_thuoc_tu_ten,ma_kich_thuoc_chip_tu_ten,dung_sai_tu_ten,kieu_lap_dat_tu_ten,dong_goi_so_luong_tu_ten,ung_dung_tu_ten,hang_nhac_toi_tu_ten,mau_sac_tu_ten,gia_chua_vat_text,gia_chua_vat_vnd,gia_vat_text,gia_vat_vnd,tinh_trang,don_vi_tinh,thuong_hieu,xuat_xu,vi_tri_kho,danh_muc_1,danh_muc_2,sp_group_id_tu_url,ct_product_id_tu_url,url_chi_tiet,image_url
"1","1","Tụ CBB 1600V 103J 10nF 0.01uF 15mm","NM02466","Tụ CBB","103J","10 nF | 0.01 uF","1600 V","15mm","","J","","","","","","2,000đ","2000","2,160đ","2160","Còn hàng","Chiếc","CHINA","CHINA","C-095","Linh kiện điện tử","Tụ CBB - Tụ Kẹo","459","18303","https://linhkienchatluong.vn/urltu-cbb---tu-keo/tu-cbb-1600v-103j-10nf-001uf-15mm_sp459_ct18303.aspx","https://linhkienchatluong.vn/Uploads/pic/prods/Linh-kien-dien-tu/63908402079953424102466.jpg"
"2","1","Tụ bếp từ 2uF 275VAC 400VDC màu xanh chính hãng BM","NM02950","Tụ bếp từ","","2 uF","275 VAC | 400 VDC","","","","","","Bếp từ","BM","Màu xanh","10,000đ","10000","10,800đ","10800","Còn hàng","Chiếc","BM","Chính hãng","TA-012","Linh kiện điện tử","Tụ Bếp Từ","710","18294","https://linhkienchatluong.vn/urltu-bep-tu/tu-bep-tu-2uf-275vac-400vdc-mau-xanh-chinh-hang-bm_sp710_ct18294.aspx","https://linhkienchatluong.vn/Uploads/pic/prods/Linh-kien-dien-tu/63908402479962322402950.jpg"
"3","1","Tụ block điều hòa 40uF 450V CBB65 GREE","CL11992","","CBB65","40 uF","450 V","","","","","","Điều hòa | Block","","","38,000đ","38000","đ","","Còn hàng","Chiếc","CHINA","CHINA","1","Linh kiện điện tử","Tụ đề - Tụ khởi động","992","18151","https://linhkienchatluong.vn/urltu-de---tu-khoi-dong/tu-block-dieu-hoa-40uf-450v-cbb65-gree_sp992_ct18151.aspx","https://linhkienchatluong.vn/Uploads/pic/prods/Linh-kien-dien-tu/63902170958610231611992.jpg"
"4","1","Tụ CBB 2000V 334J 330nF 0.33uF 27.5mm","NM00645","Tụ CBB","334J","330 nF | 0.33 uF","2000 V","27.5mm","","J","","","","","","10,500đ","10500","11,340đ","11340","Còn hàng","Chiếc","CHINA","CHINA","C-095","Linh kiện điện tử","Tụ CBB - Tụ Kẹo","459","18057","https://linhkienchatluong.vn/urltu-cbb---tu-keo/tu-cbb-2000v-334j-330nf-033uf-275mm_sp459_ct18057.aspx","https://linhkienchatluong.vn/Uploads/pic/prods/Linh-kien-dien-tu/63893195047216236600645.jpg"
"5","1","Tụ chống sét Varistor 10D201K 200V 10mm bảo vệ điện áp 110V chính hãng HEL","CL11900","Tụ chống sét varistor","","","200 V | 110 V","10mm","","","","","Chống sét | Bảo vệ điện áp","HEL","","1,000đ","1000","đ","","","Chiếc","CHINA","CHINA","C-116","Linh kiện điện tử","10D - đường kính 10mm","1922","17897","https://linhkienchatluong.vn/url10d---duong-kinh-10mm/tu-chong-set-varistor-10d201k-200v-10mm-bao-ve-dien-ap-110v-chinh-hang-hel_sp1922_ct17897.aspx","https://linhkienchatluong.vn/Uploads/pic/prods/Linh-kien-dien-tu/63892678886862837811900.jpg"
"6","1","Tụ cao áp 2KV222 2.2nF 2000V DEDEMEI đóng dây (10 chiếc)","NM02165","Tụ cao áp","","2.2 nF","2000 V","","","","Dạng dây","10 chiếc","","","","5,000đ","5000","5,400đ","5400","Còn hàng","Dây (10 chiếc)","Đang cập nhật","Đang cập nhật","C-121","Linh kiện điện tử","Tụ Cao Áp","638","17770","https://linhkienchatluong.vn/urltu-cao-ap/tu-cao-ap-2kv222-22nf-2000v-dedemei-dong-day-10-chiec_sp638_ct17770.aspx","https://linhkienchatluong.vn/Uploads/pic/prods/Linh-kien-dien-tu/63880660794870733911287.jpg"
"7","1","Tụ chống sét Varistor V10221U chính hãng Panasonic (bảo vệ điện 110V)","NM01186","Tụ chống sét varistor","V10221U","","110 V","","","","","","Chống sét","Panasonic","","4,000đ","4000","4,320đ","4320","","Chiếc","PANASONIC","Chính hãng","1","Linh kiện điện tử","Tụ chống sét - Varistor","1161","17266","https://linhkienchatluong.vn/urltu-chong-set---varistor/tu-chong-set-varistor-v10221u-chinh-hang-panasonic-bao-ve-dien-110v_sp1161_ct17266.aspx","https://linhkienchatluong.vn/Uploads/pic/prods/Linh-kien-dien-tu/63877373806259416511411.jpg"
"8","1","Tụ nhôm 16V 2200uF 10x13mm chân cắm DIP","CL11217","Tụ nhôm","","2200 uF","16 V","10x13mm","","","Chân cắm | DIP","","","","","5,800đ","5800","đ","","","Chiếc","RELON-CHINA","CHINA","C-067","Linh kiện điện tử","Tụ nhôm - Tụ hóa dán","1612","17075","https://linhkienchatluong.vn/urltu-nhom---tu-hoa-dan/tu-nhom-16v-2200uf-10x13mm-chan-cam-dip_sp1612_ct17075.aspx","https://linhkienchatluong.vn/Uploads/pic/prods/Linh-kien-dien-tu/63870115633585663111217.jpg"
"9","1","Tụ nhôm 16V 1500uF 10x13mm chân cắm DIP","CL11216","Tụ nhôm","","1500 uF","16 V","10x13mm","","","Chân cắm | DIP","","","","","3,200đ","3200","đ","","","Chiếc","RELON-CHINA","CHINA","C-067","Linh kiện điện tử","Tụ nhôm - Tụ hóa dán","1612","17074","https://linhkienchatluong.vn/urltu-nhom---tu-hoa-dan/tu-nhom-16v-1500uf-10x13mm-chan-cam-dip_sp1612_ct17074.aspx","https://linhkienchatluong.vn/Uploads/pic/prods/Linh-kien-dien-tu/63870115607044246211216.jpg"
"10","1","Tụ nhôm 16V 1000uF 8x12mm chân cắm DIP","NM00633","Tụ nhôm","","1000 uF","16 V","8x12mm","","","Chân cắm | DIP","","","","","2,800đ","2800","3,024đ","3024","Còn hàng","Chiếc","RELON-CHINA","CHINA","C-067","Linh kiện điện tử","Tụ nhôm - Tụ hóa dán","1612","17073","https://linhkienchatluong.vn/urltu-nhom---tu-hoa-dan/tu-nhom-16v-1000uf-8x12mm-chan-cam-dip_sp1612_ct17073.aspx","https://linhkienchatluong.vn/Uploads/pic/prods/Linh-kien-dien-tu/63870115581789049311215.jpg"
"11","1","Tụ nhôm 16V 680uF 6.3x12mm chân cắm DIP","CL11214","Tụ nhôm","","680 uF","16 V","6.3x12mm","","","Chân cắm | DIP","","","","","2,400đ","2400","đ","","","Chiếc","RELON-CHINA","CHINA","-","Linh kiện điện tử","Tụ nhôm - Tụ hóa dán","1612","17072","https://linhkienchatluong.vn/urltu-nhom---tu-hoa-dan/tu-nhom-16v-680uf-63x12mm-chan-cam-dip_sp1612_ct17072.aspx","https://linhkienchatluong.vn/Uploads/pic/prods/Linh-kien-dien-tu/63870115557243957911214.jpg"
"12","1","Tụ nhôm 16V 470uF 8x9mm chân cắm DIP","CL11213","Tụ nhôm","","470 uF","16 V","8x9mm","","","Chân cắm | DIP","","","","","2,200đ","2200","đ","","","Chiếc","RELON-CHINA","CHINA","-","Linh kiện điện tử","Tụ nhôm - Tụ hóa dán","1612","17071","https://linhkienchatluong.vn/urltu-nhom---tu-hoa-dan/tu-nhom-16v-470uf-8x9mm-chan-cam-dip_sp1612_ct17071.aspx","https://linhkienchatluong.vn/Uploads/pic/prods/Linh-kien-dien-tu/63870115292605904811213.jpg"
"13","1","Tụ nhôm 16V 330uF 6.3x9mm chân cắm DIP","CL11212","Tụ nhôm","","330 uF","16 V","6.3x9mm","","","Chân cắm | DIP","","","","","1,800đ","1800","đ","","","Chiếc","RELON-CHINA","CHINA","-","Linh kiện điện tử","Tụ nhôm - Tụ hóa dán","1612","17070","https://linhkienchatluong.vn/urltu-nhom---tu-hoa-dan/tu-nhom-16v-330uf-63x9mm-chan-cam-dip_sp1612_ct17070.aspx","https://linhkienchatluong.vn/Uploads/pic/prods/Linh-kien-dien-tu/63870115233966177211212.jpg"
"14","1","Tụ nhôm 16V 220uF 6.3x9mm chân cắm DIP","CL11211","Tụ nhôm","","220 uF","16 V","6.3x9mm","","","Chân cắm | DIP","","","","","1,700đ","1700","đ","","","Chiếc","RELON-CHINA","CHINA","C-066","Linh kiện điện tử","Tụ nhôm - Tụ hóa dán","1612","17069","https://linhkienchatluong.vn/urltu-nhom---tu-hoa-dan/tu-nhom-16v-220uf-63x9mm-chan-cam-dip_sp1612_ct17069.aspx","https://linhkienchatluong.vn/Uploads/pic/prods/Linh-kien-dien-tu/63870115208133329911211.jpg"
"15","1","Tụ nhôm 16V 100uF 5x9mm chân cắm DIP","CL11210","Tụ nhôm","","100 uF","16 V","5x9mm","","","Chân cắm | DIP","","","","","1,400đ","1400","đ","","","Chiếc","RELON-CHINA","CHINA","C-066","Linh kiện điện tử","Tụ nhôm - Tụ hóa dán","1612","17068","https://linhkienchatluong.vn/urltu-nhom---tu-hoa-dan/tu-nhom-16v-100uf-5x9mm-chan-cam-dip_sp1612_ct17068.aspx","https://linhkienchatluong.vn/Uploads/pic/prods/Linh-kien-dien-tu/63870115170228688711210.jpg"
"16","1","Tụ chống sét Varistor 14D201K 200V 14mm loại thường (100c)","CL11141","Tụ chống sét varistor","","","200 V","14mm","","","","100c","Chống sét","","","125,000đ","125000","đ","","","Túi (100 chiếc)","CHINA","CHINA","C-129","Linh kiện điện tử","14D - đường kính 14mm","1924","17002","https://linhkienchatluong.vn/url14d---duong-kinh-14mm/tu-chong-set-varistor-14d201k-200v-14mm-loai-thuong-100c_sp1924_ct17002.aspx","https://linhkienchatluong.vn/china_h1257.aspx"
"17","1","Tụ dán 0805 226-22uF 25V 20% (10c)","CL11080","Tụ dán","226","22 uF","25 V","","0805","","SMD/Dán","10c","","","","5,000đ","5000","đ","","","Dây","Đang cập nhật","Đang cập nhật","KE2-481","Linh kiện điện tử","Tụ dán 0805","1608","16943","https://linhkienchatluong.vn/urltu-dan-0805/tu-dan-0805-226-22uf-25v-20-10c_sp1608_ct16943.aspx","https://linhkienchatluong.vn/Uploads/pic/prods/Linh-kien-dien-tu/63865452906956132011080.jpg"
"18","1","Tụ điều hòa Daikin 20uF 450VDC 35mm chính hãng EKOWEISS","CL11073","","","20 uF","450 VDC","35mm","","","","","Điều hòa","EKOWEISS","","58,000đ","58000","đ","","Ngừng bán","Chiếc","EKOWEISS","Chính hãng","TA-016A","Linh kiện điện tử","Tụ đề - Tụ khởi động","992","16928","https://linhkienchatluong.vn/urltu-de---tu-khoi-dong/tu-dieu-hoa-daikin-20uf-450vdc-35mm-chinh-hang-ekoweiss_sp992_ct16928.aspx","https://linhkienchatluong.vn/Uploads/pic/prods/Linh-kien-dien-tu/638636319611698004z5894483909928_e9708df02344534b1b416244793c4254.jpg"
"19","1","Tụ chống sét Varistor 14D471K 470V 14mm chính hãng HEL","CL11047","Tụ chống sét varistor","","","470 V","14mm","","","","","Chống sét","HEL","","2,200đ","2200","đ","","","Chiếc","HEL","Chính hãng","C-119","Linh kiện điện tử","14D - đường kính 14mm","1924","16911","https://linhkienchatluong.vn/url14d---duong-kinh-14mm/tu-chong-set-varistor-14d471k-470v-14mm-chinh-hang-hel_sp1924_ct16911.aspx","https://linhkienchatluong.vn/Uploads/pic/prods/Linh-kien-dien-tu/638635624710355529z5892349007423_c06b1a37fda84fd73cc6518742bf3fdb.jpg"
"20","1","Tụ quạt 25uF dây SENJU CBB61 loại tốt","CL10993","Tụ quạt","CBB61","25 uF","","","","","Dạng dây","","Quạt","SENJU","","47,000đ","47000","đ","","","Chiếc","SENJU","Chính hãng","TA-007B","Linh kiện điện tử","Tụ đề - Tụ khởi động","992","16844","https://linhkienchatluong.vn/urltu-de---tu-khoi-dong/tu-quat-25uf-day-senju-cbb61-loai-tot_sp992_ct16844.aspx","https://linhkienchatluong.vn/Uploads/pic/prods/Linh-kien-dien-tu/63860628766872944410993.jpg"
"21","1","Tụ quạt 20uF dây SENJU CBB61 loại tốt","CL10992","Tụ quạt","CBB61","20 uF","","","","","Dạng dây","","Quạt","SENJU","","42,000đ","42000","đ","","","Chiếc","SENJU","Chính hãng","TA-007B","Linh kiện điện tử","Tụ đề - Tụ khởi động","992","16843","https://linhkienchatluong.vn/urltu-de---tu-khoi-dong/tu-quat-20uf-day-senju-cbb61-loai-tot_sp992_ct16843.aspx","https://linhkienchatluong.vn/Uploads/pic/prods/Linh-kien-dien-tu/63860628742665253810992.jpg"
"22","1","Tụ quạt 18uF dây SENJU CBB61 loại tốt","CL10991","Tụ quạt","CBB61","18 uF","","","","","Dạng dây","","Quạt","SENJU","","38,000đ","38000","đ","","","Chiếc","SENJU","Chính hãng","TA-007V","Linh kiện điện tử","Tụ đề - Tụ khởi động","992","16842","https://linhkienchatluong.vn/urltu-de---tu-khoi-dong/tu-quat-18uf-day-senju-cbb61-loai-tot_sp992_ct16842.aspx","https://linhkienchatluong.vn/Uploads/pic/prods/Linh-kien-dien-tu/63860628714568966910991.jpg"
"23","1","Tụ quạt 16uF dây SENJU CBB61 loại tốt","NM03133","Tụ quạt","CBB61","16 uF","","","","","Dạng dây","","Quạt","SENJU","","40,000đ","40000","43,200đ","43200","Còn hàng","Chiếc","SENJU","Chính hãng","TA-007B","Linh kiện điện tử","Tụ đề - Tụ khởi động","992","16841","https://linhkienchatluong.vn/urltu-de---tu-khoi-dong/tu-quat-16uf-day-senju-cbb61-loai-tot_sp992_ct16841.aspx","https://linhkienchatluong.vn/Uploads/pic/prods/Linh-kien-dien-tu/63860628691359420610990.jpg"
"24","1","Tụ quạt 15uF dây SENJU CBB61 loại tốt","NM00722","Tụ quạt","CBB61","15 uF","","","","","Dạng dây","","Quạt","SENJU","","33,000đ","33000","35,640đ","35640","Còn hàng","Chiếc","SENJU","Chính hãng","TA-007A","Linh kiện điện tử","Tụ đề - Tụ khởi động","992","16840","https://linhkienchatluong.vn/urltu-de---tu-khoi-dong/tu-quat-15uf-day-senju-cbb61-loai-tot_sp992_ct16840.aspx","https://linhkienchatluong.vn/Uploads/pic/prods/Linh-kien-dien-tu/63860628661086952410989.jpg"
"25","1","Tụ quạt 14uF dây SENJU CBB61 loại tốt","CL10988","Tụ quạt","CBB61","14 uF","","","","","Dạng dây","","Quạt","SENJU","","29,000đ","29000","đ","","","","SENJU","Chính hãng","TA-007A","Linh kiện điện tử","Tụ đề - Tụ khởi động","992","16839","https://linhkienchatluong.vn/urltu-de---tu-khoi-dong/tu-quat-14uf-day-senju-cbb61-loai-tot_sp992_ct16839.aspx","https://linhkienchatluong.vn/Uploads/pic/prods/Linh-kien-dien-tu/63860628636389114710988.jpg"
"26","1","Tụ quạt 12uF dây SENJU CBB61 loại tốt","NM03200","Tụ quạt","CBB61","12 uF","","","","","Dạng dây","","Quạt","SENJU","","27,000đ","27000","29,160đ","29160","Còn hàng","Chiếc","SENJU","Chính hãng","TA-007A","Linh kiện điện tử","Tụ đề - Tụ khởi động","992","16838","https://linhkienchatluong.vn/urltu-de---tu-khoi-dong/tu-quat-12uf-day-senju-cbb61-loai-tot_sp992_ct16838.aspx","https://linhkienchatluong.vn/Uploads/pic/prods/Linh-kien-dien-tu/63860628612211556410987.jpg"
"27","1","Tụ quạt 5uF 450VAC CBB61 chân hàn mạch PCB loại thường","CL10895","Tụ quạt","CBB61","5 uF","450 VAC","","","","Chân hàn | PCB","","Quạt","","","11,000đ","11000","đ","","","Chiếc","CHINA","CHINA","TA-019","Linh kiện điện tử","Tụ đề - Tụ khởi động","992","16700","https://linhkienchatluong.vn/urltu-de---tu-khoi-dong/tu-quat-5uf-450vac-cbb61-chan-han-mach-pcb-loai-thuong_sp992_ct16700.aspx","https://linhkienchatluong.vn/Uploads/pic/prods/Linh-kien-dien-tu/63856045238099457210895.jpg"
"28","1","Tụ lọc nguồn AC 0.1uF 305V 15mm chính hãng Faratronic","CL10879","Tụ lọc nguồn","","0.1 uF","305 V","15mm","","","","","Lọc nguồn","Faratronic","","1,500đ","1500","đ","","","Chiếc","Faratronic","Chính hãng","C-124","Linh kiện điện tử","Tụ An Toàn - Tụ Lọc Nguồn","456","16684","https://linhkienchatluong.vn/urltu-an-toan---tu-loc-nguon/tu-loc-nguon-ac-01uf-305v-15mm-chinh-hang-faratronic_sp456_ct16684.aspx","https://linhkienchatluong.vn/Uploads/pic/prods/Linh-kien-dien-tu/63851549131531874410879.jpg"
"29","1","Tụ bếp từ 0.33uF 1200V loại nằm màu đen","CL10869","Tụ bếp từ","","0.33 uF","1200 V","","","","","","Bếp từ","","Màu đen","8,000đ","8000","đ","","","Chiếc","Đang cập nhật","Đang cập nhật","-","Linh kiện điện tử","Tụ Bếp Từ","710","16673","https://linhkienchatluong.vn/urltu-bep-tu/tu-bep-tu-033uf-1200v-loai-nam-mau-den_sp710_ct16673.aspx","https://linhkienchatluong.vn/Uploads/pic/prods/Linh-kien-dien-tu/63851368792472483910869.jpg"
"30","1","Tụ quạt 3uF 450VAC SENJU chân hàn mạch PCB CBB61 loại tốt","CL10863","Tụ quạt","CBB61","3 uF","450 VAC","","","","Chân hàn | PCB","","Quạt","","","9,500đ","9500","đ","","","Chiếc","CHINA","CHINA","TA-002","Linh kiện điện tử","Tụ đề - Tụ khởi động","992","16667","https://linhkienchatluong.vn/urltu-de---tu-khoi-dong/tu-quat-3uf-450vac-senju-chan-han-mach-pcb-cbb61-loai-tot_sp992_ct16667.aspx","https://linhkienchatluong.vn/Uploads/pic/prods/Linh-kien-dien-tu/63850754128427545110863.jpg"
"31","2","Tụ gốm 224 0.22uF 220nF 50V loại tốt đóng dây (10c)","CL10629","Tụ gốm","","0.22 uF | 220 nF","50 V","","","","Dạng dây","10c","","","","4,000đ","4000","đ","","","Dây (10 chiếc)","CHINA","CHINA","C-108","Linh kiện điện tử","Tụ Gốm","453","16430","https://linhkienchatluong.vn/urltu-gom/tu-gom-224-022uf-220nf-50v-loai-tot-dong-day-10c_sp453_ct16430.aspx","https://linhkienchatluong.vn/Uploads/pic/prods/Linh-kien-dien-tu/63844278574286670710629.jpg"
"32","2","Tụ gốm 333 33nF 100V loại tốt thân to (nguyên túi 500c)","CL05480","Tụ gốm","","33 nF","100 V","","","","","500c","","","","47,000đ","47000","đ","","","Túi","CHINA","CHINA","-","Linh kiện điện tử","Tụ Gốm","453","16379","https://linhkienchatluong.vn/urltu-gom/tu-gom-333-33nf-100v-loai-tot-than-to-nguyen-tui-500c_sp453_ct16379.aspx","https://linhkienchatluong.vn/Uploads/pic/prods/Linh-kien-dien-tu/638439383227101544333.jpg"
"33","2","Tụ gốm 223 22nF 100V loại tốt thân to (nguyên túi 500c)","CL05479","Tụ gốm","","22 nF","100 V","","","","","500c","","","","47,000đ","47000","đ","","","Túi","CHINA","CHINA","-","Linh kiện điện tử","Tụ Gốm","453","16378","https://linhkienchatluong.vn/urltu-gom/tu-gom-223-22nf-100v-loai-tot-than-to-nguyen-tui-500c_sp453_ct16378.aspx","https://linhkienchatluong.vn/Uploads/pic/prods/Linh-kien-dien-tu/638439383053197075223.jpg"
"34","2","Tụ gốm 332 3.3nF 100V loại tốt thân to (nguyên túi 500c)","CL05477","Tụ gốm","","3.3 nF","100 V","","","","","500c","","","","47,000đ","47000","đ","","","Túi","CHINA","CHINA","-","Linh kiện điện tử","Tụ Gốm","453","16377","https://linhkienchatluong.vn/urltu-gom/tu-gom-332-33nf-100v-loai-tot-than-to-nguyen-tui-500c_sp453_ct16377.aspx","https://linhkienchatluong.vn/Uploads/pic/prods/Linh-kien-dien-tu/638439382860127623332.jpg"
"35","2","Tụ gốm 222 2.2nF 50V (nguyên túi 500c)","CLA1184","Tụ gốm","","2.2 nF","50 V","","","","","500c","","","","37,000đ","37000","đ","","","Túi","CHINA","CHINA","-","Linh kiện điện tử","Tụ Gốm","453","16375","https://linhkienchatluong.vn/urltu-gom/tu-gom-222-22nf-50v-nguyen-tui-500c_sp453_ct16375.aspx","https://linhkienchatluong.vn/Uploads/pic/prods/Linh-kien-dien-tu/6384220879376932541184.jpg"
"36","2","Tụ gốm 104 100nF 0.1uF 50V loại tốt đóng dây (10c)","CL10475","Tụ gốm","","100 nF | 0.1 uF","50 V","","","","Dạng dây","10c","","","","2,800đ","2800","đ","","","Dây (10 chiếc)","CHINA","CHINA","C-108","Linh kiện điện tử","Tụ Gốm","453","16359","https://linhkienchatluong.vn/urltu-gom/tu-gom-104-100nf-01uf-50v-loai-tot-dong-day-10c_sp453_ct16359.aspx","https://linhkienchatluong.vn/Uploads/pic/prods/Linh-kien-dien-tu/63872202107748908710475.jpg"
"37","2","Tụ gốm 473 47nF 50V loại tốt đóng dây (10c)","CL10474","Tụ gốm","","47 nF","50 V","","","","Dạng dây","10c","","","","2,500đ","2500","đ","","","Dây","CHINA","CHINA","C-108","Linh kiện điện tử","Tụ Gốm","453","16358","https://linhkienchatluong.vn/urltu-gom/tu-gom-473-47nf-50v-loai-tot-dong-day-10c_sp453_ct16358.aspx","https://linhkienchatluong.vn/Uploads/pic/prods/Linh-kien-dien-tu/63841261646437228710474.jpg"
"38","2","Tụ gốm 333 33nF 50V loại tốt đóng dây (10c)","CL10473","Tụ gốm","","33 nF","50 V","","","","Dạng dây","10c","","","","2,500đ","2500","đ","","","Dây","CHINA","CHINA","C-107","Linh kiện điện tử","Tụ Gốm","453","16357","https://linhkienchatluong.vn/urltu-gom/tu-gom-333-33nf-50v-loai-tot-dong-day-10c_sp453_ct16357.aspx","https://linhkienchatluong.vn/Uploads/pic/prods/Linh-kien-dien-tu/63841261632246561410473.jpg"
"39","2","Tụ gốm 223 22nF 50V loại tốt đóng dây (10c)","CL10472","Tụ gốm","","22 nF","50 V","","","","Dạng dây","10c","","","","2,500đ","2500","đ","","","Dây","CHINA","CHINA","C-107","Linh kiện điện tử","Tụ Gốm","453","16356","https://linhkienchatluong.vn/urltu-gom/tu-gom-223-22nf-50v-loai-tot-dong-day-10c_sp453_ct16356.aspx","https://linhkienchatluong.vn/Uploads/pic/prods/Linh-kien-dien-tu/63841261619585431110472.jpg"
"40","2","Tụ gốm 103 10nF 50V loại tốt đóng dây (10 chiếc)","NM02953","Tụ gốm","","10 nF","50 V","","","","Dạng dây","10 chiếc","","","","2,500đ","2500","2,700đ","2700","Còn hàng","Dây (10 chiếc)","CHINA","CHINA","C-107","Linh kiện điện tử","Tụ Gốm","453","16355","https://linhkienchatluong.vn/urltu-gom/tu-gom-103-10nf-50v-loai-tot-dong-day-10-chiec_sp453_ct16355.aspx","https://linhkienchatluong.vn/Uploads/pic/prods/Linh-kien-dien-tu/63841261605976909310471.jpg"
"41","2","Tụ gốm 472 4.7nF 50V loại tốt đóng dây (10c)","CL10470","Tụ gốm","","4.7 nF","50 V","","","","Dạng dây","10c","","","","2,500đ","2500","đ","","","Dây","CHINA","CHINA","C-107","Linh kiện điện tử","Tụ Gốm","453","16354","https://linhkienchatluong.vn/urltu-gom/tu-gom-472-47nf-50v-loai-tot-dong-day-10c_sp453_ct16354.aspx","https://linhkienchatluong.vn/Uploads/pic/prods/Linh-kien-dien-tu/63841261591032264010470.jpg"
"42","2","Tụ gốm 332 3.3nF 50V loại tốt đóng dây (10c)","CL10469","Tụ gốm","","3.3 nF","50 V","","","","Dạng dây","10c","","","","2,500đ","2500","đ","","","Dây","CHINA","CHINA","C-106","Linh kiện điện tử","Tụ Gốm","453","16353","https://linhkienchatluong.vn/urltu-gom/tu-gom-332-33nf-50v-loai-tot-dong-day-10c_sp453_ct16353.aspx","https://linhkienchatluong.vn/Uploads/pic/prods/Linh-kien-dien-tu/63841261571158289710469.jpg"
"43","2","Tụ gốm 222 2.2nF 50V loại tốt đóng dây (10c)","CL10468","Tụ gốm","","2.2 nF","50 V","","","","Dạng dây","10c","","","","2,500đ","2500","đ","","","Dây (10 chiếc)","CHINA","CHINA","C-106","Linh kiện điện tử","Tụ Gốm","453","16352","https://linhkienchatluong.vn/urltu-gom/tu-gom-222-22nf-50v-loai-tot-dong-day-10c_sp453_ct16352.aspx","https://linhkienchatluong.vn/Uploads/pic/prods/Linh-kien-dien-tu/63862937697564704210468.jpg"
"44","2","Tụ gốm 102 1nF 50V loại tốt đóng dây (10 chiếc)","NM01068","Tụ gốm","","1 nF","50 V","","","","Dạng dây","10 chiếc","","","","2,500đ","2500","2,700đ","2700","","Dây (10 chiếc)","CHINA","CHINA","C-106","Linh kiện điện tử","Tụ Gốm","453","16351","https://linhkienchatluong.vn/urltu-gom/tu-gom-102-1nf-50v-loai-tot-dong-day-10-chiec_sp453_ct16351.aspx","https://linhkienchatluong.vn/Uploads/pic/prods/Linh-kien-dien-tu/63841261539075377310467.jpg"
"45","2","Tụ gốm 471 470pF 50V loại tốt đóng dây (10c)","CL10466","Tụ gốm","","470 pF","50 V","","","","Dạng dây","10c","","","","2,500đ","2500","đ","","","Dây","CHINA","CHINA","C-106","Linh kiện điện tử","Tụ Gốm","453","16350","https://linhkienchatluong.vn/urltu-gom/tu-gom-471-470pf-50v-loai-tot-dong-day-10c_sp453_ct16350.aspx","https://linhkienchatluong.vn/Uploads/pic/prods/Linh-kien-dien-tu/63841261508014276410466.jpg"
"46","2","Tụ gốm 331 330pF 50V loại tốt đóng dây (10c)","CL10465","Tụ gốm","","330 pF","50 V","","","","Dạng dây","10c","","","","2,500đ","2500","đ","","","Dây","CHINA","CHINA","C-105","Linh kiện điện tử","Tụ Gốm","453","16349","https://linhkienchatluong.vn/urltu-gom/tu-gom-331-330pf-50v-loai-tot-dong-day-10c_sp453_ct16349.aspx","https://linhkienchatluong.vn/Uploads/pic/prods/Linh-kien-dien-tu/63841261482843085210465.jpg"
"47","2","Tụ gốm 221 220pF 50V loại tốt đóng dây (10c)","CL10464","Tụ gốm","","220 pF","50 V","","","","Dạng dây","10c","","","","2,500đ","2500","đ","","","Dây","CHINA","CHINA","C-105","Linh kiện điện tử","Tụ Gốm","453","16348","https://linhkienchatluong.vn/urltu-gom/tu-gom-221-220pf-50v-loai-tot-dong-day-10c_sp453_ct16348.aspx","https://linhkienchatluong.vn/Uploads/pic/prods/Linh-kien-dien-tu/63841261470572906810464.jpg"
"48","2","Tụ gốm 151 150pF 50V loại tốt đóng dây (10c)","CL10463","Tụ gốm","","150 pF","50 V","","","","Dạng dây","10c","","","","2,500đ","2500","đ","","","Dây","CHINA","CHINA","C-105","Linh kiện điện tử","Tụ Gốm","453","16347","https://linhkienchatluong.vn/urltu-gom/tu-gom-151-150pf-50v-loai-tot-dong-day-10c_sp453_ct16347.aspx","https://linhkienchatluong.vn/Uploads/pic/prods/Linh-kien-dien-tu/63841261454977178210463.jpg"
"49","2","Tụ gốm 101 100pF 50V loại tốt đóng dây (10c)","CL10462","Tụ gốm","","100 pF","50 V","","","","Dạng dây","10c","","","","2,500đ","2500","đ","","","Dây","CHINA","CHINA","C-105","Linh kiện điện tử","Tụ Gốm","453","16346","https://linhkienchatluong.vn/urltu-gom/tu-gom-101-100pf-50v-loai-tot-dong-day-10c_sp453_ct16346.aspx","https://linhkienchatluong.vn/Uploads/pic/prods/Linh-kien-dien-tu/63841261441762730610462.jpg"
"50","2","Tụ gốm 47pF 50V loại tốt đóng dây (10c)","CL10461","Tụ gốm","","47 pF","50 V","","","","Dạng dây","10c","","","","2,500đ","2500","đ","","","Dây","CHINA","CHINA","C-104","Linh kiện điện tử","Tụ Gốm","453","16345","https://linhkienchatluong.vn/urltu-gom/tu-gom-47pf-50v-loai-tot-dong-day-10c_sp453_ct16345.aspx","https://linhkienchatluong.vn/Uploads/pic/prods/Linh-kien-dien-tu/63841261429548917810461.jpg"
"51","2","Tụ gốm 33pF 50V loại tốt đóng dây (10c)","CL10460","Tụ gốm","","33 pF","50 V","","","","Dạng dây","10c","","","","2,500đ","2500","đ","","","Dây","CHINA","CHINA","C-104","Linh kiện điện tử","Tụ Gốm","453","16344","https://linhkienchatluong.vn/urltu-gom/tu-gom-33pf-50v-loai-tot-dong-day-10c_sp453_ct16344.aspx","https://linhkienchatluong.vn/Uploads/pic/prods/Linh-kien-dien-tu/63841261415597271110460.jpg"
"52","2","Tụ gốm 22pF 50V loại tốt đóng dây (10 chiếc)","NM02173","Tụ gốm","","22 pF","50 V","","","","Dạng dây","10 chiếc","","","","3,000đ","3000","3,240đ","3240","Còn hàng","Dây (10 chiếc)","CHINA","CHINA","C-104","Linh kiện điện tử","Tụ Gốm","453","16343","https://linhkienchatluong.vn/urltu-gom/tu-gom-22pf-50v-loai-tot-dong-day-10-chiec_sp453_ct16343.aspx","https://linhkienchatluong.vn/Uploads/pic/prods/Linh-kien-dien-tu/63841261401803864710459.jpg"
"53","2","Tụ gốm 10pF 50V loại tốt đóng dây (10c)","CL10458","Tụ gốm","","10 pF","50 V","","","","Dạng dây","10c","","","","2,500đ","2500","đ","","","Dây","CHINA","CHINA","C-104","Linh kiện điện tử","Tụ Gốm","453","16342","https://linhkienchatluong.vn/urltu-gom/tu-gom-10pf-50v-loai-tot-dong-day-10c_sp453_ct16342.aspx","https://linhkienchatluong.vn/Uploads/pic/prods/Linh-kien-dien-tu/63841261383522442310458.jpg"
"54","2","Tụ bếp từ 0.12uF 630VAC 1200VDC 31mm loại đứng màu xanh chính hãng BM","NM02772","Tụ bếp từ","","0.12 uF","630 VAC | 1200 VDC","31mm","","","","","Bếp từ","BM","Màu xanh","10,000đ","10000","10,800đ","10800","Còn hàng","Chiếc","BM","Chính hãng","TA-016A","Linh kiện điện tử","Tụ Bếp Từ","710","16289","https://linhkienchatluong.vn/urltu-bep-tu/tu-bep-tu-012uf-630vac-1200vdc-31mm-loai-dung-mau-xanh-chinh-hang-bm_sp710_ct16289.aspx","https://linhkienchatluong.vn/Uploads/pic/prods/Linh-kien-dien-tu/63840590836014584276e0193d-eb14-4c4d-8ba9-1abd89f382c6.jpg"
"55","2","Tụ lọc nguồn AC 0.68uF 275VAC chân 22mm Tenta","CL10384","Tụ lọc nguồn","","0.68 uF","275 VAC","22mm","","","","","Lọc nguồn","","","2,200đ","2200","đ","","","Chiếc","CHINA","CHINA","C-125","Linh kiện điện tử","Tụ An Toàn - Tụ Lọc Nguồn","456","16282","https://linhkienchatluong.vn/urltu-an-toan---tu-loc-nguon/tu-loc-nguon-ac-068uf-275vac-chan-22mm-tenta_sp456_ct16282.aspx","https://linhkienchatluong.vn/Uploads/pic/prods/Linh-kien-dien-tu/63841007719392707510384.jpg"
"56","2","Tụ CBB 2000V 474J 470nF 0.47uF 25mm","CL10225","Tụ CBB","474J","470 nF | 0.47 uF","2000 V","25mm","","J","","","","","","12,500đ","12500","đ","","","Chiếc","CHINA","CHINA","C-095A","Linh kiện điện tử","Tụ CBB - Tụ Kẹo","459","16122","https://linhkienchatluong.vn/urltu-cbb---tu-keo/tu-cbb-2000v-474j-470nf-047uf-25mm_sp459_ct16122.aspx","https://linhkienchatluong.vn/Uploads/pic/prods/Linh-kien-dien-tu/63838680859257523910225.jpg"
"57","2","Tụ CBB 2000V 334J 330nF 0.33uF 27.5mm","CL10224","Tụ CBB","334J","330 nF | 0.33 uF","2000 V","27.5mm","","J","","","","","","10,500đ","10500","đ","","Còn hàng","Chiếc","CHINA","CHINA","C-097","Linh kiện điện tử","Tụ CBB - Tụ Kẹo","459","16121","https://linhkienchatluong.vn/urltu-cbb---tu-keo/tu-cbb-2000v-334j-330nf-033uf-275mm_sp459_ct16121.aspx","https://linhkienchatluong.vn/Uploads/pic/prods/Linh-kien-dien-tu/63838680841489085710224.jpg"
"58","2","Tụ CBB 2000V 224J 220nF 0.22uF 27.5mm","NM02260","Tụ CBB","224J","220 nF | 0.22 uF","2000 V","27.5mm","","J","","","","","","10,000đ","10000","10,800đ","10800","Còn hàng","Chiếc","CHINA","CHINA","C-096","Linh kiện điện tử","Tụ CBB - Tụ Kẹo","459","16120","https://linhkienchatluong.vn/urltu-cbb---tu-keo/tu-cbb-2000v-224j-220nf-022uf-275mm_sp459_ct16120.aspx","https://linhkienchatluong.vn/Uploads/pic/prods/Linh-kien-dien-tu/63844800729577653310223.jpg"
"59","2","Tụ CBB 2000V 104J 100nF 0.1uF 27.5mm","CL10222","Tụ CBB","104J","100 nF | 0.1 uF","2000 V","27.5mm","","J","","","","","","8,000đ","8000","đ","","","Chiếc","CHINA","CHINA","C-096","Linh kiện điện tử","Tụ CBB - Tụ Kẹo","459","16119","https://linhkienchatluong.vn/urltu-cbb---tu-keo/tu-cbb-2000v-104j-100nf-01uf-275mm_sp459_ct16119.aspx","https://linhkienchatluong.vn/Uploads/pic/prods/Linh-kien-dien-tu/63838680808176871510222.jpg"
"60","2","Tụ quạt 2uF 450VAC SENJU chân hàn mạch PCB CBB61 loại tốt","NM03127","Tụ quạt","CBB61","2 uF","450 VAC","","","","Chân hàn | PCB","","Quạt","","","8,000đ","8000","8,640đ","8640","Còn hàng","Chiếc","SENJU","Chính hãng","TA-001","Linh kiện điện tử","Tụ đề - Tụ khởi động","992","15934","https://linhkienchatluong.vn/urltu-de---tu-khoi-dong/tu-quat-2uf-450vac-senju-chan-han-mach-pcb-cbb61-loai-tot_sp992_ct15934.aspx","https://linhkienchatluong.vn/Uploads/pic/prods/Linh-kien-dien-tu/63835655210340745510055.jpg"
"61","3","Tụ quạt 5uF 450VAC SENJU chân hàn mạch PCB CBB61 loại tốt","CL09941","Tụ quạt","CBB61","5 uF","450 VAC","","","","Chân hàn | PCB","","Quạt","","","13,000đ","13000","đ","","","Chiếc","SENJU","Chính hãng","TA-002","Linh kiện điện tử","Tụ đề - Tụ khởi động","992","15768","https://linhkienchatluong.vn/urltu-de---tu-khoi-dong/tu-quat-5uf-450vac-senju-chan-han-mach-pcb-cbb61-loai-tot_sp992_ct15768.aspx","https://linhkienchatluong.vn/Uploads/pic/prods/Linh-kien-dien-tu/63833140125575173509941.jpg"
"62","3","Tụ quạt 2.5uF 450VAC SENJU chân hàn mạch PCB CBB61 loại tốt","CL09940","Tụ quạt","CBB61","2.5 uF","450 VAC","","","","Chân hàn | PCB","","Quạt","","","8,500đ","8500","đ","","","Chiếc","SENJU","Chính hãng","TA-002","Linh kiện điện tử","Tụ đề - Tụ khởi động","992","15767","https://linhkienchatluong.vn/urltu-de---tu-khoi-dong/tu-quat-25uf-450vac-senju-chan-han-mach-pcb-cbb61-loai-tot_sp992_ct15767.aspx","https://linhkienchatluong.vn/Uploads/pic/prods/Linh-kien-dien-tu/63833140100407975609940.jpg"
"63","3","Tụ khởi động 8uF 450V CBB60 SENJU trắng","NM02397","","CBB60","8 uF","450 V","","","","","","Khởi động","","","36,000đ","36000","38,880đ","38880","Còn hàng","Chiếc","SENJU","CHINA","KH-02","Linh kiện điện tử","Tụ đề - Tụ khởi động","992","15669","https://linhkienchatluong.vn/urltu-de---tu-khoi-dong/tu-khoi-dong-8uf-450v-cbb60-senju-trang_sp992_ct15669.aspx","https://linhkienchatluong.vn/Uploads/pic/prods/Linh-kien-dien-tu/63875557502908193309852.jpg"
"64","3","Tụ khởi động 6uF 450V CBB60 SENJU trắng","CL09851","","CBB60","6 uF","450 V","","","","","","Khởi động","","","36,000đ","36000","đ","","","Chiếc","SENJU","Chính hãng","KH-01","Linh kiện điện tử","Tụ đề - Tụ khởi động","992","15668","https://linhkienchatluong.vn/urltu-de---tu-khoi-dong/tu-khoi-dong-6uf-450v-cbb60-senju-trang_sp992_ct15668.aspx","https://linhkienchatluong.vn/Uploads/pic/prods/Linh-kien-dien-tu/63874861895711845009851.jpg"
"65","3","Tụ khởi động 5uF 450V CBB60 SENJU trắng","NM03126","","CBB60","5 uF","450 V","","","","","","Khởi động","","","35,000đ","35000","37,800đ","37800","Còn hàng","Chiếc","SENJU","CHINA","KH-01","Linh kiện điện tử","Tụ đề - Tụ khởi động","992","15667","https://linhkienchatluong.vn/urltu-de---tu-khoi-dong/tu-khoi-dong-5uf-450v-cbb60-senju-trang_sp992_ct15667.aspx","https://linhkienchatluong.vn/Uploads/pic/prods/Linh-kien-dien-tu/63875557478498921409850.jpg"
"66","3","Tụ khởi động 4uF 450V CBB60 SENJU trắng","NM00638","","CBB60","4 uF","450 V","","","","","","Khởi động","","","32,000đ","32000","34,560đ","34560","Còn hàng","Chiếc","SENJU","CHINA","KH-01","Linh kiện điện tử","Tụ đề - Tụ khởi động","992","15666","https://linhkienchatluong.vn/urltu-de---tu-khoi-dong/tu-khoi-dong-4uf-450v-cbb60-senju-trang_sp992_ct15666.aspx","https://linhkienchatluong.vn/Uploads/pic/prods/Linh-kien-dien-tu/63875557443538056609849.jpg"
"67","3","Tụ chống sét Varistor V10471U 470V 10mm chính hãng Panasonic","CL09774","Tụ chống sét varistor","V10471U","","470 V","10mm","","","","","Chống sét","Panasonic","","3,500đ","3500","đ","","","Chiếc","PANASONIC","Tháo máy","C-116A","Linh kiện điện tử","Tụ chống sét - Varistor","1161","15553","https://linhkienchatluong.vn/urltu-chong-set---varistor/tu-chong-set-varistor-v10471u-470v-10mm-chinh-hang-panasonic_sp1161_ct15553.aspx","https://linhkienchatluong.vn/Uploads/pic/prods/Linh-kien-dien-tu/63830375265000661009774.jpg"
"68","3","Tụ block điều hòa 45uF 450V CBB65 chính hãng Mascotop","NM00846","","CBB65","45 uF","450 V","","","","","","Điều hòa | Block","Mascotop","","72,000đ","72000","77,760đ","77760","","Chiếc","Mascotop","Chính hãng","TU-02","Linh kiện điện tử","Tụ đề - Tụ khởi động","992","15248","https://linhkienchatluong.vn/urltu-de---tu-khoi-dong/tu-block-dieu-hoa-45uf-450v-cbb65-chinh-hang-mascotop_sp992_ct15248.aspx","https://linhkienchatluong.vn/Uploads/pic/prods/Linh-kien-dien-tu/63822362382567183809426.jpg"
"69","3","Tụ block điều hòa 20uF 450V CBB65 chính hãng Mascotop","CL09425","","CBB65","20 uF","450 V","","","","","","Điều hòa | Block","Mascotop","","45,000đ","45000","đ","","","Chiếc","Mascotop","Đang cập nhật","TU-02","Linh kiện điện tử","Tụ đề - Tụ khởi động","992","15247","https://linhkienchatluong.vn/urltu-de---tu-khoi-dong/tu-block-dieu-hoa-20uf-450v-cbb65-chinh-hang-mascotop_sp992_ct15247.aspx","https://linhkienchatluong.vn/Uploads/pic/prods/Linh-kien-dien-tu/63822362409494328309425.jpg"
"70","3","Tụ điều hòa Daikin 20uF 450VDC 28mm chính hãng Shizuki","NM00723","","","20 uF","450 VDC","28mm","","","","","Điều hòa","Shizuki","","57,000đ","57000","61,560đ","61560","","Chiếc","Shizuki","Chính hãng","TA-016A","Linh kiện điện tử","Tụ đề - Tụ khởi động","992","15104","https://linhkienchatluong.vn/urltu-de---tu-khoi-dong/tu-dieu-hoa-daikin-20uf-450vdc-28mm-chinh-hang-shizuki_sp992_ct15104.aspx","https://linhkienchatluong.vn/Uploads/pic/prods/Linh-kien-dien-tu/63818115263287443109279.jpg"
"71","3","Tụ chống sét Varistor V10241U chính hãng Panasonic (bảo vệ điện 110V)","CL09180","Tụ chống sét varistor","V10241U","","110 V","","","","","","Chống sét","Panasonic","","4,000đ","4000","đ","","","Chiếc","PANASONIC","Chính hãng","C-116A","Linh kiện điện tử","Tụ chống sét - Varistor","1161","14994","https://linhkienchatluong.vn/urltu-chong-set---varistor/tu-chong-set-varistor-v10241u-chinh-hang-panasonic-bao-ve-dien-110v_sp1161_ct14994.aspx","https://linhkienchatluong.vn/Uploads/pic/prods/Linh-kien-dien-tu/63845572998975451009180.jpg"
"72","3","Tụ bếp từ 3.3uF 275VAC 400VDC 31mm loại đứng màu xanh chính hãng BM","CL09064","Tụ bếp từ","","3.3 uF","275 VAC | 400 VDC","31mm","","","","","Bếp từ","BM","Màu xanh","10,000đ","10000","đ","","","Chiếc","BM","Chính hãng","TA-013","Linh kiện điện tử","Tụ Bếp Từ","710","14922","https://linhkienchatluong.vn/urltu-bep-tu/tu-bep-tu-33uf-275vac-400vdc-31mm-loai-dung-mau-xanh-chinh-hang-bm_sp710_ct14922.aspx","https://linhkienchatluong.vn/Uploads/pic/prods/Linh-kien-dien-tu/63810857589375360509064.jpg"
"73","3","Tụ hóa 250V 330uF 18x40mm JCCON Audio tần số cao","CL09017","","","330 uF","250 V","18x40mm","","","","","","","","11,500đ","11500","đ","","","Chiếc","JCCON","Chính hãng","C-040","Linh kiện điện tử","Tụ hóa có phân cực","1611","14874","https://linhkienchatluong.vn/urltu-hoa-co-phan-cuc/tu-hoa-250v-330uf-18x40mm-jccon-audio-tan-so-cao_sp1611_ct14874.aspx","https://linhkienchatluong.vn/Uploads/pic/prods/Linh-kien-dien-tu/63809111930326076609017.jpg"
"74","3","Tụ chống sét Varistor V10271U 270V 10mm chính hãng Panasonic đóng dây","CL08933","Tụ chống sét varistor","V10271U","","270 V","10mm","","","Dạng dây","","Chống sét","Panasonic","","3,500đ","3500","đ","","","Chiếc","PANASONIC","Đang cập nhật","C-118","Linh kiện điện tử","Tụ chống sét - Varistor","1161","14772","https://linhkienchatluong.vn/urltu-chong-set---varistor/tu-chong-set-varistor-v10271u-270v-10mm-chinh-hang-panasonic-dong-day_sp1161_ct14772.aspx","https://linhkienchatluong.vn/Uploads/pic/prods/Linh-kien-dien-tu/63873320507839731908933.jpg"
"75","3","Tụ dán 1206 330pF-331 0.33nF 50V 10% (10c)","CL08899","Tụ dán","","330 pF | 0.33 nF","50 V","","1206","","SMD/Dán","10c","","","","3,000đ","3000","đ","","","Dây (10 chiếc)","Đang cập nhật","Đang cập nhật","KE2-491","Linh kiện điện tử","Tụ dán 1206","1609","14742","https://linhkienchatluong.vn/urltu-dan-1206/tu-dan-1206-330pf-331-033nf-50v-10-10c_sp1609_ct14742.aspx","https://linhkienchatluong.vn/Uploads/pic/prods/Linh-kien-dien-tu/638209578904859578331.jpg"
"76","3","Tụ dán 1206 226-22uF 16V 10% (10c)","CLA3577","Tụ dán","226","22 uF","16 V","","1206","","SMD/Dán","10c","","","","10,000đ","10000","đ","","","Dây (10 chiếc)","Đang cập nhật","Đang cập nhật","KE2-514","Linh kiện điện tử","Tụ dán 1206","1609","14740","https://linhkienchatluong.vn/urltu-dan-1206/tu-dan-1206-226-22uf-16v-10-10c_sp1609_ct14740.aspx","https://linhkienchatluong.vn/Uploads/pic/prods/Linh-kien-dien-tu/638209579058645089226.jpg"
"77","3","Tụ dán 1206 106-10uF 16V 10% (10 chiếc)","NM03231","Tụ dán","106","10 uF","16 V","","1206","","SMD/Dán","10 chiếc","","","","6,000đ","6000","6,480đ","6480","Còn hàng","Dây (10 chiếc)","Đang cập nhật","Đang cập nhật","KE2-513","Linh kiện điện tử","Tụ dán 1206","1609","14738","https://linhkienchatluong.vn/urltu-dan-1206/tu-dan-1206-106-10uf-16v-10-10-chiec_sp1609_ct14738.aspx","https://linhkienchatluong.vn/Uploads/pic/prods/Linh-kien-dien-tu/638209579534193164106SS.jpg"
"78","3","Tụ dán 1206 475-4.7uF 50V 10% (10c)","CL06524","Tụ dán","475","4.7 uF","50 V","","1206","","SMD/Dán","10c","","","","7,500đ","7500","đ","","","Dây (10 chiếc)","Đang cập nhật","Đang cập nhật","KE2-512","Linh kiện điện tử","Tụ dán 1206","1609","14737","https://linhkienchatluong.vn/urltu-dan-1206/tu-dan-1206-475-47uf-50v-10-10c_sp1609_ct14737.aspx","https://linhkienchatluong.vn/Uploads/pic/prods/Linh-kien-dien-tu/638209579705584441475.jpg"
"79","3","Tụ dán 1206 335-3.3uF 16V 10% (10c)","CLA3574","Tụ dán","335","3.3 uF","16 V","","1206","","SMD/Dán","10c","","","","5,000đ","5000","đ","","","Dây (10 chiếc)","Đang cập nhật","Đang cập nhật","KE2-511","Linh kiện điện tử","Tụ dán 1206","1609","14736","https://linhkienchatluong.vn/urltu-dan-1206/tu-dan-1206-335-33uf-16v-10-10c_sp1609_ct14736.aspx","https://linhkienchatluong.vn/Uploads/pic/prods/Linh-kien-dien-tu/638209579879856959335.jpg"
"80","3","Tụ dán 1206 225-2.2uF 16V 10% (10c)","CLA3573","Tụ dán","225","2.2 uF","16 V","","1206","","SMD/Dán","10c","","","","7,000đ","7000","đ","","","Dây (10 chiếc)","Đang cập nhật","Đang cập nhật","KE2-510","Linh kiện điện tử","Tụ dán 1206","1609","14735","https://linhkienchatluong.vn/urltu-dan-1206/tu-dan-1206-225-22uf-16v-10-10c_sp1609_ct14735.aspx","https://linhkienchatluong.vn/Uploads/pic/prods/Linh-kien-dien-tu/638209580058926298225.jpg"
"81","3","Tụ dán 1206 105-1uF 25V 10% (10 chiếc)","NM01010","Tụ dán","105","1 uF","25 V","","1206","","SMD/Dán","10 chiếc","","","","5,000đ","5000","5,400đ","5400","","Dây (10 chiếc)","Đang cập nhật","Đang cập nhật","KE2-509","Linh kiện điện tử","Tụ dán 1206","1609","14733","https://linhkienchatluong.vn/urltu-dan-1206/tu-dan-1206-105-1uf-25v-10-10-chiec_sp1609_ct14733.aspx","https://linhkienchatluong.vn/Uploads/pic/prods/Linh-kien-dien-tu/638209580408199111105%20FH.jpg"
"82","3","Tụ dán 1206 684-680nF 0.68uF 50V (10c)","CLA3571","Tụ dán","684","680 nF | 0.68 uF","50 V","","1206","","SMD/Dán","10c","","","","13,000đ","13000","đ","","","Dây (10 chiếc)","Đang cập nhật","Đang cập nhật","KE2-508","Linh kiện điện tử","Tụ dán 1206","1609","14732","https://linhkienchatluong.vn/urltu-dan-1206/tu-dan-1206-684-680nf-068uf-50v-10c_sp1609_ct14732.aspx","https://linhkienchatluong.vn/Uploads/pic/prods/Linh-kien-dien-tu/638209580720637903684.jpg"
"83","3","Tụ dán 1206 474-470nF 0.47uF 50V 10% (10c)","CLA3515","Tụ dán","474","470 nF | 0.47 uF","50 V","","1206","","SMD/Dán","10c","","","","6,000đ","6000","đ","","","Dây (10 chiếc)","Đang cập nhật","Đang cập nhật","KE2-507","Linh kiện điện tử","Tụ dán 1206","1609","14731","https://linhkienchatluong.vn/urltu-dan-1206/tu-dan-1206-474-470nf-047uf-50v-10-10c_sp1609_ct14731.aspx","https://linhkienchatluong.vn/Uploads/pic/prods/Linh-kien-dien-tu/638209581353532807474.jpg"
"84","3","Tụ dán 1206 334-330nF 0.33uF 50V 10% (10c)","CLA3570","Tụ dán","334","330 nF | 0.33 uF","50 V","","1206","","SMD/Dán","10c","","","","5,000đ","5000","đ","","","Dây (10 chiếc)","Đang cập nhật","Đang cập nhật","KE2-506","Linh kiện điện tử","Tụ dán 1206","1609","14730","https://linhkienchatluong.vn/urltu-dan-1206/tu-dan-1206-334-330nf-033uf-50v-10-10c_sp1609_ct14730.aspx","https://linhkienchatluong.vn/Uploads/pic/prods/Linh-kien-dien-tu/638209581501152727334.jpg"
"85","3","Tụ dán 1206 224-220nF 0.22uF 50V 10% (10c)","CLA3569","Tụ dán","224","220 nF | 0.22 uF","50 V","","1206","","SMD/Dán","10c","","","","5,000đ","5000","đ","","","Dây (10 chiếc)","Đang cập nhật","Đang cập nhật","KE2-505","Linh kiện điện tử","Tụ dán 1206","1609","14729","https://linhkienchatluong.vn/urltu-dan-1206/tu-dan-1206-224-220nf-022uf-50v-10-10c_sp1609_ct14729.aspx","https://linhkienchatluong.vn/Uploads/pic/prods/Linh-kien-dien-tu/638209581666114986224.jpg"
"86","3","Tụ dán 1206 154-150nF 0.15uF 50V (10c)","CLA3568","Tụ dán","154","150 nF | 0.15 uF","50 V","","1206","","SMD/Dán","10c","","","","4,000đ","4000","đ","","","Dây (10 chiếc)","Đang cập nhật","Đang cập nhật","-","Linh kiện điện tử","Tụ dán 1206","1609","14728","https://linhkienchatluong.vn/urltu-dan-1206/tu-dan-1206-154-150nf-015uf-50v-10c_sp1609_ct14728.aspx","https://linhkienchatluong.vn/Uploads/pic/prods/Linh-kien-dien-tu/638209581830162223154.jpg"
"87","3","Tụ dán 1206 104-100nF 0.1uF 50V 10% (10 chiếc)","NM01009","Tụ dán","104","100 nF | 0.1 uF","50 V","","1206","","SMD/Dán","10 chiếc","","","","3,500đ","3500","3,780đ","3780","","Dây (10 chiếc)","Đang cập nhật","Đang cập nhật","KE2-504","Linh kiện điện tử","Tụ dán 1206","1609","14727","https://linhkienchatluong.vn/urltu-dan-1206/tu-dan-1206-104-100nf-01uf-50v-10-10-chiec_sp1609_ct14727.aspx","https://linhkienchatluong.vn/Uploads/pic/prods/Linh-kien-dien-tu/638209578723551540104FH.jpg"
"88","3","Tụ dán 1206 473-47nF 0.047uF 50V 10% (10c)","CLA3567","Tụ dán","473","47 nF | 0.047 uF","50 V","","1206","","SMD/Dán","10c","","","","5,000đ","5000","đ","","","Dây (10 chiếc)","Đang cập nhật","Đang cập nhật","KE2-503","Linh kiện điện tử","Tụ dán 1206","1609","14726","https://linhkienchatluong.vn/urltu-dan-1206/tu-dan-1206-473-47nf-0047uf-50v-10-10c_sp1609_ct14726.aspx","https://linhkienchatluong.vn/Uploads/pic/prods/Linh-kien-dien-tu/638209582003212599473.jpg"
"89","3","Tụ dán 1206 333-33nF 0.033uF 50V 10% (10c)","CLA3566","Tụ dán","333","33 nF | 0.033 uF","50 V","","1206","","SMD/Dán","10c","","","","3,000đ","3000","đ","","","Dây (10 chiếc)","Đang cập nhật","Đang cập nhật","KE2-502","Linh kiện điện tử","Tụ dán 1206","1609","14725","https://linhkienchatluong.vn/urltu-dan-1206/tu-dan-1206-333-33nf-0033uf-50v-10-10c_sp1609_ct14725.aspx","https://linhkienchatluong.vn/Uploads/pic/prods/Linh-kien-dien-tu/638209582166618764333%20SS.jpg"
"90","3","Tụ dán 1206 223-22nF 0.022uF 50V 10% (10c)","CLA3565","Tụ dán","223","22 nF | 0.022 uF","50 V","","1206","","SMD/Dán","10c","","","","4,000đ","4000","đ","","","Dây (10 chiếc)","Fenghua","Chính hãng","KE2-501","Linh kiện điện tử","Tụ dán 1206","1609","14724","https://linhkienchatluong.vn/urltu-dan-1206/tu-dan-1206-223-22nf-0022uf-50v-10-10c_sp1609_ct14724.aspx","https://linhkienchatluong.vn/Uploads/pic/prods/Linh-kien-dien-tu/638209582350079927223.jpg"
"91","4","Tụ dán 1206 103-10nF 0.01uF 50V 10% (10c)","CLA3513","Tụ dán","103","10 nF | 0.01 uF","50 V","","1206","","SMD/Dán","10c","","","","4,000đ","4000","đ","","","Dây (10 chiếc)","Đang cập nhật","Đang cập nhật","KE2-500","Linh kiện điện tử","Tụ dán 1206","1609","14723","https://linhkienchatluong.vn/urltu-dan-1206/tu-dan-1206-103-10nf-001uf-50v-10-10c_sp1609_ct14723.aspx","https://linhkienchatluong.vn/Uploads/pic/prods/Linh-kien-dien-tu/638209582514032515103.jpg"
"92","4","Tụ dán 1206 682-6.8nF 6800pF 50V 10% (10c)","CLA3564","Tụ dán","682","6.8 nF | 6800 pF","50 V","","1206","","SMD/Dán","10c","","","","4,000đ","4000","đ","","","Dây (10 chiếc)","Đang cập nhật","Đang cập nhật","KE2-499","Linh kiện điện tử","Tụ dán 1206","1609","14722","https://linhkienchatluong.vn/urltu-dan-1206/tu-dan-1206-682-68nf-6800pf-50v-10-10c_sp1609_ct14722.aspx","https://linhkienchatluong.vn/Uploads/pic/prods/Linh-kien-dien-tu/638209582941722115682.jpg"
"93","4","Tụ dán 1206 472-4.7nF 0.0047uF 4700pF 50V (10c)","CLA3512","Tụ dán","472","4.7 nF | 0.0047 uF | 4700 pF","50 V","","1206","","SMD/Dán","10c","","","","5,000đ","5000","đ","","","Dây (10 chiếc)","Đang cập nhật","Đang cập nhật","KE2-498","Linh kiện điện tử","Tụ dán 1206","1609","14721","https://linhkienchatluong.vn/urltu-dan-1206/tu-dan-1206-472-47nf-00047uf-4700pf-50v-10c_sp1609_ct14721.aspx","https://linhkienchatluong.vn/Uploads/pic/prods/Linh-kien-dien-tu/638209578565067315472.jpg"
"94","4","Tụ dán 1206 332-3.3nF 0.0033uF 3300pF 50V (10c)","CLA3563","Tụ dán","332","3.3 nF | 0.0033 uF | 3300 pF","50 V","","1206","","SMD/Dán","10c","","","","4,000đ","4000","đ","","","Dây (10 chiếc)","Đang cập nhật","Đang cập nhật","KE2-497","Linh kiện điện tử","Tụ dán 1206","1609","14720","https://linhkienchatluong.vn/urltu-dan-1206/tu-dan-1206-332-33nf-00033uf-3300pf-50v-10c_sp1609_ct14720.aspx","https://linhkienchatluong.vn/Uploads/pic/prods/Linh-kien-dien-tu/638209578380760908332.jpg"
"95","4","Tụ dán 1206 222-2.2nF 0.0022uF 2200pF 50V (10c)","CLA3511","Tụ dán","222","2.2 nF | 0.0022 uF | 2200 pF","50 V","","1206","","SMD/Dán","10c","","","","3,000đ","3000","đ","","","Dây (10 chiếc)","Đang cập nhật","Đang cập nhật","KE2-496","Linh kiện điện tử","Tụ dán 1206","1609","14719","https://linhkienchatluong.vn/urltu-dan-1206/tu-dan-1206-222-22nf-00022uf-2200pf-50v-10c_sp1609_ct14719.aspx","https://linhkienchatluong.vn/Uploads/pic/prods/Linh-kien-dien-tu/638209583110059233222.jpg"
"96","4","Tụ dán 1206 152-1.5nF 1500pF 50V 10% (10c)","CLA3562","Tụ dán","152","1.5 nF | 1500 pF","50 V","","1206","","SMD/Dán","10c","","","","4,000đ","4000","đ","","","Dây (10 chiếc)","Đang cập nhật","Đang cập nhật","KE2-495","Linh kiện điện tử","Tụ dán 1206","1609","14718","https://linhkienchatluong.vn/urltu-dan-1206/tu-dan-1206-152-15nf-1500pf-50v-10-10c_sp1609_ct14718.aspx","https://linhkienchatluong.vn/Uploads/pic/prods/Linh-kien-dien-tu/638209583272535980152.jpg"
"97","4","Tụ dán 1206 102-1nF 1000pF 50V 10% (10c)","CLA1316","Tụ dán","102","1 nF | 1000 pF","50 V","","1206","","SMD/Dán","10c","","","","4,000đ","4000","đ","","","Dây (10 chiếc)","Đang cập nhật","Đang cập nhật","KE2-494","Linh kiện điện tử","Tụ dán 1206","1609","14717","https://linhkienchatluong.vn/urltu-dan-1206/tu-dan-1206-102-1nf-1000pf-50v-10-10c_sp1609_ct14717.aspx","https://linhkienchatluong.vn/Uploads/pic/prods/Linh-kien-dien-tu/638209583429111417102.jpg"
"98","4","Tụ dán 1206 681-680pF 0.68nF 50V 10% (10c)","CLA3561","Tụ dán","681","680 pF | 0.68 nF","50 V","","1206","","SMD/Dán","10c","","","","4,000đ","4000","đ","","","Dây (10 chiếc)","Đang cập nhật","Đang cập nhật","KE2-493","Linh kiện điện tử","Tụ dán 1206","1609","14716","https://linhkienchatluong.vn/urltu-dan-1206/tu-dan-1206-681-680pf-068nf-50v-10-10c_sp1609_ct14716.aspx","https://linhkienchatluong.vn/Uploads/pic/prods/Linh-kien-dien-tu/638209583575562670681.jpg"
"99","4","Tụ dán 1206 471-470pF 0.47nF 50V 10% (10c)","CLA3560","Tụ dán","471","470 pF | 0.47 nF","50 V","","1206","","SMD/Dán","10c","","","","4,000đ","4000","đ","","","Dây (10 chiếc)","Đang cập nhật","Đang cập nhật","KE2-492","Linh kiện điện tử","Tụ dán 1206","1609","14715","https://linhkienchatluong.vn/urltu-dan-1206/tu-dan-1206-471-470pf-047nf-50v-10-10c_sp1609_ct14715.aspx","https://linhkienchatluong.vn/Uploads/pic/prods/Linh-kien-dien-tu/638209583793185650471.jpg"
"100","4","Tụ dán 1206 221-220pF 0.22nF 50V 10% (10c)","CLA3510","Tụ dán","221","220 pF | 0.22 nF","50 V","","1206","","SMD/Dán","10c","","","","3,000đ","3000","đ","","","Dây (10 chiếc)","Đang cập nhật","Đang cập nhật","KE2-490","Linh kiện điện tử","Tụ dán 1206","1609","14714","https://linhkienchatluong.vn/urltu-dan-1206/tu-dan-1206-221-220pf-022nf-50v-10-10c_sp1609_ct14714.aspx","https://linhkienchatluong.vn/Uploads/pic/prods/Linh-kien-dien-tu/638209584032752754221.jpg"
"101","4","Tụ dán 1206 101-100pF 0.1nF 50V 5% (10c)","CLA3559","Tụ dán","101","100 pF | 0.1 nF","50 V","","1206","","SMD/Dán","10c","","","","2,500đ","2500","đ","","","Dây (10 chiếc)","Đang cập nhật","Đang cập nhật","KE2-489","Linh kiện điện tử","Tụ dán 1206","1609","14713","https://linhkienchatluong.vn/urltu-dan-1206/tu-dan-1206-101-100pf-01nf-50v-5-10c_sp1609_ct14713.aspx","https://linhkienchatluong.vn/Uploads/pic/prods/Linh-kien-dien-tu/638209584202281380101.jpg"
"102","4","Tụ dán 1206 51pF 50V 5% (10c)","CLA3556","Tụ dán","","51 pF","50 V","","1206","","SMD/Dán","10c","","","","4,000đ","4000","đ","","","Dây (10 chiếc)","Đang cập nhật","Đang cập nhật","KE2-488","Linh kiện điện tử","Tụ dán 1206","1609","14712","https://linhkienchatluong.vn/urltu-dan-1206/tu-dan-1206-51pf-50v-5-10c_sp1609_ct14712.aspx","https://linhkienchatluong.vn/Uploads/pic/prods/Linh-kien-dien-tu/63820958434337191651pF.jpg"
"103","4","Tụ dán 1206 47pF 50V (10c)","CLA3555","Tụ dán","","47 pF","50 V","","1206","","SMD/Dán","10c","","","","3,000đ","3000","đ","","","Dây (10 chiếc)","Đang cập nhật","Đang cập nhật","KE2-487","Linh kiện điện tử","Tụ dán 1206","1609","14711","https://linhkienchatluong.vn/urltu-dan-1206/tu-dan-1206-47pf-50v-10c_sp1609_ct14711.aspx","https://linhkienchatluong.vn/Uploads/pic/prods/Linh-kien-dien-tu/63820958629587585747pF.jpg"
"104","4","Tụ dán 1206 33pF 50V 5% (10c)","CLA3554","Tụ dán","","33 pF","50 V","","1206","","SMD/Dán","10c","","","","3,000đ","3000","đ","","","Dây (10 chiếc)","Đang cập nhật","Đang cập nhật","KE2-486","Linh kiện điện tử","Tụ dán 1206","1609","14710","https://linhkienchatluong.vn/urltu-dan-1206/tu-dan-1206-33pf-50v-5-10c_sp1609_ct14710.aspx","https://linhkienchatluong.vn/Uploads/pic/prods/Linh-kien-dien-tu/63820958613521648833pF.jpg"
"105","4","Tụ dán 1206 30pF 50V (10c)","CLA3553","Tụ dán","","30 pF","50 V","","1206","","SMD/Dán","10c","","","","3,000đ","3000","đ","","","Dây (10 chiếc)","Đang cập nhật","Đang cập nhật","KE2-485","Linh kiện điện tử","Tụ dán 1206","1609","14709","https://linhkienchatluong.vn/urltu-dan-1206/tu-dan-1206-30pf-50v-10c_sp1609_ct14709.aspx","https://linhkienchatluong.vn/Uploads/pic/prods/Linh-kien-dien-tu/63820958596031305730pF.jpg"
"106","4","Tụ dán 1206 22pF 50V 5% (10c)","CL06195","Tụ dán","","22 pF","50 V","","1206","","SMD/Dán","10c","","","","4,000đ","4000","đ","","","Dây (10 chiếc)","Đang cập nhật","Đang cập nhật","KE2-484","Linh kiện điện tử","Tụ dán 1206","1609","14708","https://linhkienchatluong.vn/urltu-dan-1206/tu-dan-1206-22pf-50v-5-10c_sp1609_ct14708.aspx","https://linhkienchatluong.vn/Uploads/pic/prods/Linh-kien-dien-tu/63820958578358009222pF.jpg"
"107","4","Tụ dán 1206 15pF 50V 5% (10c)","CLA3508","Tụ dán","","15 pF","50 V","","1206","","SMD/Dán","10c","","","","4,000đ","4000","đ","","","Dây (10 chiếc)","Đang cập nhật","Đang cập nhật","KE2-483","Linh kiện điện tử","Tụ dán 1206","1609","14706","https://linhkienchatluong.vn/urltu-dan-1206/tu-dan-1206-15pf-50v-5-10c_sp1609_ct14706.aspx","https://linhkienchatluong.vn/Uploads/pic/prods/Linh-kien-dien-tu/63820958526085317615pF%2050V.jpg"
"108","4","Tụ dán 1206 10pF 50V 5% (10c)","CLA3507","Tụ dán","","10 pF","50 V","","1206","","SMD/Dán","10c","","","","4,000đ","4000","đ","","","Dây (10 chiếc)","Đang cập nhật","Đang cập nhật","KE2-482","Linh kiện điện tử","Tụ dán 1206","1609","14705","https://linhkienchatluong.vn/urltu-dan-1206/tu-dan-1206-10pf-50v-5-10c_sp1609_ct14705.aspx","https://linhkienchatluong.vn/Uploads/pic/prods/Linh-kien-dien-tu/63820958459112620410pF.jpg"
"109","4","Tụ dán 0805 106-10uF 25V 10% (10 chiếc)","NM00759","Tụ dán","106","10 uF","25 V","","0805","","SMD/Dán","10 chiếc","","","","3,500đ","3500","3,780đ","3780","Còn hàng","Dây (10 chiếc)","Đang cập nhật","Đang cập nhật","KE2-480","Linh kiện điện tử","Tụ dán 0805","1608","14702","https://linhkienchatluong.vn/urltu-dan-0805/tu-dan-0805-106-10uf-25v-10-10-chiec_sp1608_ct14702.aspx","https://linhkienchatluong.vn/Uploads/pic/prods/Linh-kien-dien-tu/638209539601833935106.jpg"
"110","4","Tụ dán 0805 475-4.7uF 4700nF 25V 10% (10c)","CL07291","Tụ dán","475","4.7 uF | 4700 nF","25 V","","0805","","SMD/Dán","10c","","","","5,000đ","5000","đ","","","Dây (10 chiếc)","Đang cập nhật","Đang cập nhật","KE2-479","Linh kiện điện tử","Tụ dán 0805","1608","14701","https://linhkienchatluong.vn/urltu-dan-0805/tu-dan-0805-475-47uf-4700nf-25v-10-10c_sp1608_ct14701.aspx","https://linhkienchatluong.vn/Uploads/pic/prods/Linh-kien-dien-tu/638209550486402690475%20FH.jpg"
"111","4","Tụ dán 0805 335-3.3uF 16V 10% Fenghua (10c)","CL07293","Tụ dán","335","3.3 uF","16 V","","0805","","SMD/Dán","10c","","","","9,500đ","9500","đ","","","Dây (10 chiếc)","Đang cập nhật","Đang cập nhật","-","Linh kiện điện tử","Tụ dán 0805","1608","14699","https://linhkienchatluong.vn/urltu-dan-0805/tu-dan-0805-335-33uf-16v-10-fenghua-10c_sp1608_ct14699.aspx","https://linhkienchatluong.vn/Uploads/pic/prods/Linh-kien-dien-tu/638209550306809722335%20FH.jpg"
"112","4","Tụ dán 0805 335-3.3uF 25V 10% (10c)","CLA3550","Tụ dán","335","3.3 uF","25 V","","0805","","SMD/Dán","10c","","","","6,000đ","6000","đ","","","Dây (10 chiếc)","Đang cập nhật","Đang cập nhật","KE2-478","Linh kiện điện tử","Tụ dán 0805","1608","14698","https://linhkienchatluong.vn/urltu-dan-0805/tu-dan-0805-335-33uf-25v-10-10c_sp1608_ct14698.aspx","https://linhkienchatluong.vn/Uploads/pic/prods/Linh-kien-dien-tu/638209539792856846335.jpg"
"113","4","Tụ dán 0805 225-2.2uF 2200nF 25V 10% (10 chiếc)","NM01008","Tụ dán","225","2.2 uF | 2200 nF","25 V","","0805","","SMD/Dán","10 chiếc","","","","4,000đ","4000","4,320đ","4320","Còn hàng","Dây (10 chiếc)","Đang cập nhật","Đang cập nhật","KE2-477","Linh kiện điện tử","Tụ dán 0805","1608","14697","https://linhkienchatluong.vn/urltu-dan-0805/tu-dan-0805-225-22uf-2200nf-25v-10-10-chiec_sp1608_ct14697.aspx","https://linhkienchatluong.vn/Uploads/pic/prods/Linh-kien-dien-tu/638209540746270649225.jpg"
"114","4","Tụ dán 0805 105 1uF 25V 10% (10 chiếc)","NM01006","Tụ dán","","1 uF","25 V","","0805","","SMD/Dán","10 chiếc","","","","3,000đ","3000","3,240đ","3240","","Dây (10 chiếc)","Đang cập nhật","Đang cập nhật","KE2-476","Linh kiện điện tử","Tụ dán 0805","1608","14696","https://linhkienchatluong.vn/urltu-dan-0805/tu-dan-0805-105-1uf-25v-10-10-chiec_sp1608_ct14696.aspx","https://linhkienchatluong.vn/Uploads/pic/prods/Linh-kien-dien-tu/638209540174167871105.jpg"
"115","4","Tụ dán 0805 474-470nF 0.47uF 50V (10c)","CLA3547","Tụ dán","474","470 nF | 0.47 uF","50 V","","0805","","SMD/Dán","10c","","","","4,000đ","4000","đ","","","Dây (10 chiếc)","Đang cập nhật","Đang cập nhật","KE2-475","Linh kiện điện tử","Tụ dán 0805","1608","14679","https://linhkienchatluong.vn/urltu-dan-0805/tu-dan-0805-474-470nf-047uf-50v-10c_sp1608_ct14679.aspx","https://linhkienchatluong.vn/Uploads/pic/prods/Linh-kien-dien-tu/638209540926933647474.jpg"
"116","4","Tụ dán 0805 334-330nF 0.33uF 50V (10c)","CLA3546","Tụ dán","334","330 nF | 0.33 uF","50 V","","0805","","SMD/Dán","10c","","","","3,500đ","3500","đ","","","Dây (10 chiếc)","Đang cập nhật","Đang cập nhật","KE2-474","Linh kiện điện tử","Tụ dán 0805","1608","14678","https://linhkienchatluong.vn/urltu-dan-0805/tu-dan-0805-334-330nf-033uf-50v-10c_sp1608_ct14678.aspx","https://linhkienchatluong.vn/Uploads/pic/prods/Linh-kien-dien-tu/638209541122297024334.jpg"
"117","4","Tụ dán 0805 224-220nF 0.22uF 50V 10% (10c)","CLA3545","Tụ dán","224","220 nF | 0.22 uF","50 V","","0805","","SMD/Dán","10c","","","","4,000đ","4000","đ","","","Dây (10 chiếc)","Đang cập nhật","Đang cập nhật","KE2-473","Linh kiện điện tử","Tụ dán 0805","1608","14677","https://linhkienchatluong.vn/urltu-dan-0805/tu-dan-0805-224-220nf-022uf-50v-10-10c_sp1608_ct14677.aspx","https://linhkienchatluong.vn/Uploads/pic/prods/Linh-kien-dien-tu/638209541292718612224.jpg"
"118","4","Tụ dán 0805 104-100nF 50V 10% (10 chiếc)","NM01005","Tụ dán","104","100 nF","50 V","","0805","","SMD/Dán","10 chiếc","","","","2,500đ","2500","2,700đ","2700","","Dây (10 chiếc)","Đang cập nhật","Đang cập nhật","KE2-472","Linh kiện điện tử","Tụ dán 0805","1608","14676","https://linhkienchatluong.vn/urltu-dan-0805/tu-dan-0805-104-100nf-50v-10-10-chiec_sp1608_ct14676.aspx","https://linhkienchatluong.vn/Uploads/pic/prods/Linh-kien-dien-tu/638209550134517432104FH.jpg"
"119","4","Tụ dán 0805 473-47nF 0.047uF 50V 10% (10c)","CLA3543","Tụ dán","473","47 nF | 0.047 uF","50 V","","0805","","SMD/Dán","10c","","","","3,000đ","3000","đ","","","Dây (10 chiếc)","Đang cập nhật","Đang cập nhật","KE2-471","Linh kiện điện tử","Tụ dán 0805","1608","14675","https://linhkienchatluong.vn/urltu-dan-0805/tu-dan-0805-473-47nf-0047uf-50v-10-10c_sp1608_ct14675.aspx","https://linhkienchatluong.vn/Uploads/pic/prods/Linh-kien-dien-tu/638209542949944571473.jpg"
"120","4","Tụ dán 0805 333-33nF 0.033uF 50V 10% (10c)","CLA3542","Tụ dán","333","33 nF | 0.033 uF","50 V","","0805","","SMD/Dán","10c","","","","2,500đ","2500","đ","","","Dây (10 chiếc)","Đang cập nhật","Đang cập nhật","KE2-470","Linh kiện điện tử","Tụ dán 0805","1608","14674","https://linhkienchatluong.vn/urltu-dan-0805/tu-dan-0805-333-33nf-0033uf-50v-10-10c_sp1608_ct14674.aspx","https://linhkienchatluong.vn/Uploads/pic/prods/Linh-kien-dien-tu/638209543121746950333.jpg"
"121","5","Tụ dán 0805 223-22nF 0.022uF 50V 10% (10c)","CLA3541","Tụ dán","223","22 nF | 0.022 uF","50 V","","0805","","SMD/Dán","10c","","","","2,200đ","2200","đ","","","Dây (10 chiếc)","Đang cập nhật","Đang cập nhật","KE2-469","Linh kiện điện tử","Tụ dán 0805","1608","14673","https://linhkienchatluong.vn/urltu-dan-0805/tu-dan-0805-223-22nf-0022uf-50v-10-10c_sp1608_ct14673.aspx","https://linhkienchatluong.vn/Uploads/pic/prods/Linh-kien-dien-tu/638209543394325347223.jpg"
"122","5","Tụ dán 0805 153-15nF 50V 10% (10c)","CLA3540","Tụ dán","153","15 nF","50 V","","0805","","SMD/Dán","10c","","","","1,900đ","1900","đ","","","Dây (10 chiếc)","Đang cập nhật","Đang cập nhật","KE2-468","Linh kiện điện tử","Tụ dán 0805","1608","14672","https://linhkienchatluong.vn/urltu-dan-0805/tu-dan-0805-153-15nf-50v-10-10c_sp1608_ct14672.aspx","https://linhkienchatluong.vn/Uploads/pic/prods/Linh-kien-dien-tu/638209539341842952153.jpg"
"123","5","Tụ dán 0805 103-10nF 50V 10% (10 chiếc)","NM01004","Tụ dán","103","10 nF","50 V","","0805","","SMD/Dán","10 chiếc","","","","2,500đ","2500","2,700đ","2700","","Dây (10 chiếc)","Đang cập nhật","Đang cập nhật","KE2-467","Linh kiện điện tử","Tụ dán 0805","1608","14671","https://linhkienchatluong.vn/urltu-dan-0805/tu-dan-0805-103-10nf-50v-10-10-chiec_sp1608_ct14671.aspx","https://linhkienchatluong.vn/Uploads/pic/prods/Linh-kien-dien-tu/638209538086249348103.jpg"
"124","5","Tụ dán 0805 682-6.8nF 6800pF 50V 10% (10c)","CLA3538","Tụ dán","682","6.8 nF | 6800 pF","50 V","","0805","","SMD/Dán","10c","","","","2,000đ","2000","đ","","","Dây (10 chiếc)","Đang cập nhật","Đang cập nhật","KE2-466","Linh kiện điện tử","Tụ dán 0805","1608","14670","https://linhkienchatluong.vn/urltu-dan-0805/tu-dan-0805-682-68nf-6800pf-50v-10-10c_sp1608_ct14670.aspx","https://linhkienchatluong.vn/Uploads/pic/prods/Linh-kien-dien-tu/638209537662074511682.jpg"
"125","5","Tụ dán 0805 472-4.7nF 4700pF 50V 10% (10c)","CLA3537","Tụ dán","472","4.7 nF | 4700 pF","50 V","","0805","","SMD/Dán","10c","","","","2,000đ","2000","đ","","","Dây (10 chiếc)","Đang cập nhật","Đang cập nhật","KE2-465","Linh kiện điện tử","Tụ dán 0805","1608","14669","https://linhkienchatluong.vn/urltu-dan-0805/tu-dan-0805-472-47nf-4700pf-50v-10-10c_sp1608_ct14669.aspx","https://linhkienchatluong.vn/Uploads/pic/prods/Linh-kien-dien-tu/638209537481361569472.jpg"
"126","5","Tụ dán 0805 332-3.3nF 3300pF 50V 10% (10c)","CLA3536","Tụ dán","332","3.3 nF | 3300 pF","50 V","","0805","","SMD/Dán","10c","","","","3,000đ","3000","đ","","","Dây (10 chiếc)","Đang cập nhật","Đang cập nhật","KE2-464","Linh kiện điện tử","Tụ dán 0805","1608","14668","https://linhkienchatluong.vn/urltu-dan-0805/tu-dan-0805-332-33nf-3300pf-50v-10-10c_sp1608_ct14668.aspx","https://linhkienchatluong.vn/Uploads/pic/prods/Linh-kien-dien-tu/638209537328519758332.jpg"
"127","5","Tụ dán 0805 222-2.2nF 2200pF 50V 10% (10c)","CLA3535","Tụ dán","222","2.2 nF | 2200 pF","50 V","","0805","","SMD/Dán","10c","","","","3,000đ","3000","đ","","","Dây (10 chiếc)","Đang cập nhật","Đang cập nhật","KE2-463","Linh kiện điện tử","Tụ dán 0805","1608","14667","https://linhkienchatluong.vn/urltu-dan-0805/tu-dan-0805-222-22nf-2200pf-50v-10-10c_sp1608_ct14667.aspx","https://linhkienchatluong.vn/Uploads/pic/prods/Linh-kien-dien-tu/638209537154401807222.jpg"
"128","5","Tụ dán 0805 152-1.5nF 1500pF 50V 10% (10c)","CLA3534","Tụ dán","152","1.5 nF | 1500 pF","50 V","","0805","","SMD/Dán","10c","","","","2,000đ","2000","đ","","","Dây (10 chiếc)","Đang cập nhật","Đang cập nhật","KE2-462","Linh kiện điện tử","Tụ dán 0805","1608","14666","https://linhkienchatluong.vn/urltu-dan-0805/tu-dan-0805-152-15nf-1500pf-50v-10-10c_sp1608_ct14666.aspx","https://linhkienchatluong.vn/Uploads/pic/prods/Linh-kien-dien-tu/638209536987220793152.jpg"
"129","5","Tụ dán 0805 102-1nF 1000pF 50V 10% (10 chiếc)","NM01003","Tụ dán","102","1 nF | 1000 pF","50 V","","0805","","SMD/Dán","10 chiếc","","","","2,500đ","2500","2,700đ","2700","","Dây (10 chiếc)","Đang cập nhật","Đang cập nhật","KE2-461","Linh kiện điện tử","Tụ dán 0805","1608","14665","https://linhkienchatluong.vn/urltu-dan-0805/tu-dan-0805-102-1nf-1000pf-50v-10-10-chiec_sp1608_ct14665.aspx","https://linhkienchatluong.vn/Uploads/pic/prods/Linh-kien-dien-tu/638209536833556568102.jpg"
"130","5","Tụ dán 0805 821-820pF 0.82nF 50V 10% (10c)","CLA4019","Tụ dán","821","820 pF | 0.82 nF","50 V","","0805","","SMD/Dán","10c","","","","2,000đ","2000","đ","","","Dây (10 chiếc)","Đang cập nhật","Đang cập nhật","KE2-460","Linh kiện điện tử","Tụ dán 0805","1608","14664","https://linhkienchatluong.vn/urltu-dan-0805/tu-dan-0805-821-820pf-082nf-50v-10-10c_sp1608_ct14664.aspx","https://linhkienchatluong.vn/Uploads/pic/prods/Linh-kien-dien-tu/638209536665311599821.jpg"
"131","5","Tụ dán 0805 681-680pF 0.68nF 50V 10% (10c)","CLA3532","Tụ dán","681","680 pF | 0.68 nF","50 V","","0805","","SMD/Dán","10c","","","","3,000đ","3000","đ","","","Dây (10 chiếc)","Đang cập nhật","Đang cập nhật","KE2-459","Linh kiện điện tử","Tụ dán 0805","1608","14663","https://linhkienchatluong.vn/urltu-dan-0805/tu-dan-0805-681-680pf-068nf-50v-10-10c_sp1608_ct14663.aspx","https://linhkienchatluong.vn/Uploads/pic/prods/Linh-kien-dien-tu/638209536492749213681.jpg"
"132","5","Tụ dán 0805 471-470pF 0.47nF 50V 10% (10c)","CLA3531","Tụ dán","471","470 pF | 0.47 nF","50 V","","0805","","SMD/Dán","10c","","","","2,000đ","2000","đ","","","Dây (10 chiếc)","Đang cập nhật","Đang cập nhật","KE2-458","Linh kiện điện tử","Tụ dán 0805","1608","14662","https://linhkienchatluong.vn/urltu-dan-0805/tu-dan-0805-471-470pf-047nf-50v-10-10c_sp1608_ct14662.aspx","https://linhkienchatluong.vn/Uploads/pic/prods/Linh-kien-dien-tu/638209536299405374471.jpg"
"133","5","Tụ dán 0805 331-330pF 0.33nF 50V 10% (10c)","CLA3530","Tụ dán","331","330 pF | 0.33 nF","50 V","","0805","","SMD/Dán","10c","","","","2,000đ","2000","đ","","","Dây (10 chiếc)","Đang cập nhật","Đang cập nhật","KE2-457","Linh kiện điện tử","Tụ dán 0805","1608","14661","https://linhkienchatluong.vn/urltu-dan-0805/tu-dan-0805-331-330pf-033nf-50v-10-10c_sp1608_ct14661.aspx","https://linhkienchatluong.vn/Uploads/pic/prods/Linh-kien-dien-tu/638209536101331270331.jpg"
"134","5","Tụ dán 0805 221-220pF 0.22nF 50V 10% (10c)","CLA3529","Tụ dán","221","220 pF | 0.22 nF","50 V","","0805","","SMD/Dán","10c","","","","2,000đ","2000","đ","","","Dây (10 chiếc)","Đang cập nhật","Đang cập nhật","KE2-456","Linh kiện điện tử","Tụ dán 0805","1608","14660","https://linhkienchatluong.vn/urltu-dan-0805/tu-dan-0805-221-220pf-022nf-50v-10-10c_sp1608_ct14660.aspx","https://linhkienchatluong.vn/Uploads/pic/prods/Linh-kien-dien-tu/638209535665889031221.jpg"
"135","5","Tụ dán 0805 181-180pF 0.18nF 50V (10 chiếc)","NM01007","Tụ dán","181","180 pF | 0.18 nF","50 V","","0805","","SMD/Dán","10 chiếc","","","","2,500đ","2500","2,700đ","2700","Còn hàng","Dây (10 chiếc)","Đang cập nhật","Đang cập nhật","KE2-455","Linh kiện điện tử","Tụ dán 0805","1608","14659","https://linhkienchatluong.vn/urltu-dan-0805/tu-dan-0805-181-180pf-018nf-50v-10-chiec_sp1608_ct14659.aspx","https://linhkienchatluong.vn/Uploads/pic/prods/Linh-kien-dien-tu/638209535491159513181.jpg"
"136","5","Tụ dán 0805 151-150pF 0.15nF 50V (10c)","CLA3527","Tụ dán","151","150 pF | 0.15 nF","50 V","","0805","","SMD/Dán","10c","","","","2,000đ","2000","đ","","","Dây (10 chiếc)","Đang cập nhật","Đang cập nhật","KE2-454","Linh kiện điện tử","Tụ dán 0805","1608","14658","https://linhkienchatluong.vn/urltu-dan-0805/tu-dan-0805-151-150pf-015nf-50v-10c_sp1608_ct14658.aspx","https://linhkienchatluong.vn/Uploads/pic/prods/Linh-kien-dien-tu/638209535310614163151.jpg"
"137","5","Tụ dán 0805 101-100pF 0.1nF 50V 5% (10c)","CLA1309","Tụ dán","101","100 pF | 0.1 nF","50 V","","0805","","SMD/Dán","10c","","","","3,000đ","3000","đ","","","Dây (10 chiếc)","Đang cập nhật","Đang cập nhật","KE2-453","Linh kiện điện tử","Tụ dán 0805","1608","14657","https://linhkienchatluong.vn/urltu-dan-0805/tu-dan-0805-101-100pf-01nf-50v-5-10c_sp1608_ct14657.aspx","https://linhkienchatluong.vn/Uploads/pic/prods/Linh-kien-dien-tu/638209535108858697101.jpg"
"138","5","Tụ dán 0805 68pF 50V 5% (10c)","CLA3526","Tụ dán","","68 pF","50 V","","0805","","SMD/Dán","10c","","","","2,000đ","2000","đ","","","Dây (10 chiếc)","Đang cập nhật","Đang cập nhật","KE2-452","Linh kiện điện tử","Tụ dán 0805","1608","14656","https://linhkienchatluong.vn/urltu-dan-0805/tu-dan-0805-68pf-50v-5-10c_sp1608_ct14656.aspx","https://linhkienchatluong.vn/Uploads/pic/prods/Linh-kien-dien-tu/63820803979230266268pF%2050V.jpg"
"139","5","Tụ dán 0805 56pF 50V 5% (10c)","CLA3525","Tụ dán","","56 pF","50 V","","0805","","SMD/Dán","10c","","","","3,000đ","3000","đ","","","Dây (10 chiếc)","Đang cập nhật","Đang cập nhật","KE2-451","Linh kiện điện tử","Tụ dán 0805","1608","14655","https://linhkienchatluong.vn/urltu-dan-0805/tu-dan-0805-56pf-50v-5-10c_sp1608_ct14655.aspx","https://linhkienchatluong.vn/Uploads/pic/prods/Linh-kien-dien-tu/63820804041408110156pF.jpg"
"140","5","Tụ dán 0805 51pF 50V 5% (10c)","CLA3524","Tụ dán","","51 pF","50 V","","0805","","SMD/Dán","10c","","","","3,000đ","3000","đ","","","Dây (10 chiếc)","Đang cập nhật","Đang cập nhật","KE2-450","Linh kiện điện tử","Tụ dán 0805","1608","14654","https://linhkienchatluong.vn/urltu-dan-0805/tu-dan-0805-51pf-50v-5-10c_sp1608_ct14654.aspx","https://linhkienchatluong.vn/Uploads/pic/prods/Linh-kien-dien-tu/63820804065089075451pF%2050V.jpg"
"141","5","Tụ dán 0805 47pF 50V 5% (10c)","CLA1304","Tụ dán","","47 pF","50 V","","0805","","SMD/Dán","10c","","","","3,000đ","3000","đ","","","Dây (10 chiếc)","Đang cập nhật","Đang cập nhật","KE2-449","Linh kiện điện tử","Tụ dán 0805","1608","14653","https://linhkienchatluong.vn/urltu-dan-0805/tu-dan-0805-47pf-50v-5-10c_sp1608_ct14653.aspx","https://linhkienchatluong.vn/Uploads/pic/prods/Linh-kien-dien-tu/63820804079214499747pF.jpg"
"142","5","Tụ dán 0805 33pF 50V 5% (10c)","CLA1311","Tụ dán","","33 pF","50 V","","0805","","SMD/Dán","10c","","","","3,000đ","3000","đ","","","Dây (10 chiếc)","Đang cập nhật","Đang cập nhật","KE2-448","Linh kiện điện tử","Tụ dán 0805","1608","14652","https://linhkienchatluong.vn/urltu-dan-0805/tu-dan-0805-33pf-50v-5-10c_sp1608_ct14652.aspx","https://linhkienchatluong.vn/Uploads/pic/prods/Linh-kien-dien-tu/63820804103132729433pF.jpg"
"143","5","Tụ dán 0805 27pF 50V 5% (10c)","CLA1314","Tụ dán","","27 pF","50 V","","0805","","SMD/Dán","10c","","","","3,000đ","3000","đ","","","Dây (10 chiếc)","Đang cập nhật","Đang cập nhật","KE2-446","Linh kiện điện tử","Tụ dán 0805","1608","14650","https://linhkienchatluong.vn/urltu-dan-0805/tu-dan-0805-27pf-50v-5-10c_sp1608_ct14650.aspx","https://linhkienchatluong.vn/Uploads/pic/prods/Linh-kien-dien-tu/63820804161918249527pF.jpg"
"144","5","Tụ dán 0805 22pF 50V 5% (10 chiếc)","NM02780","Tụ dán","","22 pF","50 V","","0805","","SMD/Dán","10 chiếc","","","","4,000đ","4000","4,320đ","4320","Còn hàng","Dây (10 chiếc)","Đang cập nhật","Đang cập nhật","KE2-445","Linh kiện điện tử","Tụ dán 0805","1608","14649","https://linhkienchatluong.vn/urltu-dan-0805/tu-dan-0805-22pf-50v-5-10-chiec_sp1608_ct14649.aspx","https://linhkienchatluong.vn/Uploads/pic/prods/Linh-kien-dien-tu/63820804176757343722pF.jpg"
"145","5","Tụ dán 0805 20pF 50V 5% (10c)","CLA1308","Tụ dán","","20 pF","50 V","","0805","","SMD/Dán","10c","","","","3,000đ","3000","đ","","","Dây (10 chiếc)","Đang cập nhật","Đang cập nhật","KE2-444","Linh kiện điện tử","Tụ dán 0805","1608","14648","https://linhkienchatluong.vn/urltu-dan-0805/tu-dan-0805-20pf-50v-5-10c_sp1608_ct14648.aspx","https://linhkienchatluong.vn/Uploads/pic/prods/Linh-kien-dien-tu/63820804189307288520pF.jpg"
"146","5","Tụ dán 0805 15pF 50V 5% (10c)","CLA1310","Tụ dán","","15 pF","50 V","","0805","","SMD/Dán","10c","","","","2,000đ","2000","đ","","","Dây (10 chiếc)","Đang cập nhật","Đang cập nhật","KE2-443","Linh kiện điện tử","Tụ dán 0805","1608","14647","https://linhkienchatluong.vn/urltu-dan-0805/tu-dan-0805-15pf-50v-5-10c_sp1608_ct14647.aspx","https://linhkienchatluong.vn/Uploads/pic/prods/Linh-kien-dien-tu/63820804210213872715pF.jpg"
"147","5","Tụ dán 0805 10pF 50V 5% (10c)","CLA3523","Tụ dán","","10 pF","50 V","","0805","","SMD/Dán","10c","","","","3,000đ","3000","đ","","","Dây (10 chiếc)","Đang cập nhật","Đang cập nhật","KE2-442","Linh kiện điện tử","Tụ dán 0805","1608","14646","https://linhkienchatluong.vn/urltu-dan-0805/tu-dan-0805-10pf-50v-5-10c_sp1608_ct14646.aspx","https://linhkienchatluong.vn/Uploads/pic/prods/Linh-kien-dien-tu/63820804222123773410pF.jpg"
"148","5","Tụ dán 0805 6.8pF 50V 5% (10c)","CLA4018","Tụ dán","","6.8 pF","50 V","","0805","","SMD/Dán","10c","","","","3,000đ","3000","đ","","","Dây (10 chiếc)","Đang cập nhật","Đang cập nhật","KE2-441","Linh kiện điện tử","Tụ dán 0805","1608","14644","https://linhkienchatluong.vn/urltu-dan-0805/tu-dan-0805-68pf-50v-5-10c_sp1608_ct14644.aspx","https://linhkienchatluong.vn/Uploads/pic/prods/Linh-kien-dien-tu/6382080424625533146.8.jpg"
"149","5","Tụ dán 0805 5pF 50V 5% (10c)","CLA4017","Tụ dán","","5 pF","50 V","","0805","","SMD/Dán","10c","","","","3,000đ","3000","đ","","Ngừng bán","Dây (10 chiếc)","Đang cập nhật","Đang cập nhật","KE2-440","Linh kiện điện tử","Tụ dán 0805","1608","14643","https://linhkienchatluong.vn/urltu-dan-0805/tu-dan-0805-5pf-50v-5-10c_sp1608_ct14643.aspx","https://linhkienchatluong.vn/Uploads/pic/prods/Linh-kien-dien-tu/6382080425688113285pF.jpg"
"150","5","Tụ dán 0603 226-22uF 6.3V (10c)","CLA4108","Tụ dán","226","22 uF","6.3 V","","0603","","SMD/Dán","10c","","","","3,500đ","3500","đ","","","Dây (10 chiếc)","Đang cập nhật","Đang cập nhật","KE2-437","Linh kiện điện tử","Tụ dán 0603","1607","14640","https://linhkienchatluong.vn/urltu-dan-0603/tu-dan-0603-226-22uf-63v-10c_sp1607_ct14640.aspx","https://linhkienchatluong.vn/Uploads/pic/prods/Linh-kien-dien-tu/638207999494850532226-22uF%206.jpg"
"151","6","Tụ dán 0603 106-10uF 10V (10 chiếc)","NM00741","Tụ dán","106","10 uF","10 V","","0603","","SMD/Dán","10 chiếc","","","","3,000đ","3000","3,240đ","3240","Còn hàng","Dây (10 chiếc)","Đang cập nhật","Đang cập nhật","KE2-436","Linh kiện điện tử","Tụ dán 0603","1607","14639","https://linhkienchatluong.vn/urltu-dan-0603/tu-dan-0603-106-10uf-10v-10-chiec_sp1607_ct14639.aspx","https://linhkienchatluong.vn/Uploads/pic/prods/Linh-kien-dien-tu/638207999736928862106-10uF%2010V.jpg"
"152","6","Tụ dán 0603 475-4.7uF 16V 10% (10c)","CLA4106","Tụ dán","475","4.7 uF","16 V","","0603","","SMD/Dán","10c","","","","4,000đ","4000","đ","","","Dây (10 chiếc)","Đang cập nhật","Đang cập nhật","KE2-435","Linh kiện điện tử","Tụ dán 0603","1607","14626","https://linhkienchatluong.vn/urltu-dan-0603/tu-dan-0603-475-47uf-16v-10-10c_sp1607_ct14626.aspx","https://linhkienchatluong.vn/Uploads/pic/prods/Linh-kien-dien-tu/638208000113247743475-4.jpg"
"153","6","Tụ dán 0603 335-3.3uF 10V (10c)","CLA4105","Tụ dán","335","3.3 uF","10 V","","0603","","SMD/Dán","10c","","","","3,500đ","3500","đ","","","Dây (10 chiếc)","Đang cập nhật","Đang cập nhật","KE2-434","Linh kiện điện tử","Tụ dán 0603","1607","14625","https://linhkienchatluong.vn/urltu-dan-0603/tu-dan-0603-335-33uf-10v-10c_sp1607_ct14625.aspx","https://linhkienchatluong.vn/Uploads/pic/prods/Linh-kien-dien-tu/638208000501860792335-3.3uF%2010V.jpg"
"154","6","Tụ dán 0603 225-2.2uF 16V 10% (10c)","CLA4104","Tụ dán","225","2.2 uF","16 V","","0603","","SMD/Dán","10c","","","","4,000đ","4000","đ","","","Dây (10 chiếc)","Đang cập nhật","Đang cập nhật","KE2-433","Linh kiện điện tử","Tụ dán 0603","1607","14624","https://linhkienchatluong.vn/urltu-dan-0603/tu-dan-0603-225-22uf-16v-10-10c_sp1607_ct14624.aspx","https://linhkienchatluong.vn/Uploads/pic/prods/Linh-kien-dien-tu/638208001218498046225-2.jpg"
"155","6","Tụ dán 0603 105-1uF 25V 10% (10 chiếc)","NM02172","Tụ dán","105","1 uF","25 V","","0603","","SMD/Dán","10 chiếc","","","","3,000đ","3000","3,240đ","3240","Còn hàng","Dây (10 chiếc)","Đang cập nhật","Đang cập nhật","KE2-432","Linh kiện điện tử","Tụ dán 0603","1607","14623","https://linhkienchatluong.vn/urltu-dan-0603/tu-dan-0603-105-1uf-25v-10-10-chiec_sp1607_ct14623.aspx","https://linhkienchatluong.vn/Uploads/pic/prods/Linh-kien-dien-tu/638208001433754294105-1uF%2025V.jpg"
"156","6","Tụ dán 0603 684-680nF 0.68uF 50V 10% (10c)","CLA4102","Tụ dán","684","680 nF | 0.68 uF","50 V","","0603","","SMD/Dán","10c","","","","3,000đ","3000","đ","","","Dây (10 chiếc)","Đang cập nhật","Đang cập nhật","KE2-431","Linh kiện điện tử","Tụ dán 0603","1607","14622","https://linhkienchatluong.vn/urltu-dan-0603/tu-dan-0603-684-680nf-068uf-50v-10-10c_sp1607_ct14622.aspx","https://linhkienchatluong.vn/Uploads/pic/prods/Linh-kien-dien-tu/638208001620892465684-680nF%200.jpg"
"157","6","Tụ dán 0603 474-470nF 0.47uF 50V 10% (10c)","CLA4101","Tụ dán","474","470 nF | 0.47 uF","50 V","","0603","","SMD/Dán","10c","","","","3,000đ","3000","đ","","","Dây (10 chiếc)","Đang cập nhật","Đang cập nhật","KE2-430","Linh kiện điện tử","Tụ dán 0603","1607","14621","https://linhkienchatluong.vn/urltu-dan-0603/tu-dan-0603-474-470nf-047uf-50v-10-10c_sp1607_ct14621.aspx","https://linhkienchatluong.vn/Uploads/pic/prods/Linh-kien-dien-tu/638208001791753309474-470nF%200.47uF%2050V.jpg"
"158","6","Tụ dán 0603 334-330nF 0.33uF 16V 10% (10c)","CLA4100","Tụ dán","334","330 nF | 0.33 uF","16 V","","0603","","SMD/Dán","10c","","","","3,000đ","3000","đ","","","Dây (10 chiếc)","Đang cập nhật","Đang cập nhật","KE2-429","Linh kiện điện tử","Tụ dán 0603","1607","14620","https://linhkienchatluong.vn/urltu-dan-0603/tu-dan-0603-334-330nf-033uf-16v-10-10c_sp1607_ct14620.aspx","https://linhkienchatluong.vn/Uploads/pic/prods/Linh-kien-dien-tu/638208002011409077334-330nF%200.33uF%2016V.jpg"
"159","6","Tụ dán 0603 224-220nF 0.22uF 50V 10% (10c)","CLA4099","Tụ dán","224","220 nF | 0.22 uF","50 V","","0603","","SMD/Dán","10c","","","","3,000đ","3000","đ","","","Dây (10 chiếc)","Đang cập nhật","Đang cập nhật","KE2-428","Linh kiện điện tử","Tụ dán 0603","1607","14619","https://linhkienchatluong.vn/urltu-dan-0603/tu-dan-0603-224-220nf-022uf-50v-10-10c_sp1607_ct14619.aspx","https://linhkienchatluong.vn/Uploads/pic/prods/Linh-kien-dien-tu/638208002265842282224-220nF%200.jpg"
"160","6","Tụ dán 0603 104-100nF 0.1uF 50V 10% (10 chiếc)","NM01002","Tụ dán","104","100 nF | 0.1 uF","50 V","","0603","","SMD/Dán","10 chiếc","","","","2,000đ","2000","2,160đ","2160","","Dây (10 chiếc)","Đang cập nhật","Đang cập nhật","KE2-427","Linh kiện điện tử","Tụ dán 0603","1607","14618","https://linhkienchatluong.vn/urltu-dan-0603/tu-dan-0603-104-100nf-01uf-50v-10-10-chiec_sp1607_ct14618.aspx","https://linhkienchatluong.vn/Uploads/pic/prods/Linh-kien-dien-tu/638208002469336172104-100nF%200.1uF%2050V.jpg"
"161","6","Tụ dán 0603 473-47nF 0.047uF 50V 10% (10c)","CLA4097","Tụ dán","473","47 nF | 0.047 uF","50 V","","0603","","SMD/Dán","10c","","","","2,000đ","2000","đ","","","Dây (10 chiếc)","Đang cập nhật","Đang cập nhật","KE2-426","Linh kiện điện tử","Tụ dán 0603","1607","14617","https://linhkienchatluong.vn/urltu-dan-0603/tu-dan-0603-473-47nf-0047uf-50v-10-10c_sp1607_ct14617.aspx","https://linhkienchatluong.vn/Uploads/pic/prods/Linh-kien-dien-tu/638208002645602049473-47nF%200.047uF%2050V.jpg"
"162","6","Tụ hóa 450V 680uF 30x50mm chân cứng chính hãng Hitachi","CL08872","","","680 uF","450 V","30x50mm","","","","","","Hitachi","","85,000đ","85000","đ","","","Chiếc","Đang cập nhật","Chính hãng","C-050","Linh kiện điện tử","Tụ hóa có phân cực","1611","14608","https://linhkienchatluong.vn/urltu-hoa-co-phan-cuc/tu-hoa-450v-680uf-30x50mm-chan-cung-chinh-hang-hitachi_sp1611_ct14608.aspx","https://linhkienchatluong.vn/Uploads/pic/prods/Linh-kien-dien-tu/63793232216162322108872.jpg"
"163","6","Tụ dán 0603 333-33nF 0.033uF 50V 10% (10c)","CL06959","Tụ dán","333","33 nF | 0.033 uF","50 V","","0603","","SMD/Dán","10c","","","","2,000đ","2000","đ","","","Dây (10 chiếc)","Đang cập nhật","Đang cập nhật","KE2-425","Linh kiện điện tử","Tụ dán 0603","1607","14599","https://linhkienchatluong.vn/urltu-dan-0603/tu-dan-0603-333-33nf-0033uf-50v-10-10c_sp1607_ct14599.aspx","https://linhkienchatluong.vn/Uploads/pic/prods/Linh-kien-dien-tu/638208003513921542333-33nF%200.jpg"
"164","6","Tụ dán 0603 223-22nF 0.022uF 50V 10% (10c)","CLA4096","Tụ dán","223","22 nF | 0.022 uF","50 V","","0603","","SMD/Dán","10c","","","","2,000đ","2000","đ","","","Dây (10 chiếc)","Đang cập nhật","Đang cập nhật","KE2-424","Linh kiện điện tử","Tụ dán 0603","1607","14598","https://linhkienchatluong.vn/urltu-dan-0603/tu-dan-0603-223-22nf-0022uf-50v-10-10c_sp1607_ct14598.aspx","https://linhkienchatluong.vn/Uploads/pic/prods/Linh-kien-dien-tu/638208003683715665223-22nF%200.022uF%2050v.jpg"
"165","6","Tụ dán 0603 103-10nF 50V 10% (10 chiếc)","NM01001","Tụ dán","103","10 nF","50 V","","0603","","SMD/Dán","10 chiếc","","","","2,000đ","2000","2,160đ","2160","","Dây (10 chiếc)","Đang cập nhật","Đang cập nhật","KE2-423","Linh kiện điện tử","Tụ dán 0603","1607","14597","https://linhkienchatluong.vn/urltu-dan-0603/tu-dan-0603-103-10nf-50v-10-10-chiec_sp1607_ct14597.aspx","https://linhkienchatluong.vn/Uploads/pic/prods/Linh-kien-dien-tu/638208003846948943103-10nF%2050V.jpg"
"166","6","Tụ dán 0603 472-4.7nF 50V 10% (10c)","CLA4095","Tụ dán","472","4.7 nF","50 V","","0603","","SMD/Dán","10c","","","","2,000đ","2000","đ","","","Dây (10 chiếc)","Đang cập nhật","Đang cập nhật","KE2-422","Linh kiện điện tử","Tụ dán 0603","1607","14596","https://linhkienchatluong.vn/urltu-dan-0603/tu-dan-0603-472-47nf-50v-10-10c_sp1607_ct14596.aspx","https://linhkienchatluong.vn/Uploads/pic/prods/Linh-kien-dien-tu/638208004043842479472-4.jpg"
"167","6","Tụ dán 0603 332-3.3nF 50V 10% (10c)","CLA4094","Tụ dán","332","3.3 nF","50 V","","0603","","SMD/Dán","10c","","","","2,000đ","2000","đ","","","Dây (10 chiếc)","Đang cập nhật","Đang cập nhật","KE2-421","Linh kiện điện tử","Tụ dán 0603","1607","14595","https://linhkienchatluong.vn/urltu-dan-0603/tu-dan-0603-332-33nf-50v-10-10c_sp1607_ct14595.aspx","https://linhkienchatluong.vn/Uploads/pic/prods/Linh-kien-dien-tu/638208004251265384332-3.jpg"
"168","6","Tụ dán 0603 222-2.2nF 50V 10% (10c)","CLA1302","Tụ dán","222","2.2 nF","50 V","","0603","","SMD/Dán","10c","","","","2,000đ","2000","đ","","","Dây (10 chiếc)","Đang cập nhật","Đang cập nhật","KE2-420","Linh kiện điện tử","Tụ dán 0603","1607","14594","https://linhkienchatluong.vn/urltu-dan-0603/tu-dan-0603-222-22nf-50v-10-10c_sp1607_ct14594.aspx","https://linhkienchatluong.vn/Uploads/pic/prods/Linh-kien-dien-tu/638208004465944937222-2.jpg"
"169","6","Tụ dán 0603 152-1.5nF 50V 10% (10c)","CLA4093","Tụ dán","152","1.5 nF","50 V","","0603","","SMD/Dán","10c","","","","2,000đ","2000","đ","","","Dây (10 chiếc)","Đang cập nhật","Đang cập nhật","KE2-419","Linh kiện điện tử","Tụ dán 0603","1607","14593","https://linhkienchatluong.vn/urltu-dan-0603/tu-dan-0603-152-15nf-50v-10-10c_sp1607_ct14593.aspx","https://linhkienchatluong.vn/Uploads/pic/prods/Linh-kien-dien-tu/638208004636477323152-1.jpg"
"170","6","Tụ dán 0603 102-1nF 0.001uF 50V 10% (10 chiếc)","NM01000","Tụ dán","102","1 nF | 0.001 uF","50 V","","0603","","SMD/Dán","10 chiếc","","","","2,000đ","2000","2,160đ","2160","","Dây (10 chiếc)","Đang cập nhật","Đang cập nhật","KE2-418","Linh kiện điện tử","Tụ dán 0603","1607","14592","https://linhkienchatluong.vn/urltu-dan-0603/tu-dan-0603-102-1nf-0001uf-50v-10-10-chiec_sp1607_ct14592.aspx","https://linhkienchatluong.vn/Uploads/pic/prods/Linh-kien-dien-tu/638208004876904610102-1nF%200.jpg"
"171","6","Tụ dán 0603 561-560pF 0.56nF 50V 10% (10c)","CLA4092","Tụ dán","561","560 pF | 0.56 nF","50 V","","0603","","SMD/Dán","10c","","","","2,000đ","2000","đ","","","Dây (10 chiếc)","Đang cập nhật","Đang cập nhật","KE2-417","Linh kiện điện tử","Tụ dán 0603","1607","14591","https://linhkienchatluong.vn/urltu-dan-0603/tu-dan-0603-561-560pf-056nf-50v-10-10c_sp1607_ct14591.aspx","https://linhkienchatluong.vn/Uploads/pic/prods/Linh-kien-dien-tu/638208005347266985561-560pF%200.56nF%2050V.jpg"
"172","6","Tụ hiệu chỉnh 474J 470nF 100V 5mm màu xám CKK Farad","CL08864","","474J","470 nF","100 V","5mm","","J","","","","","Màu xám","2,200đ","2200","đ","","","Chiếc","Đang cập nhật","Chính hãng","C-103A","Linh kiện điện tử","Tụ Correction - Tụ hiệu chỉnh","457","14582","https://linhkienchatluong.vn/urltu-correction---tu-hieu-chinh/tu-hieu-chinh-474j-470nf-100v-5mm-mau-xam-ckk-farad_sp457_ct14582.aspx","https://linhkienchatluong.vn/Uploads/pic/prods/Linh-kien-dien-tu/637915821445408365474J.jpg"
"173","6","Tụ hiệu chỉnh 334J 330nF 100V 5mm màu xám CKK Farad","CL08863","","334J","330 nF","100 V","5mm","","J","","","","","Màu xám","2,000đ","2000","đ","","","Chiếc","Đang cập nhật","Đang cập nhật","C-103A","Linh kiện điện tử","Tụ Correction - Tụ hiệu chỉnh","457","14581","https://linhkienchatluong.vn/urltu-correction---tu-hieu-chinh/tu-hieu-chinh-334j-330nf-100v-5mm-mau-xam-ckk-farad_sp457_ct14581.aspx","https://linhkienchatluong.vn/Uploads/pic/prods/Linh-kien-dien-tu/637915821134455697334J.jpg"
"174","6","Tụ sứ vàng 104 100nF 0.1uF 50V đóng dây (10c)","CLA1159","","","100 nF | 0.1 uF","50 V","","","","Dạng dây","10c","","","","7,000đ","7000","đ","","","Túi (10 chiếc)","Đang cập nhật","CHINA","C-102","Linh kiện điện tử","Tụ Monolithic - Tụ Vàng","458","14576","https://linhkienchatluong.vn/urltu-monolithic---tu-vang/tu-su-vang-104-100nf-01uf-50v-dong-day-10c_sp458_ct14576.aspx","https://linhkienchatluong.vn/Uploads/pic/prods/Linh-kien-dien-tu/6379167786066852261159.jpg"
"175","6","Tụ sứ vàng 475 4.7uF 50V (10 chiếc)","NM02181","","","4.7 uF","50 V","","","","","10 chiếc","","","","4,000đ","4000","4,320đ","4320","Còn hàng","Túi (10 chiếc)","Đang cập nhật","Đang cập nhật","C-101","Linh kiện điện tử","Tụ Monolithic - Tụ Vàng","458","14575","https://linhkienchatluong.vn/urltu-monolithic---tu-vang/tu-su-vang-475-47uf-50v-10-chiec_sp458_ct14575.aspx","https://linhkienchatluong.vn/Uploads/pic/prods/Linh-kien-dien-tu/63862938060271596047476.jpg"
"176","6","Tụ sứ vàng 225 2.2uF 50V (10c)","CLA47475","","","2.2 uF","50 V","","","","","10c","","","","7,000đ","7000","đ","","","Túi (10 chiếc)","Đang cập nhật","Đang cập nhật","C-101","Linh kiện điện tử","Tụ Monolithic - Tụ Vàng","458","14574","https://linhkienchatluong.vn/urltu-monolithic---tu-vang/tu-su-vang-225-22uf-50v-10c_sp458_ct14574.aspx","https://linhkienchatluong.vn/Uploads/pic/prods/Linh-kien-dien-tu/63862938377265104247475.jpg"
"177","6","Tụ sứ vàng 105 1uF 50V (10c)","CLA1158","","","1 uF","50 V","","","","","10c","","","","3,500đ","3500","đ","","","Túi (10 chiếc)","Đang cập nhật","Chính hãng","C-101","Linh kiện điện tử","Tụ Monolithic - Tụ Vàng","458","14573","https://linhkienchatluong.vn/urltu-monolithic---tu-vang/tu-su-vang-105-1uf-50v-10c_sp458_ct14573.aspx","https://linhkienchatluong.vn/Uploads/pic/prods/Linh-kien-dien-tu/6379167781018456771158.jpg"
"178","6","Tụ sứ vàng 474 470nF 0.47uF 50V (10c)","CLA1157","","","470 nF | 0.47 uF","50 V","","","","","10c","","","","4,000đ","4000","đ","","","Túi (10 chiếc)","Đang cập nhật","Đang cập nhật","C-101","Linh kiện điện tử","Tụ Monolithic - Tụ Vàng","458","14572","https://linhkienchatluong.vn/urltu-monolithic---tu-vang/tu-su-vang-474-470nf-047uf-50v-10c_sp458_ct14572.aspx","https://linhkienchatluong.vn/Uploads/pic/prods/Linh-kien-dien-tu/6386293792068920151157.jpg"
"179","6","Tụ sứ vàng 334 330nF 0.33uF 50V (10c)","CLA1156","","","330 nF | 0.33 uF","50 V","","","","","10c","","","","4,000đ","4000","đ","","","Túi (10 chiếc)","Đang cập nhật","CHINA","C-101","Linh kiện điện tử","Tụ Monolithic - Tụ Vàng","458","14571","https://linhkienchatluong.vn/urltu-monolithic---tu-vang/tu-su-vang-334-330nf-033uf-50v-10c_sp458_ct14571.aspx","https://linhkienchatluong.vn/Uploads/pic/prods/Linh-kien-dien-tu/6379167777787623971156.jpg"
"180","6","Tụ sứ vàng 224 220nF 0.22uF 50V (10c)","CLA1155","","","220 nF | 0.22 uF","50 V","","","","","10c","","","","4,000đ","4000","đ","","","Túi (10 chiếc)","Đang cập nhật","Chính hãng","C-101","Linh kiện điện tử","Tụ Monolithic - Tụ Vàng","458","14570","https://linhkienchatluong.vn/urltu-monolithic---tu-vang/tu-su-vang-224-220nf-022uf-50v-10c_sp458_ct14570.aspx","https://linhkienchatluong.vn/Uploads/pic/prods/Linh-kien-dien-tu/6379167776274804421155.jpg"
"181","7","Tụ sứ vàng 104 100nF 0.1uF 50V 10% (10 chiếc)","NM01070","","","100 nF | 0.1 uF","50 V","","","","","10 chiếc","","","","3,000đ","3000","3,240đ","3240","Còn hàng","Túi (10 chiếc)","CHINA","CHINA","C-100","Linh kiện điện tử","Tụ Monolithic - Tụ Vàng","458","14569","https://linhkienchatluong.vn/urltu-monolithic---tu-vang/tu-su-vang-104-100nf-01uf-50v-10-10-chiec_sp458_ct14569.aspx","https://linhkienchatluong.vn/Uploads/pic/prods/Linh-kien-dien-tu/6379167771425402511154.jpg"
"182","7","Tụ sứ vàng 473 47nF 50V (10c)","CL05896","","","47 nF","50 V","","","","","10c","","","","3,000đ","3000","đ","","","Túi (10 chiếc)","Đang cập nhật","Chính hãng","C-100","Linh kiện điện tử","Tụ Monolithic - Tụ Vàng","458","14568","https://linhkienchatluong.vn/urltu-monolithic---tu-vang/tu-su-vang-473-47nf-50v-10c_sp458_ct14568.aspx","https://linhkienchatluong.vn/Uploads/pic/prods/Linh-kien-dien-tu/63791677674281226505896.jpg"
"183","7","Tụ sứ vàng 333 33nF 50V (10c)","CL05895","","","33 nF","50 V","","","","","10c","","","","3,000đ","3000","đ","","","Túi (10 chiếc)","Đang cập nhật","Đang cập nhật","C-100","Linh kiện điện tử","Tụ Monolithic - Tụ Vàng","458","14567","https://linhkienchatluong.vn/urltu-monolithic---tu-vang/tu-su-vang-333-33nf-50v-10c_sp458_ct14567.aspx","https://linhkienchatluong.vn/Uploads/pic/prods/Linh-kien-dien-tu/63862938698481186205895.jpg"
"184","7","Tụ sứ vàng 223 22nF 50V (10c)","CLA1153","","","22 nF","50 V","","","","","10c","","","","3,000đ","3000","đ","","","Túi (10 chiếc)","Đang cập nhật","Đang cập nhật","C-100","Linh kiện điện tử","Tụ Monolithic - Tụ Vàng","458","14566","https://linhkienchatluong.vn/urltu-monolithic---tu-vang/tu-su-vang-223-22nf-50v-10c_sp458_ct14566.aspx","https://linhkienchatluong.vn/Uploads/pic/prods/Linh-kien-dien-tu/6379167761066169471153.jpg"
"185","7","Tụ sứ vàng 103 10nF 50V (10c)","CLA1152","","","10 nF","50 V","","","","","10c","","","","3,000đ","3000","đ","","","Túi (10 sợi)","Đang cập nhật","Chính hãng","C-100","Linh kiện điện tử","Tụ Monolithic - Tụ Vàng","458","14565","https://linhkienchatluong.vn/urltu-monolithic---tu-vang/tu-su-vang-103-10nf-50v-10c_sp458_ct14565.aspx","https://linhkienchatluong.vn/Uploads/pic/prods/Linh-kien-dien-tu/6379167759455081801152.jpg"
"186","7","Tụ sứ vàng 472 4.7nF 50V (10c)","CLA1151","","","4.7 nF","50 V","","","","","10c","","","","3,000đ","3000","đ","","","Túi (10 chiếc)","Đang cập nhật","Đang cập nhật","C-100","Linh kiện điện tử","Tụ Monolithic - Tụ Vàng","458","14564","https://linhkienchatluong.vn/urltu-monolithic---tu-vang/tu-su-vang-472-47nf-50v-10c_sp458_ct14564.aspx","https://linhkienchatluong.vn/Uploads/pic/prods/Linh-kien-dien-tu/6379167757895518111151.jpg"
"187","7","Tụ sứ vàng 332 3.3nF 50V (10c)","CL05894","","","3.3 nF","50 V","","","","","10c","","","","3,000đ","3000","đ","","","Túi (10 chiếc)","Đang cập nhật","CHINA","C-099A","Linh kiện điện tử","Tụ Monolithic - Tụ Vàng","458","14563","https://linhkienchatluong.vn/urltu-monolithic---tu-vang/tu-su-vang-332-33nf-50v-10c_sp458_ct14563.aspx","https://linhkienchatluong.vn/Uploads/pic/prods/Linh-kien-dien-tu/63791677563376332305894.jpg"
"188","7","Tụ sứ vàng 222 2.2nF 50V (10c)","CLA1150","","","2.2 nF","50 V","","","","","10c","","","","3,000đ","3000","đ","","","Túi (10 chiếc)","Đang cập nhật","Đang cập nhật","C-099A","Linh kiện điện tử","Tụ Monolithic - Tụ Vàng","458","14562","https://linhkienchatluong.vn/urltu-monolithic---tu-vang/tu-su-vang-222-22nf-50v-10c_sp458_ct14562.aspx","https://linhkienchatluong.vn/Uploads/pic/prods/Linh-kien-dien-tu/6379167754602120051150.jpg"
"189","7","Tụ sứ vàng 102 1nF 50V (10 chiếc)","NM02955","","","1 nF","50 V","","","","","10 chiếc","","","","3,000đ","3000","3,240đ","3240","Còn hàng","Túi (10 chiếc)","CHINA","CHINA","C-099A","Linh kiện điện tử","Tụ Monolithic - Tụ Vàng","458","14561","https://linhkienchatluong.vn/urltu-monolithic---tu-vang/tu-su-vang-102-1nf-50v-10-chiec_sp458_ct14561.aspx","https://linhkienchatluong.vn/Uploads/pic/prods/Linh-kien-dien-tu/63862938914779853241149.jpg"
"190","7","Tụ sứ vàng 681 680pF 0.68nF 50V (10c)","CL05893","","","680 pF | 0.68 nF","50 V","","","","","10c","","","","3,000đ","3000","đ","","","Túi (10 chiếc)","Đang cập nhật","Đang cập nhật","C-099A","Linh kiện điện tử","Tụ đề - Tụ khởi động","992","14560","https://linhkienchatluong.vn/urltu-de---tu-khoi-dong/tu-su-vang-681-680pf-068nf-50v-10c_sp992_ct14560.aspx","https://linhkienchatluong.vn/Uploads/pic/prods/Linh-kien-dien-tu/63791677514510786805893.jpg"
"191","7","Tụ sứ vàng 471 470pF 0.47nF 50V (10c)","CL05892","","","470 pF | 0.47 nF","50 V","","","","","10c","","","","3,000đ","3000","đ","","","Túi (10 chiếc)","Đang cập nhật","Đang cập nhật","C-099A","Linh kiện điện tử","Tụ Monolithic - Tụ Vàng","458","14559","https://linhkienchatluong.vn/urltu-monolithic---tu-vang/tu-su-vang-471-470pf-047nf-50v-10c_sp458_ct14559.aspx","https://linhkienchatluong.vn/Uploads/pic/prods/Linh-kien-dien-tu/63791677492567101305892.jpg"
"192","7","Tụ sứ vàng 331 330pF 0.33nF 50V (10c)","CL05891","","","330 pF | 0.33 nF","50 V","","","","","10c","","","","3,000đ","3000","đ","","","Túi (10 chiếc)","Đang cập nhật","Đang cập nhật","C-099A","Linh kiện điện tử","Tụ Monolithic - Tụ Vàng","458","14558","https://linhkienchatluong.vn/urltu-monolithic---tu-vang/tu-su-vang-331-330pf-033nf-50v-10c_sp458_ct14558.aspx","https://linhkienchatluong.vn/Uploads/pic/prods/Linh-kien-dien-tu/63862940194648247305891.jpg"
"193","7","Tụ sứ vàng 221 220pF 0.22nF 50V (10c)","CLA1148","","","220 pF | 0.22 nF","50 V","","","","","10c","","","","3,000đ","3000","đ","","","Túi (10 chiếc)","Đang cập nhật","Đang cập nhật","C-099","Linh kiện điện tử","Tụ Monolithic - Tụ Vàng","458","14557","https://linhkienchatluong.vn/urltu-monolithic---tu-vang/tu-su-vang-221-220pf-022nf-50v-10c_sp458_ct14557.aspx","https://linhkienchatluong.vn/Uploads/pic/prods/Linh-kien-dien-tu/6379167745452286751148.jpg"
"194","7","Tụ sứ vàng 151 150pF 0.15nF 50V (10c)","CL05890","","","150 pF | 0.15 nF","50 V","","","","","10c","","","","3,000đ","3000","đ","","","Túi (10 chiếc)","Đang cập nhật","Đang cập nhật","C-099","Linh kiện điện tử","Tụ Monolithic - Tụ Vàng","458","14556","https://linhkienchatluong.vn/urltu-monolithic---tu-vang/tu-su-vang-151-150pf-015nf-50v-10c_sp458_ct14556.aspx","https://linhkienchatluong.vn/Uploads/pic/prods/Linh-kien-dien-tu/63791677436485490305890.jpg"
"195","7","Tụ sứ vàng 101 100pF 0.1nF 50V (10 chiếc)","NM01069","","","100 pF | 0.1 nF","50 V","","","","","10 chiếc","","","","3,000đ","3000","3,240đ","3240","Còn hàng","Túi (10 chiếc)","CHINA","CHINA","C-099","Linh kiện điện tử","Tụ Monolithic - Tụ Vàng","458","14555","https://linhkienchatluong.vn/urltu-monolithic---tu-vang/tu-su-vang-101-100pf-01nf-50v-10-chiec_sp458_ct14555.aspx","https://linhkienchatluong.vn/Uploads/pic/prods/Linh-kien-dien-tu/63791677408341603247458.jpg"
"196","7","Tụ sứ vàng 47pF 50V (10c)","CL05871","","","47 pF","50 V","","","","","10c","","","","3,000đ","3000","đ","","","Túi (10 chiếc)","Đang cập nhật","Đang cập nhật","C-099","Linh kiện điện tử","Tụ Monolithic - Tụ Vàng","458","14554","https://linhkienchatluong.vn/urltu-monolithic---tu-vang/tu-su-vang-47pf-50v-10c_sp458_ct14554.aspx","https://linhkienchatluong.vn/Uploads/pic/prods/Linh-kien-dien-tu/63863040828371588505871.jpg"
"197","7","Tụ sứ vàng 33pF 50V (10c)","CL05870","","","33 pF","50 V","","","","","10c","","","","3,000đ","3000","đ","","","Túi (10 chiếc)","Đang cập nhật","CHINA","C-099","Linh kiện điện tử","Tụ Monolithic - Tụ Vàng","458","14553","https://linhkienchatluong.vn/urltu-monolithic---tu-vang/tu-su-vang-33pf-50v-10c_sp458_ct14553.aspx","https://linhkienchatluong.vn/Uploads/pic/prods/Linh-kien-dien-tu/63791677373424807305870.jpg"
"198","7","Tụ sứ vàng 20pF 50V (10c)","CLA1147","","","20 pF","50 V","","","","","10c","","","","3,000đ","3000","đ","","","Túi (10 chiếc)","Đang cập nhật","Đang cập nhật","C-099","Linh kiện điện tử","Tụ Monolithic - Tụ Vàng","458","14552","https://linhkienchatluong.vn/urltu-monolithic---tu-vang/tu-su-vang-20pf-50v-10c_sp458_ct14552.aspx","https://linhkienchatluong.vn/Uploads/pic/prods/Linh-kien-dien-tu/6379167733408402331147.jpg"
"199","7","Tụ sứ vàng 15pF 50V (10c)","CL05869","","","15 pF","50 V","","","","","10c","","","","3,000đ","3000","đ","","","Túi (10 chiếc)","CHINA","CHINA","C-098","Linh kiện điện tử","Tụ Monolithic - Tụ Vàng","458","14551","https://linhkienchatluong.vn/urltu-monolithic---tu-vang/tu-su-vang-15pf-50v-10c_sp458_ct14551.aspx","https://linhkienchatluong.vn/Uploads/pic/prods/Linh-kien-dien-tu/63791677312006705605869.jpg"
"200","7","Tụ sứ vàng 10pF 50V (10c)","CL05868","","","10 pF","50 V","","","","","10c","","","","3,000đ","3000","đ","","","Túi (10 chiếc)","CHINA","CHINA","C-098","Linh kiện điện tử","Tụ Monolithic - Tụ Vàng","458","14550","https://linhkienchatluong.vn/urltu-monolithic---tu-vang/tu-su-vang-10pf-50v-10c_sp458_ct14550.aspx","https://linhkienchatluong.vn/Uploads/pic/prods/Linh-kien-dien-tu/63797544018298592605868.jpg"
"201","7","Siêu tụ 1.5F 5.5V chân đứng SE-5R5-D155VYV","NM00750","","","","5.5 V","","","","","","","","","20,000đ","20000","21,600đ","21600","Còn hàng","Chiếc","CHINA","CHINA","C-069","Linh kiện điện tử","Siêu tụ - Tụ Fara","943","14424","https://linhkienchatluong.vn/urlsieu-tu---tu-fara/sieu-tu-15f-55v-chan-dung-se-5r5-d155vyv_sp943_ct14424.aspx","https://linhkienchatluong.vn/Uploads/pic/prods/---Sieu-tu--Tu-Fara/63787875831104255608747.jpg"
"202","7","Siêu tụ 1F 5.5V chân đứng SE-5R5-D105VYV","NM02759","","","","5.5 V","","","","","","","","","18,000đ","18000","19,440đ","19440","Còn hàng","Chiếc","KAMCAP","CHINA","C-069","Linh kiện điện tử","Siêu tụ - Tụ Fara","943","14423","https://linhkienchatluong.vn/urlsieu-tu---tu-fara/sieu-tu-1f-55v-chan-dung-se-5r5-d105vyv_sp943_ct14423.aspx","https://linhkienchatluong.vn/Uploads/pic/prods/---Sieu-tu--Tu-Fara/63787875228809926608746.jpg"
"203","7","Siêu tụ 0.47F 5.5V chân đứng SE-5R5-D474VYV","NM02758","","","","5.5 V","","","","","","","","","18,000đ","18000","19,440đ","19440","Còn hàng","Chiếc","KAMCAP","CHINA","C-069","Linh kiện điện tử","Siêu tụ - Tụ Fara","943","14422","https://linhkienchatluong.vn/urlsieu-tu---tu-fara/sieu-tu-047f-55v-chan-dung-se-5r5-d474vyv_sp943_ct14422.aspx","https://linhkienchatluong.vn/Uploads/pic/prods/---Sieu-tu--Tu-Fara/63787875016109195508745.jpg"
"204","7","Siêu tụ 0.33F 5.5V chân đứng SE-5R5-D334VYV","CL08744","","","","5.5 V","","","","","","","","","17,000đ","17000","đ","","","Chiếc","Đang cập nhật","Đang cập nhật","C-069","Linh kiện điện tử","Siêu tụ - Tụ Fara","943","14421","https://linhkienchatluong.vn/urlsieu-tu---tu-fara/sieu-tu-033f-55v-chan-dung-se-5r5-d334vyv_sp943_ct14421.aspx","https://linhkienchatluong.vn/Uploads/pic/prods/Linh-kien-dien-tu/63875465406401955608744.jpg"
"205","7","Siêu tụ 0.1F 5.5V chân đứng SE-5R5-D104VYV","CL08743","","","","5.5 V","","","","","","","","","15,000đ","15000","đ","","","Chiếc","Đang cập nhật","Đang cập nhật","C-069","Linh kiện điện tử","Siêu tụ - Tụ Fara","943","14420","https://linhkienchatluong.vn/urlsieu-tu---tu-fara/sieu-tu-01f-55v-chan-dung-se-5r5-d104vyv_sp943_ct14420.aspx","https://linhkienchatluong.vn/Uploads/pic/prods/Linh-kien-dien-tu/63873305341049015008743.jpg"
"206","7","Siêu tụ 0.47F 5.5V chân nằm SE-5R5-D474VYC3H","CL08742","","","","5.5 V","","","","","","","","","18,000đ","18000","đ","","","Chiếc","Đang cập nhật","Đang cập nhật","C-068","Linh kiện điện tử","Siêu tụ - Tụ Fara","943","14418","https://linhkienchatluong.vn/urlsieu-tu---tu-fara/sieu-tu-047f-55v-chan-nam-se-5r5-d474vyc3h_sp943_ct14418.aspx","https://linhkienchatluong.vn/Uploads/pic/prods/---Sieu-tu--Tu-Fara/6378787459576310425742.jpg"
"207","7","Siêu tụ 0.33F 5.5V chân nằm SE-5R5-D334VYC3H","CL08741","","","","5.5 V","","","","","","","","","17,000đ","17000","đ","","","Chiếc","Đang cập nhật","Đang cập nhật","C-068","Linh kiện điện tử","Siêu tụ - Tụ Fara","943","14417","https://linhkienchatluong.vn/urlsieu-tu---tu-fara/sieu-tu-033f-55v-chan-nam-se-5r5-d334vyc3h_sp943_ct14417.aspx","https://linhkienchatluong.vn/Uploads/pic/prods/---Sieu-tu--Tu-Fara/63787874541112379008741.jpg"
"208","7","Siêu tụ 0.22F 5.5V chân nằm SE-5R5-D224VYC3H","CL08740","","","","5.5 V","","","","","","","","","16,000đ","16000","đ","","","Chiếc","Đang cập nhật","Đang cập nhật","C-068","Linh kiện điện tử","Siêu tụ - Tụ Fara","943","14416","https://linhkienchatluong.vn/urlsieu-tu---tu-fara/sieu-tu-022f-55v-chan-nam-se-5r5-d224vyc3h_sp943_ct14416.aspx","https://linhkienchatluong.vn/Uploads/pic/prods/---Sieu-tu--Tu-Fara/63787874509233535808740.jpg"
"209","7","Tụ hóa 400V 68uF 18x25mm tần số cao","CL08674","","","68 uF","400 V","18x25mm","","","","","","","","5,500đ","5500","đ","","","Chiếc","Đang cập nhật","Đang cập nhật","C-049","Linh kiện điện tử","Tụ hóa có phân cực","1611","14400","https://linhkienchatluong.vn/urltu-hoa-co-phan-cuc/tu-hoa-400v-68uf-18x25mm-tan-so-cao_sp1611_ct14400.aspx","https://linhkienchatluong.vn/Uploads/pic/prods/---Tu-hoa-co-phan-cuc/63788491751831604508674.jpg"
"210","7","Tụ hóa 35V 10000uF 30x30mm JCCON Audio chân cứng","CL08672","","","10000 uF","35 V","30x30mm","","","","","","","","26,500đ","26500","đ","","","Chiếc","Đang cập nhật","CHINA","C-016","Linh kiện điện tử","Tụ hóa có phân cực","1611","14398","https://linhkienchatluong.vn/urltu-hoa-co-phan-cuc/tu-hoa-35v-10000uf-30x30mm-jccon-audio-chan-cung_sp1611_ct14398.aspx","https://linhkienchatluong.vn/Uploads/pic/prods/---Tu-hoa-co-phan-cuc/63788491687716407508672.jpg"
"211","8","Tụ hóa 35V 10000uF 18x35mm tần số cao","NM00610","","","10000 uF","35 V","18x35mm","","","","","","","","11,500đ","11500","12,420đ","12420","Còn hàng","Chiếc","JCCON","CHINA","C-015","Linh kiện điện tử","Tụ hóa có phân cực","1611","14397","https://linhkienchatluong.vn/urltu-hoa-co-phan-cuc/tu-hoa-35v-10000uf-18x35mm-tan-so-cao_sp1611_ct14397.aspx","https://linhkienchatluong.vn/Uploads/pic/prods/---Tu-hoa-co-phan-cuc/63786306631945155208673.jpg"
"212","8","Tụ hóa 25V 10000uF 22x30mm JCCON Audio chân cứng","NM02295","","","10000 uF","25 V","22x30mm","","","","","","","","15,000đ","15000","16,200đ","16200","Còn hàng","Chiếc","Đang cập nhật","CHINA","C-012","Linh kiện điện tử","Tụ hóa có phân cực","1611","14396","https://linhkienchatluong.vn/urltu-hoa-co-phan-cuc/tu-hoa-25v-10000uf-22x30mm-jccon-audio-chan-cung_sp1611_ct14396.aspx","https://linhkienchatluong.vn/Uploads/pic/prods/---Tu-hoa-co-phan-cuc/63788491630375871908675.jpg"
"213","8","Tụ hóa 16V 10000uF 16x30mm JCCON tần số cao","NM02294","","","10000 uF","16 V","16x30mm","","","","","","","","6,000đ","6000","6,480đ","6480","Còn hàng","Chiếc","JCCON","CHINA","C-008","Linh kiện điện tử","Tụ hóa có phân cực","1611","14395","https://linhkienchatluong.vn/urltu-hoa-co-phan-cuc/tu-hoa-16v-10000uf-16x30mm-jccon-tan-so-cao_sp1611_ct14395.aspx","https://linhkienchatluong.vn/Uploads/pic/prods/Linh-kien-dien-tu/63873306467599249508671.jpg"
"214","8","Tụ dán 0603 471-470pF 0.47nF 50V 10% (10c)","CLA4091","Tụ dán","471","470 pF | 0.47 nF","50 V","","0603","","SMD/Dán","10c","","","","2,000đ","2000","đ","","","Dây (10 chiếc)","Đang cập nhật","Đang cập nhật","KE2-416","Linh kiện điện tử","Tụ dán 0603","1607","14367","https://linhkienchatluong.vn/urltu-dan-0603/tu-dan-0603-471-470pf-047nf-50v-10-10c_sp1607_ct14367.aspx","https://linhkienchatluong.vn/Uploads/pic/prods/Linh-kien-dien-tu/638208005140591419471-470pF%200.jpg"
"215","8","Tụ dán 0603 331-330pF 0.33nF 50V 10% (10c)","CLA4089","Tụ dán","331","330 pF | 0.33 nF","50 V","","0603","","SMD/Dán","10c","","","","2,000đ","2000","đ","","","Dây (10 chiếc)","Đang cập nhật","Đang cập nhật","KE2-415","Linh kiện điện tử","Tụ dán 0603","1607","14366","https://linhkienchatluong.vn/urltu-dan-0603/tu-dan-0603-331-330pf-033nf-50v-10-10c_sp1607_ct14366.aspx","https://linhkienchatluong.vn/Uploads/pic/prods/Linh-kien-dien-tu/638208005547192063331.jpg"
"216","8","Tụ dán 0603 221-220pF 0.22nF 50V (10c)","CLA4088","Tụ dán","221","220 pF | 0.22 nF","50 V","","0603","","SMD/Dán","10c","","","","2,000đ","2000","đ","","","Dây (10 chiếc)","Đang cập nhật","Đang cập nhật","KE2-414","Linh kiện điện tử","Tụ dán 0603","1607","14365","https://linhkienchatluong.vn/urltu-dan-0603/tu-dan-0603-221-220pf-022nf-50v-10c_sp1607_ct14365.aspx","https://linhkienchatluong.vn/Uploads/pic/prods/Linh-kien-dien-tu/638208005721075304221-220pF%200.jpg"
"217","8","Tụ dán 0603 151-150pF 0.15nF 50V (10c)","CLA4087","Tụ dán","151","150 pF | 0.15 nF","50 V","","0603","","SMD/Dán","10c","","","","2,000đ","2000","đ","","","Dây (10 chiếc)","Đang cập nhật","Đang cập nhật","KE2-413","Linh kiện điện tử","Tụ dán 0603","1607","14364","https://linhkienchatluong.vn/urltu-dan-0603/tu-dan-0603-151-150pf-015nf-50v-10c_sp1607_ct14364.aspx","https://linhkienchatluong.vn/Uploads/pic/prods/Linh-kien-dien-tu/638208006018277649151-150pF%200.15nF%2050V.jpg"
"218","8","Tụ dán 0603 101-100pF 0.1nF 50V 5% (10c)","CLA4086","Tụ dán","101","100 pF | 0.1 nF","50 V","","0603","","SMD/Dán","10c","","","","2,000đ","2000","đ","","","Dây (10 chiếc)","Đang cập nhật","Đang cập nhật","KE2-412","Linh kiện điện tử","Tụ dán 0603","1607","14363","https://linhkienchatluong.vn/urltu-dan-0603/tu-dan-0603-101-100pf-01nf-50v-5-10c_sp1607_ct14363.aspx","https://linhkienchatluong.vn/Uploads/pic/prods/Linh-kien-dien-tu/638208006180899127101-100pF%200.1nF%2050V.jpg"
"219","8","Tụ dán 0603 51pF 50V (10c)","CLA1299","Tụ dán","","51 pF","50 V","","0603","","SMD/Dán","10c","","","","2,000đ","2000","đ","","","Dây (10 chiếc)","Đang cập nhật","Đang cập nhật","KE2-411","Linh kiện điện tử","Tụ dán 0603","1607","14362","https://linhkienchatluong.vn/urltu-dan-0603/tu-dan-0603-51pf-50v-10c_sp1607_ct14362.aspx","https://linhkienchatluong.vn/Uploads/pic/prods/Linh-kien-dien-tu/63820800637312440351pF%2050V.jpg"
"220","8","Tụ dán 0603 33pF 50V 5% (10c)","CLA4084","Tụ dán","","33 pF","50 V","","0603","","SMD/Dán","10c","","","","2,000đ","2000","đ","","","Dây (10 chiếc)","Đang cập nhật","Đang cập nhật","KE2-410","Linh kiện điện tử","Tụ dán 0603","1607","14361","https://linhkienchatluong.vn/urltu-dan-0603/tu-dan-0603-33pf-50v-5-10c_sp1607_ct14361.aspx","https://linhkienchatluong.vn/Uploads/pic/prods/Linh-kien-dien-tu/63820800679029728733pF%2050V%20.jpg"
"221","8","Tụ dán 0603 22pF 50V 5% (10c)","CLA1297","Tụ dán","","22 pF","50 V","","0603","","SMD/Dán","10c","","","","2,000đ","2000","đ","","","Dây (10 chiếc)","Đang cập nhật","Đang cập nhật","KE2-409","Linh kiện điện tử","Tụ dán 0603","1607","14360","https://linhkienchatluong.vn/urltu-dan-0603/tu-dan-0603-22pf-50v-5-10c_sp1607_ct14360.aspx","https://linhkienchatluong.vn/Uploads/pic/prods/Linh-kien-dien-tu/63820800727625481722pF%2050V.jpg"
"222","8","Tụ dán 0603 15pF 50V 5% (10c)","CLA4082","Tụ dán","","15 pF","50 V","","0603","","SMD/Dán","10c","","","","2,000đ","2000","đ","","","Dây (10 chiếc)","Đang cập nhật","Đang cập nhật","KE2-408","Linh kiện điện tử","Tụ dán 0603","1607","14359","https://linhkienchatluong.vn/urltu-dan-0603/tu-dan-0603-15pf-50v-5-10c_sp1607_ct14359.aspx","https://linhkienchatluong.vn/Uploads/pic/prods/Linh-kien-dien-tu/63820800748125585015pF%2050V.jpg"
"223","8","Tụ dán 0603 10pF 50V 5% (10c)","CLA1296","Tụ dán","","10 pF","50 V","","0603","","SMD/Dán","10c","","","","2,000đ","2000","đ","","","Dây (10 chiếc)","Đang cập nhật","Đang cập nhật","KE2-407","Linh kiện điện tử","Tụ dán 0603","1607","14358","https://linhkienchatluong.vn/urltu-dan-0603/tu-dan-0603-10pf-50v-5-10c_sp1607_ct14358.aspx","https://linhkienchatluong.vn/Uploads/pic/prods/Linh-kien-dien-tu/63820799917974982510pF.jpg"
"224","8","Tụ chống sét Varistor 7D221K 220V 7mm","CL08642","Tụ chống sét varistor","","","220 V","7mm","","","","","Chống sét","","","1,000đ","1000","đ","","","Chiếc","Đang cập nhật","Đang cập nhật","C-119","Linh kiện điện tử","7D - đường kính 7mm","1921","14319","https://linhkienchatluong.vn/url7d---duong-kinh-7mm/tu-chong-set-varistor-7d221k-220v-7mm_sp1921_ct14319.aspx","https://linhkienchatluong.vn/Uploads/pic/prods/Linh-kien-dien-tu/63862940637324136308642.jpg"
"225","8","Tụ quạt 1.5uF dây loại thường","CL08582","Tụ quạt","","1.5 uF","","","","","Dạng dây","","Quạt","","","5,000đ","5000","đ","","","","Đang cập nhật","Chính hãng","1","Linh kiện điện tử","Tụ đề - Tụ khởi động","992","14254","https://linhkienchatluong.vn/urltu-de---tu-khoi-dong/tu-quat-15uf-day-loai-thuong_sp992_ct14254.aspx","https://linhkienchatluong.vn/Uploads/pic/prods/---Tu-de--Tu-khoi-dong/63777749775502426308582-1.jpg"
"226","8","Tụ quạt 1uF dây loại thường","CL05329","Tụ quạt","","1 uF","","","","","Dạng dây","","Quạt","","","4,000đ","4000","đ","","","Chiếc","Đang cập nhật","Chính hãng","-","Linh kiện điện tử","Tụ đề - Tụ khởi động","992","14253","https://linhkienchatluong.vn/urltu-de---tu-khoi-dong/tu-quat-1uf-day-loai-thuong_sp992_ct14253.aspx","https://linhkienchatluong.vn/Uploads/pic/prods/---Tu-de--Tu-khoi-dong/63777693795472753305329.jpg"
"227","8","Tụ hóa 250V 470uF 18x40mm tần số cao","NM02293","","","470 uF","250 V","18x40mm","","","","","","","","12,000đ","12000","12,960đ","12960","Còn hàng","Chiếc","Đang cập nhật","Đang cập nhật","C-046","Linh kiện điện tử","Tụ hóa có phân cực","1611","14188","https://linhkienchatluong.vn/urltu-hoa-co-phan-cuc/tu-hoa-250v-470uf-18x40mm-tan-so-cao_sp1611_ct14188.aspx","https://linhkienchatluong.vn/Uploads/pic/prods/Linh-kien-dien-tu/63873306306895868008519.jpg"
"228","8","Combo tụ dán 1206 80 giá trị từ 0.5pF-22uF (1 giá trị 25 chiếc)","CL08302","Tụ dán","","0.5 pF | 22 uF","","","1206","","SMD/Dán","25 chiếc","","","","730,000đ","730000","đ","","","Quyển","CHINA","CHINA","-","Linh kiện điện tử","Combo tụ điện","1497","11884","https://linhkienchatluong.vn/urlcombo-tu-dien/combo-tu-dan-1206-80-gia-tri-tu-05pf-22uf-1-gia-tri-25-chiec_sp1497_ct11884.aspx","https://linhkienchatluong.vn/Uploads/pic/prods/Linh-kien-dien-tu/63875474232899389208302.jpg"
"229","8","Combo tụ dán 0805 92 giá trị từ 0.5pF-10uF (1 giá trị 50 chiếc)","NM02245","Tụ dán","","0.5 pF | 10 uF","","","0805","","SMD/Dán","50 chiếc","","","","560,000đ","560000","604,800đ","604800","Còn hàng","Combo","CHINA","CHINA","-","Linh kiện điện tử","Combo tụ điện","1497","11883","https://linhkienchatluong.vn/urlcombo-tu-dien/combo-tu-dan-0805-92-gia-tri-tu-05pf-10uf-1-gia-tri-50-chiec_sp1497_ct11883.aspx","https://linhkienchatluong.vn/Uploads/pic/prods/Linh-kien-dien-tu/63875474257753881908301.jpg"
"230","8","Combo tụ dán 0603 90 giá trị từ 0.5pF-2.2uF (1 giá trị 50 chiếc)","NM02244","Tụ dán","","0.5 pF | 2.2 uF","","","0603","","SMD/Dán","50 chiếc","","","","495,000đ","495000","534,600đ","534600","Còn hàng","Combo","CHINA","CHINA","-","Linh kiện điện tử","Combo tụ điện","1497","11882","https://linhkienchatluong.vn/urlcombo-tu-dien/combo-tu-dan-0603-90-gia-tri-tu-05pf-22uf-1-gia-tri-50-chiec_sp1497_ct11882.aspx","https://linhkienchatluong.vn/Uploads/pic/prods/Linh-kien-dien-tu/63875474553763776208300.jpg"
"231","8","Combo tụ dán 0402 80 giá trị từ 0.5pF-1uF (1 giá trị 50 chiếc)","NM01033","Tụ dán","","0.5 pF | 1 uF","","","0402","","SMD/Dán","50 chiếc","","","","270,000đ","270000","291,600đ","291600","Còn hàng","Combo","CHINA","CHINA","-","Linh kiện điện tử","Combo tụ điện","1497","11881","https://linhkienchatluong.vn/urlcombo-tu-dien/combo-tu-dan-0402-80-gia-tri-tu-05pf-1uf-1-gia-tri-50-chiec_sp1497_ct11881.aspx","https://linhkienchatluong.vn/Uploads/pic/prods/Linh-kien-dien-tu/63875474578064739108299.jpg"
"232","8","Tụ máy bơm nước 15uF 370VAC/ 450VAC","CL08232","","","15 uF","370 VAC | 450 VAC","","","","","","","","","20,000đ","20000","đ","","","Chiếc","CHINA","CHINA","TA-010","Linh kiện điện tử","Tụ đề - Tụ khởi động","992","11849","https://linhkienchatluong.vn/urltu-de---tu-khoi-dong/tu-may-bom-nuoc-15uf-370vac-450vac_sp992_ct11849.aspx","https://linhkienchatluong.vn/Uploads/pic/prods/Linh-kien-dien-tu/63827972655889312208232.jpg"
"233","8","Tụ bếp từ 0.33uF 1200V loại nằm màu xanh chính hãng BM","CL08215","Tụ bếp từ","","0.33 uF","1200 V","","","","","","Bếp từ","BM","Màu xanh","10,000đ","10000","đ","","","Chiếc","BM","Đang cập nhật","TA-011","Linh kiện điện tử","Tụ Bếp Từ","710","11835","https://linhkienchatluong.vn/urltu-bep-tu/tu-bep-tu-033uf-1200v-loai-nam-mau-xanh-chinh-hang-bm_sp710_ct11835.aspx","https://linhkienchatluong.vn/Uploads/pic/prods/Linh-kien-dien-tu/6379202259302748560.33N-1.jpg"
"234","8","Tụ hóa 200V 3300uF 35x70mm chân cứng JCCON Audio tần số cao","NM02331","","","3300 uF","200 V","35x70mm","","","","","","","","90,000đ","90000","97,200đ","97200","Còn hàng","Chiếc","JCCON","Chính hãng","C-043A","Linh kiện điện tử","Tụ hóa có phân cực","1611","11779","https://linhkienchatluong.vn/urltu-hoa-co-phan-cuc/tu-hoa-200v-3300uf-35x70mm-chan-cung-jccon-audio-tan-so-cao_sp1611_ct11779.aspx","https://linhkienchatluong.vn/Uploads/pic/prods/Linh-kien-dien-tu/63847843623572893408171.jpg"
"235","8","Tụ hóa 80V 15000uF 35x70mm chân cứng JCCON Audio tần số cao","CL08154","","","15000 uF","80 V","35x70mm","","","","","","","","82,000đ","82000","đ","","","Chiếc","JCCON","Chính hãng","C-065B","Linh kiện điện tử","Tụ hóa có phân cực","1611","11757","https://linhkienchatluong.vn/urltu-hoa-co-phan-cuc/tu-hoa-80v-15000uf-35x70mm-chan-cung-jccon-audio-tan-so-cao_sp1611_ct11757.aspx","https://linhkienchatluong.vn/Uploads/pic/prods/Linh-kien-dien-tu/63832283151793294908154.jpg"
"236","8","Tụ hóa 63V 15000uF 35x60mm chân cứng JCCON Audio tần số cao","CL08153","","","15000 uF","63 V","35x60mm","","","","","","","","58,000đ","58000","đ","","","Chiếc","JCCON","Chính hãng","C-032","Linh kiện điện tử","Tụ hóa có phân cực","1611","11756","https://linhkienchatluong.vn/urltu-hoa-co-phan-cuc/tu-hoa-63v-15000uf-35x60mm-chan-cung-jccon-audio-tan-so-cao_sp1611_ct11756.aspx","https://linhkienchatluong.vn/Uploads/pic/prods/Linh-kien-dien-tu/63832283126253294208153-2.jpg"
"237","8","Tụ Audiophiler 47uF 250V 476J màu đỏ","CL07559","","476J","47 uF","250 V","","","J","","","","","Màu đỏ","49,000đ","49000","đ","","","Chiếc","Đang cập nhật","Đang cập nhật","C-140","Linh kiện điện tử","Tụ chuyên Audio","1164","11144","https://linhkienchatluong.vn/urltu-chuyen-audio/tu-audiophiler-47uf-250v-476j-mau-do_sp1164_ct11144.aspx","https://linhkienchatluong.vn/Uploads/pic/prods/Linh-kien-dien-tu/63844800803445077207559.jpg"
"238","8","Tụ bếp từ 5uF 275VAC 400VDC loại nằm màu xanh chính hãng BM","NM02161","Tụ bếp từ","","5 uF","275 VAC | 400 VDC","","","","","","Bếp từ","BM","Màu xanh","11,000đ","11000","11,880đ","11880","Còn hàng","Chiếc","BM","Chính hãng","TA-014","Linh kiện điện tử","Tụ Bếp Từ","710","11060","https://linhkienchatluong.vn/urltu-bep-tu/tu-bep-tu-5uf-275vac-400vdc-loai-nam-mau-xanh-chinh-hang-bm_sp710_ct11060.aspx","https://linhkienchatluong.vn/Uploads/pic/prods/Linh-kien-dien-tu/6379202266489505075n.jpg"
"239","8","Tụ bếp từ 4uF 275VAC 400VDC 31mm loại đứng màu xanh chính hãng BM","CL07526","Tụ bếp từ","","4 uF","275 VAC | 400 VDC","31mm","","","","","Bếp từ","BM","Màu xanh","9,000đ","9000","đ","","","Chiếc","BM","Đang cập nhật","TA-013","Linh kiện điện tử","Tụ Bếp Từ","710","11059","https://linhkienchatluong.vn/urltu-bep-tu/tu-bep-tu-4uf-275vac-400vdc-31mm-loai-dung-mau-xanh-chinh-hang-bm_sp710_ct11059.aspx","https://linhkienchatluong.vn/Uploads/pic/prods/Linh-kien-dien-tu/63862941239562716807526.jpg"
"240","8","Tụ gốm 224 0.22uF 220nF 50V (nguyên túi 500c)","CLA3373","Tụ gốm","","0.22 uF | 220 nF","50 V","","","","","500c","","","","120,000đ","120000","đ","","","Túi (500 chiếc)","CHINA","CHINA","-","Linh kiện điện tử","Tụ Gốm","453","9993","https://linhkienchatluong.vn/urltu-gom/tu-gom-224-022uf-220nf-50v-nguyen-tui-500c_sp453_ct9993.aspx","https://linhkienchatluong.vn/Uploads/pic/prods/---Tu-Gom/6374155014334033023373.jpg"
"241","9","Tụ gốm 473 0.047uF 47nF 50V (nguyên túi 500c)","CLA1190","Tụ gốm","","0.047 uF | 47 nF","50 V","","","","","500c","","","","37,000đ","37000","đ","","","Túi","CHINA","CHINA","-","Linh kiện điện tử","Tụ Gốm","453","9991","https://linhkienchatluong.vn/urltu-gom/tu-gom-473-0047uf-47nf-50v-nguyen-tui-500c_sp453_ct9991.aspx","https://linhkienchatluong.vn/Uploads/pic/prods/Linh-kien-dien-tu/6384220805325572071190.jpg"
"242","9","Tụ gốm 333 0.033uF 33nF 50V (nguyên túi 500c)","CLA1189","Tụ gốm","","0.033 uF | 33 nF","50 V","","","","","500c","","","","37,000đ","37000","đ","","","Túi","CHINA","CHINA","-","Linh kiện điện tử","Tụ Gốm","453","9990","https://linhkienchatluong.vn/urltu-gom/tu-gom-333-0033uf-33nf-50v-nguyen-tui-500c_sp453_ct9990.aspx","https://linhkienchatluong.vn/Uploads/pic/prods/Linh-kien-dien-tu/6384220803518296081189.jpg"
"243","9","Tụ gốm 223 0.022uF 22nF 50V (nguyên túi 500c)","CLA1188","Tụ gốm","","0.022 uF | 22 nF","50 V","","","","","500c","","","","37,000đ","37000","đ","","","Túi","CHINA","CHINA","-","Linh kiện điện tử","Tụ Gốm","453","9989","https://linhkienchatluong.vn/urltu-gom/tu-gom-223-0022uf-22nf-50v-nguyen-tui-500c_sp453_ct9989.aspx","https://linhkienchatluong.vn/Uploads/pic/prods/Linh-kien-dien-tu/6384220791465459761188.jpg"
"244","9","Tụ gốm 682 6.8nF 50V (nguyên túi 500c)","CLA3997","Tụ gốm","","6.8 nF","50 V","","","","","500c","","","","37,000đ","37000","đ","","","Túi","CHINA","CHINA","-","Linh kiện điện tử","Tụ Gốm","453","9987","https://linhkienchatluong.vn/urltu-gom/tu-gom-682-68nf-50v-nguyen-tui-500c_sp453_ct9987.aspx","https://linhkienchatluong.vn/Uploads/pic/prods/Linh-kien-dien-tu/6384220780138229693997.jpg"
"245","9","Tụ gốm 472 4.7nF 50V (nguyên túi 500c)","CLA1186","Tụ gốm","","4.7 nF","50 V","","","","","500c","","","","37,000đ","37000","đ","","","Túi","CHINA","CHINA","-","Linh kiện điện tử","Tụ Gốm","453","9986","https://linhkienchatluong.vn/urltu-gom/tu-gom-472-47nf-50v-nguyen-tui-500c_sp453_ct9986.aspx","https://linhkienchatluong.vn/Uploads/pic/prods/Linh-kien-dien-tu/6384220810083186511186.jpg"
"246","9","Tụ gốm 332 3.3nF 50V (nguyên túi 500c)","CLA1185","Tụ gốm","","3.3 nF","50 V","","","","","500c","","","","37,000đ","37000","đ","","","Túi","CHINA","CHINA","-","Linh kiện điện tử","Tụ Gốm","453","9985","https://linhkienchatluong.vn/urltu-gom/tu-gom-332-33nf-50v-nguyen-tui-500c_sp453_ct9985.aspx","https://linhkienchatluong.vn/Uploads/pic/prods/Linh-kien-dien-tu/6384220778014205211185.jpg"
"247","9","Tụ gốm 102 1nF 50V (nguyên túi 500c)","CLA4805","Tụ gốm","","1 nF","50 V","","","","","500c","","","","37,000đ","37000","đ","","","Túi","CHINA","CHINA","-","Linh kiện điện tử","Tụ Gốm","453","9984","https://linhkienchatluong.vn/urltu-gom/tu-gom-102-1nf-50v-nguyen-tui-500c_sp453_ct9984.aspx","https://linhkienchatluong.vn/Uploads/pic/prods/Linh-kien-dien-tu/6384220775979194154805.jpg"
"248","9","Tụ gốm 471 470pF 50V (nguyên túi 500c)","CLA1181","Tụ gốm","","470 pF","50 V","","","","","500c","","","","37,000đ","37000","đ","","","Túi","CHINA","CHINA","-","Linh kiện điện tử","Tụ Gốm","453","9983","https://linhkienchatluong.vn/urltu-gom/tu-gom-471-470pf-50v-nguyen-tui-500c_sp453_ct9983.aspx","https://linhkienchatluong.vn/Uploads/pic/prods/Linh-kien-dien-tu/6384220811740799821181.jpg"
"249","9","Tụ gốm 331 330pF 50V (nguyên túi 500c)","CL07238","Tụ gốm","","330 pF","50 V","","","","","500c","","","","37,000đ","37000","đ","","","Túi","CHINA","CHINA","-","Linh kiện điện tử","Tụ Gốm","453","9982","https://linhkienchatluong.vn/urltu-gom/tu-gom-331-330pf-50v-nguyen-tui-500c_sp453_ct9982.aspx","https://linhkienchatluong.vn/Uploads/pic/prods/Linh-kien-dien-tu/63842207741607164207238.jpg"
"250","9","Tụ gốm 221 220pF 50V (nguyên túi 500c)","CL06449","Tụ gốm","","220 pF","50 V","","","","","500c","","","","37,000đ","37000","đ","","","Túi","CHINA","CHINA","-","Linh kiện điện tử","Tụ Gốm","453","9981","https://linhkienchatluong.vn/urltu-gom/tu-gom-221-220pf-50v-nguyen-tui-500c_sp453_ct9981.aspx","https://linhkienchatluong.vn/Uploads/pic/prods/Linh-kien-dien-tu/63842207720397929106449.jpg"
"251","9","Tụ gốm 151 150pF 50V (nguyên túi 500c)","CLA3996","Tụ gốm","","150 pF","50 V","","","","","500c","","","","37,000đ","37000","đ","","","Túi","CHINA","CHINA","-","Linh kiện điện tử","Tụ Gốm","453","9980","https://linhkienchatluong.vn/urltu-gom/tu-gom-151-150pf-50v-nguyen-tui-500c_sp453_ct9980.aspx","https://linhkienchatluong.vn/Uploads/pic/prods/Linh-kien-dien-tu/6384220769724239763996.jpg"
"252","9","Tụ gốm 101 100pF 50V (nguyên túi 500c)","CLA4804","Tụ gốm","","100 pF","50 V","","","","","500c","","","","37,000đ","37000","đ","","","Túi","CHINA","CHINA","-","Linh kiện điện tử","Tụ Gốm","453","9979","https://linhkienchatluong.vn/urltu-gom/tu-gom-101-100pf-50v-nguyen-tui-500c_sp453_ct9979.aspx","https://linhkienchatluong.vn/Uploads/pic/prods/Linh-kien-dien-tu/6384220767659223564804.jpg"
"253","9","Tụ gốm 82pF 50V (nguyên túi 500c)","CLA3995","Tụ gốm","","82 pF","50 V","","","","","500c","","","","37,000đ","37000","đ","","","Túi","CHINA","CHINA","-","Linh kiện điện tử","Tụ Gốm","453","9978","https://linhkienchatluong.vn/urltu-gom/tu-gom-82pf-50v-nguyen-tui-500c_sp453_ct9978.aspx","https://linhkienchatluong.vn/Uploads/pic/prods/Linh-kien-dien-tu/6384220766014672473995.jpg"
"254","9","Tụ gốm 68pF 50V (nguyên túi 500c)","CLA1177","Tụ gốm","","68 pF","50 V","","","","","500c","","","","37,000đ","37000","đ","","","Túi","CHINA","CHINA","-","Linh kiện điện tử","Tụ Gốm","453","9977","https://linhkienchatluong.vn/urltu-gom/tu-gom-68pf-50v-nguyen-tui-500c_sp453_ct9977.aspx","https://linhkienchatluong.vn/Uploads/pic/prods/Linh-kien-dien-tu/6384220764241501731177.jpg"
"255","9","Tụ gốm 56pF 50V (nguyên túi 500c)","CLA3994","Tụ gốm","","56 pF","50 V","","","","","500c","","","","37,000đ","37000","đ","","","Túi","CHINA","CHINA","-","Linh kiện điện tử","Tụ Gốm","453","9976","https://linhkienchatluong.vn/urltu-gom/tu-gom-56pf-50v-nguyen-tui-500c_sp453_ct9976.aspx","https://linhkienchatluong.vn/Uploads/pic/prods/Linh-kien-dien-tu/6384220806980686973994.jpg"
"256","9","Tụ gốm 47pF 50V (nguyên túi 500c)","CL06013","Tụ gốm","","47 pF","50 V","","","","","500c","","","","37,000đ","37000","đ","","","Túi","CHINA","CHINA","-","Linh kiện điện tử","Tụ Gốm","453","9975","https://linhkienchatluong.vn/urltu-gom/tu-gom-47pf-50v-nguyen-tui-500c_sp453_ct9975.aspx","https://linhkienchatluong.vn/Uploads/pic/prods/Linh-kien-dien-tu/63842207612706631406013.jpg"
"257","9","Tụ gốm 33pF 50V (nguyên túi 500c)","CL05735","Tụ gốm","","33 pF","50 V","","","","","500c","","","","37,000đ","37000","đ","","","Túi","CHINA","CHINA","-","Linh kiện điện tử","Tụ Gốm","453","9974","https://linhkienchatluong.vn/urltu-gom/tu-gom-33pf-50v-nguyen-tui-500c_sp453_ct9974.aspx","https://linhkienchatluong.vn/Uploads/pic/prods/Linh-kien-dien-tu/63842207592685684805735.jpg"
"258","9","Tụ gốm 30pF 50V (nguyên túi 500c)","CLA1174","Tụ gốm","","30 pF","50 V","","","","","500c","","","","37,000đ","37000","đ","","","Túi","CHINA","CHINA","-","Linh kiện điện tử","Tụ Gốm","453","9973","https://linhkienchatluong.vn/urltu-gom/tu-gom-30pf-50v-nguyen-tui-500c_sp453_ct9973.aspx","https://linhkienchatluong.vn/Uploads/pic/prods/Linh-kien-dien-tu/6384220757325182731174.jpg"
"259","9","Tụ gốm 27pF 50V (nguyên túi 500c)","CLA1173","Tụ gốm","","27 pF","50 V","","","","","500c","","","","37,000đ","37000","đ","","","Túi","CHINA","CHINA","-","Linh kiện điện tử","Tụ Gốm","453","9972","https://linhkienchatluong.vn/urltu-gom/tu-gom-27pf-50v-nguyen-tui-500c_sp453_ct9972.aspx","https://linhkienchatluong.vn/Uploads/pic/prods/Linh-kien-dien-tu/6384220755531519541173.jpg"
"260","9","Tụ gốm 22pF 50V (nguyên túi 500c)","CLA1172","Tụ gốm","","22 pF","50 V","","","","","500c","","","","37,000đ","37000","đ","","","Túi","CHINA","CHINA","-","Linh kiện điện tử","Tụ Gốm","453","9971","https://linhkienchatluong.vn/urltu-gom/tu-gom-22pf-50v-nguyen-tui-500c_sp453_ct9971.aspx","https://linhkienchatluong.vn/Uploads/pic/prods/Linh-kien-dien-tu/6384220753704650001172.jpg"
"261","9","Tụ gốm 15pF 50V (nguyên túi 500c)","CL06448","Tụ gốm","","15 pF","50 V","","","","","500c","","","","37,000đ","37000","đ","","","Túi","CHINA","CHINA","-","Linh kiện điện tử","Tụ Gốm","453","9969","https://linhkienchatluong.vn/urltu-gom/tu-gom-15pf-50v-nguyen-tui-500c_sp453_ct9969.aspx","https://linhkienchatluong.vn/Uploads/pic/prods/Linh-kien-dien-tu/63842207514929250106448.jpg"
"262","9","Tụ gốm 10pF 50V (nguyên túi 500c)","CLA3993","Tụ gốm","","10 pF","50 V","","","","","500c","","","","37,000đ","37000","đ","","","Túi","CHINA","CHINA","-","Linh kiện điện tử","Tụ Gốm","453","9968","https://linhkienchatluong.vn/urltu-gom/tu-gom-10pf-50v-nguyen-tui-500c_sp453_ct9968.aspx","https://linhkienchatluong.vn/Uploads/pic/prods/Linh-kien-dien-tu/6384220749678657953993.jpg"
"263","9","Tụ bếp từ 5uF 275VAC 400VDC loại đứng màu xanh chính hãng BM","NM02774","Tụ bếp từ","","5 uF","275 VAC | 400 VDC","","","","","","Bếp từ","BM","Màu xanh","11,000đ","11000","11,880đ","11880","Còn hàng","Chiếc","BM","Chính hãng","TA-015","Linh kiện điện tử","Tụ Bếp Từ","710","9749","https://linhkienchatluong.vn/urltu-bep-tu/tu-bep-tu-5uf-275vac-400vdc-loai-dung-mau-xanh-chinh-hang-bm_sp710_ct9749.aspx","https://linhkienchatluong.vn/Uploads/pic/prods/Linh-kien-dien-tu/6379202262724892245%C4%91.jpg"
"264","9","Tụ bếp từ 5uF 275VAC 400VDC màu xanh chính hãng BM (cho bếp siêu mỏng)","CL07346","Tụ bếp từ","","5 uF","275 VAC | 400 VDC","","","","","","Bếp từ","BM","Màu xanh","9,000đ","9000","đ","","","Chiếc","BM","Chính hãng","TA-014","Linh kiện điện tử","Tụ Bếp Từ","710","9748","https://linhkienchatluong.vn/urltu-bep-tu/tu-bep-tu-5uf-275vac-400vdc-mau-xanh-chinh-hang-bm-cho-bep-sieu-mong_sp710_ct9748.aspx","https://linhkienchatluong.vn/Uploads/pic/prods/Linh-kien-dien-tu/6379202277695196495sm.jpg"
"265","9","Tụ bếp từ 3uF 275VAC 400VDC loại đứng màu xanh chính hãng BM","NM02160","Tụ bếp từ","","3 uF","275 VAC | 400 VDC","","","","","","Bếp từ","BM","Màu xanh","11,000đ","11000","11,880đ","11880","Còn hàng","Chiếc","BM","Đang cập nhật","TA-013","Linh kiện điện tử","Tụ Bếp Từ","710","9747","https://linhkienchatluong.vn/urltu-bep-tu/tu-bep-tu-3uf-275vac-400vdc-loai-dung-mau-xanh-chinh-hang-bm_sp710_ct9747.aspx","https://linhkienchatluong.vn/Uploads/pic/prods/Linh-kien-dien-tu/6379202229910974643%C4%91.jpg"
"266","9","Tụ hóa 50V 6800uF 25x40mm chân cứng JCCON Audio","NM02318","","","6800 uF","50 V","25x40mm","","","","","","","","24,000đ","24000","25,920đ","25920","Còn hàng","Chiếc","JCCON","CHINA","C-026","Linh kiện điện tử","Tụ hóa có phân cực","1611","9745","https://linhkienchatluong.vn/urltu-hoa-co-phan-cuc/tu-hoa-50v-6800uf-25x40mm-chan-cung-jccon-audio_sp1611_ct9745.aspx","https://linhkienchatluong.vn/Uploads/pic/prods/Linh-kien-dien-tu/63847826829946207207343.jpg"
"267","9","Tụ hiệu chỉnh 274J 270nF 0.27uF 100V 5mm màu vàng","CL07246","","274J","270 nF | 0.27 uF","100 V","5mm","","J","","","","","Màu vàng","1,200đ","1200","đ","","","Chiếc","CHINA","Đang cập nhật","C-103","Linh kiện điện tử","Tụ Correction - Tụ hiệu chỉnh","457","9647","https://linhkienchatluong.vn/urltu-correction---tu-hieu-chinh/tu-hieu-chinh-274j-270nf-027uf-100v-5mm-mau-vang_sp457_ct9647.aspx","https://linhkienchatluong.vn/Uploads/pic/prods/Linh-kien-dien-tu/638543141747915297274.jpg"
"268","9","Tụ hóa 450V 470uF 35x50mm chân cứng JCCON Audio","NM02338","","","470 uF","450 V","35x50mm","","","","","","","","52,000đ","52000","56,160đ","56160","Còn hàng","Chiếc","JCCON","CHINA","C-062","Linh kiện điện tử","Tụ hóa có phân cực","1611","9645","https://linhkienchatluong.vn/urltu-hoa-co-phan-cuc/tu-hoa-450v-470uf-35x50mm-chan-cung-jccon-audio_sp1611_ct9645.aspx","https://linhkienchatluong.vn/Uploads/pic/prods/Linh-kien-dien-tu/63847908794730343607242.jpg"
"269","9","Tụ hóa 250V 330uF 22x30mm chân cứng JCCON Audio","CL07245","","","330 uF","250 V","22x30mm","","","","","","","","17,000đ","17000","đ","","","Chiếc","Đang cập nhật","Đang cập nhật","C-063","Linh kiện điện tử","Tụ hóa có phân cực","1611","9644","https://linhkienchatluong.vn/urltu-hoa-co-phan-cuc/tu-hoa-250v-330uf-22x30mm-chan-cung-jccon-audio_sp1611_ct9644.aspx","https://linhkienchatluong.vn/Uploads/pic/prods/Linh-kien-dien-tu/63847815069268565907245.jpg"
"270","9","Tụ hóa 100V 3300uF 30x40mm chân cứng JCCON Audio","CL07243","","","3300 uF","100 V","30x40mm","","","","","","","","34,000đ","34000","đ","","","","JCCON","Chính hãng","C-062","Linh kiện điện tử","Tụ hóa có phân cực","1611","9643","https://linhkienchatluong.vn/urltu-hoa-co-phan-cuc/tu-hoa-100v-3300uf-30x40mm-chan-cung-jccon-audio_sp1611_ct9643.aspx","https://linhkienchatluong.vn/Uploads/pic/prods/Linh-kien-dien-tu/63831602124628030807243.jpg"
"271","10","Tụ hóa 100V 2200uF 25x30mm chân cứng JCCON Audio","NM02292","","","2200 uF","100 V","25x30mm","","","","","","","","24,000đ","24000","25,920đ","25920","Còn hàng","Chiếc","JCCON","Đang cập nhật","C-062","Linh kiện điện tử","Tụ hóa có phân cực","1611","9642","https://linhkienchatluong.vn/urltu-hoa-co-phan-cuc/tu-hoa-100v-2200uf-25x30mm-chan-cung-jccon-audio_sp1611_ct9642.aspx","https://linhkienchatluong.vn/Uploads/pic/prods/Linh-kien-dien-tu/63847815164040628507244.jpg"
"272","10","Tụ block điều hòa 60uF 450V CBB65 chính hãng Mascotop","CL07224","","CBB65","60 uF","450 V","","","","","","Điều hòa | Block","Mascotop","","94,000đ","94000","đ","","","Chiếc","Đang cập nhật","Đang cập nhật","-","Linh kiện điện tử","Tụ đề - Tụ khởi động","992","9566","https://linhkienchatluong.vn/urltu-de---tu-khoi-dong/tu-block-dieu-hoa-60uf-450v-cbb65-chinh-hang-mascotop_sp992_ct9566.aspx","https://linhkienchatluong.vn/Uploads/pic/prods/Linh-kien-dien-tu/63822362344093347007224.jpg"
"273","10","Tụ block điều hòa 50uF 450V CBB65 chính hãng Mascotop","NM00847","","CBB65","50 uF","450 V","","","","","","Điều hòa | Block","Mascotop","","75,000đ","75000","81,000đ","81000","","Chiếc","Mascotop","Chính hãng","-","Linh kiện điện tử","Tụ đề - Tụ khởi động","992","9565","https://linhkienchatluong.vn/urltu-de---tu-khoi-dong/tu-block-dieu-hoa-50uf-450v-cbb65-chinh-hang-mascotop_sp992_ct9565.aspx","https://linhkienchatluong.vn/Uploads/pic/prods/Linh-kien-dien-tu/63822362450566946807223.jpg"
"274","10","Tụ block điều hòa 40uF 450V CBB65 chính hãng Mascotop","NM00845","","CBB65","40 uF","450 V","","","","","","Điều hòa | Block","Mascotop","","67,000đ","67000","72,360đ","72360","Còn hàng","Chiếc","Mascotop","Chính hãng","-","Linh kiện điện tử","Tụ đề - Tụ khởi động","992","9564","https://linhkienchatluong.vn/urltu-de---tu-khoi-dong/tu-block-dieu-hoa-40uf-450v-cbb65-chinh-hang-mascotop_sp992_ct9564.aspx","https://linhkienchatluong.vn/Uploads/pic/prods/Linh-kien-dien-tu/63822362481115605707222.jpg"
"275","10","Tụ block điều hòa 35uF 450V CBB65 chính hãng Mascotop","NM00844","","CBB65","35 uF","450 V","","","","","","Điều hòa | Block","Mascotop","","62,000đ","62000","66,960đ","66960","","Chiếc","Đang cập nhật","Đang cập nhật","-","Linh kiện điện tử","Tụ đề - Tụ khởi động","992","9563","https://linhkienchatluong.vn/urltu-de---tu-khoi-dong/tu-block-dieu-hoa-35uf-450v-cbb65-chinh-hang-mascotop_sp992_ct9563.aspx","https://linhkienchatluong.vn/Uploads/pic/prods/Linh-kien-dien-tu/63822362183017606107221.jpg"
"276","10","Tụ block điều hòa 30uF 450V CBB65 chính hãng Mascotop","NM00843","","CBB65","30 uF","450 V","","","","","","Điều hòa | Block","Mascotop","","55,000đ","55000","59,400đ","59400","","Chiếc","Mascotop","Chính hãng","-","Linh kiện điện tử","Tụ đề - Tụ khởi động","992","9562","https://linhkienchatluong.vn/urltu-de---tu-khoi-dong/tu-block-dieu-hoa-30uf-450v-cbb65-chinh-hang-mascotop_sp992_ct9562.aspx","https://linhkienchatluong.vn/Uploads/pic/prods/Linh-kien-dien-tu/63822362516446156107220.jpg"
"277","10","Tụ block điều hòa 25uF 450V CBB65 chính hãng Mascotop","CL07219","","CBB65","25 uF","450 V","","","","","","Điều hòa | Block","Mascotop","","50,000đ","50000","đ","","","Chiếc","Mascotop","CHINA","TU-02","Linh kiện điện tử","Tụ đề - Tụ khởi động","992","9561","https://linhkienchatluong.vn/urltu-de---tu-khoi-dong/tu-block-dieu-hoa-25uf-450v-cbb65-chinh-hang-mascotop_sp992_ct9561.aspx","https://linhkienchatluong.vn/Uploads/pic/prods/Linh-kien-dien-tu/63822362546887350007219.jpg"
"278","10","Tụ quạt 3uF 450VAC CBB61 4 chân cắm jack chính hãng Mascotop","NM00842","Tụ quạt","CBB61","3 uF","450 VAC","","","","Chân cắm","","Quạt","Mascotop","","16,000đ","16000","17,280đ","17280","","Chiếc","Mascotop","Chính hãng","TA-008","Linh kiện điện tử","Tụ đề - Tụ khởi động","992","9560","https://linhkienchatluong.vn/urltu-de---tu-khoi-dong/tu-quat-3uf-450vac-cbb61-4-chan-cam-jack-chinh-hang-mascotop_sp992_ct9560.aspx","https://linhkienchatluong.vn/Uploads/pic/prods/Linh-kien-dien-tu/63851024250532723207217.jpg"
"279","10","Tụ quạt 2.5uF 450VAC CBB61 4 chân cắm jack chính hãng Mascotop","NM00841","Tụ quạt","CBB61","2.5 uF","450 VAC","","","","Chân cắm","","Quạt","Mascotop","","15,000đ","15000","16,200đ","16200","","Chiếc","Mascotop","Chính hãng","TA-008","Linh kiện điện tử","Tụ đề - Tụ khởi động","992","9559","https://linhkienchatluong.vn/urltu-de---tu-khoi-dong/tu-quat-25uf-450vac-cbb61-4-chan-cam-jack-chinh-hang-mascotop_sp992_ct9559.aspx","https://linhkienchatluong.vn/Uploads/pic/prods/Linh-kien-dien-tu/63851024225123774607216.jpg"
"280","10","Tụ quạt 2uF 450VAC CBB61 4 chân cắm jack chính hãng Mascotop","NM00840","Tụ quạt","CBB61","2 uF","450 VAC","","","","Chân cắm","","Quạt","Mascotop","","14,000đ","14000","15,120đ","15120","","Chiếc","Mascotop","Chính hãng","TA-008","Linh kiện điện tử","Tụ đề - Tụ khởi động","992","9558","https://linhkienchatluong.vn/urltu-de---tu-khoi-dong/tu-quat-2uf-450vac-cbb61-4-chan-cam-jack-chinh-hang-mascotop_sp992_ct9558.aspx","https://linhkienchatluong.vn/Uploads/pic/prods/Linh-kien-dien-tu/63862941588236384907215.jpg"
"281","10","Tụ quạt 1.5uF 450VAC CBB61 4 chân cắm jack chính hãng Mascotop","NM00839","Tụ quạt","CBB61","1.5 uF","450 VAC","","","","Chân cắm","","Quạt","Mascotop","","12,000đ","12000","12,960đ","12960","Còn hàng","Chiếc","Mascotop","Chính hãng","TA-008","Linh kiện điện tử","Tụ đề - Tụ khởi động","992","9557","https://linhkienchatluong.vn/urltu-de---tu-khoi-dong/tu-quat-15uf-450vac-cbb61-4-chan-cam-jack-chinh-hang-mascotop_sp992_ct9557.aspx","https://linhkienchatluong.vn/Uploads/pic/prods/Linh-kien-dien-tu/63851024152511414807218.jpg"
"282","10","Tụ hóa 50V 10000uF 30x50mm chân cứng JCCON Audio","NM02317","","","10000 uF","50 V","30x50mm","","","","","","","","36,000đ","36000","38,880đ","38880","Còn hàng","Chiếc","JCCON","Đang cập nhật","C-060","Linh kiện điện tử","Tụ hóa có phân cực","1611","9538","https://linhkienchatluong.vn/urltu-hoa-co-phan-cuc/tu-hoa-50v-10000uf-30x50mm-chan-cung-jccon-audio_sp1611_ct9538.aspx","https://linhkienchatluong.vn/Uploads/pic/prods/Linh-kien-dien-tu/63847827317567277807205.jpg"
"283","10","Tụ quạt 2.2uF dây SENJU CBB61 loại tốt","NM00753","Tụ quạt","CBB61","2.2 uF","","","","","Dạng dây","","Quạt","SENJU","","9,000đ","9000","9,720đ","9720","Còn hàng","Chiếc","SENJU","Chính hãng","TA-005","Linh kiện điện tử","Tụ đề - Tụ khởi động","992","9395","https://linhkienchatluong.vn/urltu-de---tu-khoi-dong/tu-quat-22uf-day-senju-cbb61-loai-tot_sp992_ct9395.aspx","https://linhkienchatluong.vn/Uploads/pic/prods/Linh-kien-dien-tu/63851024127047125907102.jpg"
"284","10","Tụ khởi động 80uF 450V CBB60 SENJU trắng","NM03225","","CBB60","80 uF","450 V","","","","","","Khởi động","","","142,000đ","142000","153,360đ","153360","Còn hàng","Chiếc","SENJU","CHINA","KH-09","Linh kiện điện tử","Tụ đề - Tụ khởi động","992","9154","https://linhkienchatluong.vn/urltu-de---tu-khoi-dong/tu-khoi-dong-80uf-450v-cbb60-senju-trang_sp992_ct9154.aspx","https://linhkienchatluong.vn/Uploads/pic/prods/Linh-kien-dien-tu/63844717967469165706840.jpg"
"285","10","Tụ khởi động 70uF 450V CBB60 SENJU trắng","CL06839","","CBB60","70 uF","450 V","","","","","","Khởi động","","","105,000đ","105000","đ","","","Chiếc","SENJU","CHINA","KH-08","Linh kiện điện tử","Tụ đề - Tụ khởi động","992","9153","https://linhkienchatluong.vn/urltu-de---tu-khoi-dong/tu-khoi-dong-70uf-450v-cbb60-senju-trang_sp992_ct9153.aspx","https://linhkienchatluong.vn/Uploads/pic/prods/Linh-kien-dien-tu/63844718132536063106839.jpg"
"286","10","Tụ khởi động 60uF 450V CBB60 SENJU trắng","NM03177","","CBB60","60 uF","450 V","","","","","","Khởi động","","","108,000đ","108000","116,640đ","116640","Còn hàng","Chiếc","SENJU","CHINA","KH-07","Linh kiện điện tử","Tụ đề - Tụ khởi động","992","9152","https://linhkienchatluong.vn/urltu-de---tu-khoi-dong/tu-khoi-dong-60uf-450v-cbb60-senju-trang_sp992_ct9152.aspx","https://linhkienchatluong.vn/Uploads/pic/prods/Linh-kien-dien-tu/63874861094018280006838.jpg"
"287","10","Tụ khởi động 50uF 450V CBB60 SENJU trắng","NM03183","","CBB60","50 uF","450 V","","","","","","Khởi động","","","95,000đ","95000","102,600đ","102600","Còn hàng","Chiếc","SENJU","CHINA","KH-06","Linh kiện điện tử","Tụ đề - Tụ khởi động","992","9151","https://linhkienchatluong.vn/urltu-de---tu-khoi-dong/tu-khoi-dong-50uf-450v-cbb60-senju-trang_sp992_ct9151.aspx","https://linhkienchatluong.vn/Uploads/pic/prods/Linh-kien-dien-tu/63875557411374126906837.jpg"
"288","10","Tụ khởi động 45uF 450V CBB60 SENJU trắng","NM03213","","CBB60","45 uF","450 V","","","","","","Khởi động","","","91,000đ","91000","98,280đ","98280","Còn hàng","Chiếc","SENJU","CHINA","KH-06","Linh kiện điện tử","Tụ đề - Tụ khởi động","992","9150","https://linhkienchatluong.vn/urltu-de---tu-khoi-dong/tu-khoi-dong-45uf-450v-cbb60-senju-trang_sp992_ct9150.aspx","https://linhkienchatluong.vn/Uploads/pic/prods/Linh-kien-dien-tu/63875557376324530705792.jpg"
"289","10","Tụ khởi động 40uF 450V CBB60 SENJU trắng","NM02464","","CBB60","40 uF","450 V","","","","","","Khởi động","","","79,000đ","79000","85,320đ","85320","Còn hàng","Chiếc","Đang cập nhật","Đang cập nhật","-","Linh kiện điện tử","Tụ đề - Tụ khởi động","992","9149","https://linhkienchatluong.vn/urltu-de---tu-khoi-dong/tu-khoi-dong-40uf-450v-cbb60-senju-trang_sp992_ct9149.aspx","https://linhkienchatluong.vn/Uploads/pic/prods/Linh-kien-dien-tu/63875557345052527905791.jpg"
"290","10","Tụ khởi động 35uF 450V CBB60 SENJU trắng","NM00751","","CBB60","35 uF","450 V","","","","","","Khởi động","","","72,000đ","72000","77,760đ","77760","Còn hàng","Chiếc","SENJU","CHINA","KH-05","Linh kiện điện tử","Tụ đề - Tụ khởi động","992","9148","https://linhkienchatluong.vn/urltu-de---tu-khoi-dong/tu-khoi-dong-35uf-450v-cbb60-senju-trang_sp992_ct9148.aspx","https://linhkienchatluong.vn/Uploads/pic/prods/Linh-kien-dien-tu/63875557314519589305790.jpg"
"291","10","Tụ khởi động 30uF 450V CBB60 SENJU trắng","NM00637","","CBB60","30 uF","450 V","","","","","","Khởi động","","","65,000đ","65000","70,200đ","70200","","Chiếc","SENJU","CHINA","KH-04","Linh kiện điện tử","Tụ đề - Tụ khởi động","992","9147","https://linhkienchatluong.vn/urltu-de---tu-khoi-dong/tu-khoi-dong-30uf-450v-cbb60-senju-trang_sp992_ct9147.aspx","https://linhkienchatluong.vn/Uploads/pic/prods/Linh-kien-dien-tu/63844718358707816505789.jpg"
"292","10","Tụ khởi động 25uF 450V CBB60 SENJU trắng","NM00636","","CBB60","25 uF","450 V","","","","","","Khởi động","","","69,000đ","69000","74,520đ","74520","Còn hàng","Chiếc","SENJU","CHINA","KH-04","Linh kiện điện tử","Tụ đề - Tụ khởi động","992","9146","https://linhkienchatluong.vn/urltu-de---tu-khoi-dong/tu-khoi-dong-25uf-450v-cbb60-senju-trang_sp992_ct9146.aspx","https://linhkienchatluong.vn/Uploads/pic/prods/Linh-kien-dien-tu/63874860698524860005788.jpg"
"293","10","Tụ khởi động 20uF 450V CBB60 SENJU trắng","NM02010","","CBB60","20 uF","450 V","","","","","","Khởi động","","","63,000đ","63000","68,040đ","68040","Còn hàng","Chiếc","SENJU","CHINA","KH-03","Linh kiện điện tử","Tụ đề - Tụ khởi động","992","9145","https://linhkienchatluong.vn/urltu-de---tu-khoi-dong/tu-khoi-dong-20uf-450v-cbb60-senju-trang_sp992_ct9145.aspx","https://linhkienchatluong.vn/Uploads/pic/prods/Linh-kien-dien-tu/63874858964659166305787.jpg"
"294","10","Tụ khởi động 16uF 450V CBB60 SENJU trắng","NM03210","","CBB60","16 uF","450 V","","","","","","Khởi động","","","59,000đ","59000","63,720đ","63720","Còn hàng","Chiếc","SENJU","CHINA","KH-03","Linh kiện điện tử","Tụ đề - Tụ khởi động","992","9144","https://linhkienchatluong.vn/urltu-de---tu-khoi-dong/tu-khoi-dong-16uf-450v-cbb60-senju-trang_sp992_ct9144.aspx","https://linhkienchatluong.vn/Uploads/pic/prods/Linh-kien-dien-tu/63844718103197942505786.jpg"
"295","10","Tụ khởi động 14uF 450V CBB60 SENJU trắng","NM02390","","CBB60","14 uF","450 V","","","","","","Khởi động","","","47,000đ","47000","50,760đ","50760","Còn hàng","Chiếc","SENJU","CHINA","KH-02","Linh kiện điện tử","Tụ đề - Tụ khởi động","992","9143","https://linhkienchatluong.vn/urltu-de---tu-khoi-dong/tu-khoi-dong-14uf-450v-cbb60-senju-trang_sp992_ct9143.aspx","https://linhkienchatluong.vn/Uploads/pic/prods/Linh-kien-dien-tu/63874859635065481305785.jpg"
"296","10","Tụ khởi động 10uF 450V CBB60 SENJU trắng","NM02009","","CBB60","10 uF","450 V","","","","","","Khởi động","","","45,000đ","45000","48,600đ","48600","Còn hàng","Chiếc","SENJU","CHINA","KH-02","Linh kiện điện tử","Tụ đề - Tụ khởi động","992","9142","https://linhkienchatluong.vn/urltu-de---tu-khoi-dong/tu-khoi-dong-10uf-450v-cbb60-senju-trang_sp992_ct9142.aspx","https://linhkienchatluong.vn/Uploads/pic/prods/Linh-kien-dien-tu/63874860587229729005784.jpg"
"297","10","Siêu tụ 1.5F 5.5V chân nằm SE-5R5-D155VYC3H","CL06560","","","","5.5 V","","","","","","","","","20,000đ","20000","đ","","","Chiếc","Đang cập nhật","Đang cập nhật","C-075","Linh kiện điện tử","Siêu tụ - Tụ Fara","943","8947","https://linhkienchatluong.vn/urlsieu-tu---tu-fara/sieu-tu-15f-55v-chan-nam-se-5r5-d155vyc3h_sp943_ct8947.aspx","https://linhkienchatluong.vn/Uploads/pic/prods/Linh-kien-dien-tu/63863041175480675106560.jpg"
"298","10","Tụ hóa 450V 1000uF 35x70mm chân cứng JCCON Audio","CL06728","","","1000 uF","450 V","35x70mm","","","","","","","","115,000đ","115000","đ","","","Chiếc","JCCON","Chính hãng","C-065","Linh kiện điện tử","Tụ hóa có phân cực","1611","8946","https://linhkienchatluong.vn/urltu-hoa-co-phan-cuc/tu-hoa-450v-1000uf-35x70mm-chan-cung-jccon-audio_sp1611_ct8946.aspx","https://linhkienchatluong.vn/Uploads/pic/prods/Linh-kien-dien-tu/63847815033692233506728.jpg"
"299","10","Tụ hóa 16V 4700uF 13x26mm tần số cao","NM02336","","","4700 uF","16 V","13x26mm","","","","","","","","3,200đ","3200","3,456đ","3456","Còn hàng","Chiếc","JCCON","Chính hãng","C-007","Linh kiện điện tử","Tụ hóa có phân cực","1611","8945","https://linhkienchatluong.vn/urltu-hoa-co-phan-cuc/tu-hoa-16v-4700uf-13x26mm-tan-so-cao_sp1611_ct8945.aspx","https://linhkienchatluong.vn/Uploads/pic/prods/Linh-kien-dien-tu/63875466087228134006554.jpg"
"300","10","Tụ lọc nguồn AC 0.47uF 275V chân 15mm","CL06517","Tụ lọc nguồn","","0.47 uF","275 V","15mm","","","","","Lọc nguồn","","","1,800đ","1800","đ","","","Chiếc","Đang cập nhật","Đang cập nhật","C-147","Linh kiện điện tử","Tụ An Toàn - Tụ Lọc Nguồn","456","8642","https://linhkienchatluong.vn/urltu-an-toan---tu-loc-nguon/tu-loc-nguon-ac-047uf-275v-chan-15mm_sp456_ct8642.aspx","https://linhkienchatluong.vn/Uploads/pic/prods/Linh-kien-dien-tu/63841873009103520106517.jpg"
"301","11","Tụ quạt 10uF dây SENJU CBB61 loại tốt","NM02017","Tụ quạt","CBB61","10 uF","","","","","Dạng dây","","Quạt","SENJU","","24,000đ","24000","25,920đ","25920","Còn hàng","Chiếc","SENJU","CHINA","TA-007","Linh kiện điện tử","Tụ đề - Tụ khởi động","992","8553","https://linhkienchatluong.vn/urltu-de---tu-khoi-dong/tu-quat-10uf-day-senju-cbb61-loai-tot_sp992_ct8553.aspx","https://linhkienchatluong.vn/Uploads/pic/prods/Linh-kien-dien-tu/63792179724315552510d.jpg"
"302","11","Tụ quạt 8uF dây SENJU CBB61 loại tốt","NM02006","Tụ quạt","CBB61","8 uF","","","","","Dạng dây","","Quạt","SENJU","","22,000đ","22000","23,760đ","23760","Còn hàng","Chiếc","SENJU","CHINA","TA-007","Linh kiện điện tử","Tụ đề - Tụ khởi động","992","8552","https://linhkienchatluong.vn/urltu-de---tu-khoi-dong/tu-quat-8uf-day-senju-cbb61-loai-tot_sp992_ct8552.aspx","https://linhkienchatluong.vn/Uploads/pic/prods/Linh-kien-dien-tu/6379217967341598198d.jpg"
"303","11","Tụ quạt 7uF dây SENJU CBB61 loại tốt","NM02005","Tụ quạt","CBB61","7 uF","","","","","Dạng dây","","Quạt","SENJU","","21,000đ","21000","22,680đ","22680","Còn hàng","Chiếc","SENJU","CHINA","TA-007","Linh kiện điện tử","Tụ đề - Tụ khởi động","992","8551","https://linhkienchatluong.vn/urltu-de---tu-khoi-dong/tu-quat-7uf-day-senju-cbb61-loai-tot_sp992_ct8551.aspx","https://linhkienchatluong.vn/Uploads/pic/prods/Linh-kien-dien-tu/6379217962895117807d.jpg"
"304","11","Tụ quạt 6uF dây SENJU CBB61 loại tốt","NM02403","Tụ quạt","CBB61","6 uF","","","","","Dạng dây","","Quạt","SENJU","","16,000đ","16000","17,280đ","17280","Còn hàng","Chiếc","SENJU","Chính hãng","TA-006","Linh kiện điện tử","Tụ đề - Tụ khởi động","992","8550","https://linhkienchatluong.vn/urltu-de---tu-khoi-dong/tu-quat-6uf-day-senju-cbb61-loai-tot_sp992_ct8550.aspx","https://linhkienchatluong.vn/Uploads/pic/prods/Linh-kien-dien-tu/6379217959088935966d.jpg"
"305","11","Tụ quạt 5uF dây SENJU CBB61 loại tốt","NM02004","Tụ quạt","CBB61","5 uF","","","","","Dạng dây","","Quạt","SENJU","","14,000đ","14000","15,120đ","15120","Còn hàng","Chiếc","SENJU","CHINA","TA-006","Linh kiện điện tử","Tụ đề - Tụ khởi động","992","8549","https://linhkienchatluong.vn/urltu-de---tu-khoi-dong/tu-quat-5uf-day-senju-cbb61-loai-tot_sp992_ct8549.aspx","https://linhkienchatluong.vn/Uploads/pic/prods/Linh-kien-dien-tu/63863042475097348205555.jpg"
"306","11","Tụ quạt 4uF dây SENJU CBB61 loại tốt","NM02003","Tụ quạt","CBB61","4 uF","","","","","Dạng dây","","Quạt","SENJU","","12,000đ","12000","12,960đ","12960","Còn hàng","Chiếc","SENJU","CHINA","TA-006","Linh kiện điện tử","Tụ đề - Tụ khởi động","992","8548","https://linhkienchatluong.vn/urltu-de---tu-khoi-dong/tu-quat-4uf-day-senju-cbb61-loai-tot_sp992_ct8548.aspx","https://linhkienchatluong.vn/Uploads/pic/prods/Linh-kien-dien-tu/6379217951589825324d.jpg"
"307","11","Tụ quạt 3uF dây SENJU CBB61 loại tốt","NM02002","Tụ quạt","CBB61","3 uF","","","","","Dạng dây","","Quạt","SENJU","","10,500đ","10500","11,340đ","11340","Còn hàng","Chiếc","SENJU","CHINA","TA-005","Linh kiện điện tử","Tụ đề - Tụ khởi động","992","8547","https://linhkienchatluong.vn/urltu-de---tu-khoi-dong/tu-quat-3uf-day-senju-cbb61-loai-tot_sp992_ct8547.aspx","https://linhkienchatluong.vn/Uploads/pic/prods/Linh-kien-dien-tu/63844708492265586405553.jpg"
"308","11","Tụ quạt 2.5uF dây SENJU CBB61 loại tốt","NM03119","Tụ quạt","CBB61","2.5 uF","","","","","Dạng dây","","Quạt","SENJU","","9,500đ","9500","10,260đ","10260","Còn hàng","Chiếc","SENJU","Chính hãng","TA-005","Linh kiện điện tử","Tụ đề - Tụ khởi động","992","8546","https://linhkienchatluong.vn/urltu-de---tu-khoi-dong/tu-quat-25uf-day-senju-cbb61-loai-tot_sp992_ct8546.aspx","https://linhkienchatluong.vn/Uploads/pic/prods/Linh-kien-dien-tu/63844708524878569705552.jpg"
"309","11","Tụ quạt 2uF dây SENJU CBB61 loại tốt","CL05551","Tụ quạt","CBB61","2 uF","","","","","Dạng dây","","Quạt","SENJU","","7,000đ","7000","đ","","","Chiếc","SENJU","Chính hãng","TA-004","Linh kiện điện tử","Tụ đề - Tụ khởi động","992","8545","https://linhkienchatluong.vn/urltu-de---tu-khoi-dong/tu-quat-2uf-day-senju-cbb61-loai-tot_sp992_ct8545.aspx","https://linhkienchatluong.vn/Uploads/pic/prods/Linh-kien-dien-tu/6379217947550166682d.jpg"
"310","11","Tụ quạt 1.5uF dây SENJU CBB61 loại tốt","NM03174","Tụ quạt","CBB61","1.5 uF","","","","","Dạng dây","","Quạt","SENJU","","6,500đ","6500","7,020đ","7020","Còn hàng","Chiếc","SENJU","Chính hãng","TA-004","Linh kiện điện tử","Tụ đề - Tụ khởi động","992","8544","https://linhkienchatluong.vn/urltu-de---tu-khoi-dong/tu-quat-15uf-day-senju-cbb61-loai-tot_sp992_ct8544.aspx","https://linhkienchatluong.vn/Uploads/pic/prods/Linh-kien-dien-tu/6386761271624226423478.jpg"
"311","11","Tụ quạt 1uF dây SENJU CBB61 loại tốt","CL05950","Tụ quạt","CBB61","1 uF","","","","","Dạng dây","","Quạt","SENJU","","5,500đ","5500","đ","","","Chiếc","SENJU","Chính hãng","TA-004","Linh kiện điện tử","Tụ đề - Tụ khởi động","992","8543","https://linhkienchatluong.vn/urltu-de---tu-khoi-dong/tu-quat-1uf-day-senju-cbb61-loai-tot_sp992_ct8543.aspx","https://linhkienchatluong.vn/Uploads/pic/prods/Linh-kien-dien-tu/6379217943740487361d.jpg"
"312","11","Tụ lọc nguồn AC 0.22uF 275V 224K chân 10mm","CL06365","Tụ lọc nguồn","224K","0.22 uF","275 V","10mm","","K","","","Lọc nguồn","","","1,200đ","1200","đ","","","Chiếc","Đang cập nhật","Đang cập nhật","C-126","Linh kiện điện tử","Tụ An Toàn - Tụ Lọc Nguồn","456","8542","https://linhkienchatluong.vn/urltu-an-toan---tu-loc-nguon/tu-loc-nguon-ac-022uf-275v-224k-chan-10mm_sp456_ct8542.aspx","https://linhkienchatluong.vn/Uploads/pic/prods/Linh-kien-dien-tu/63844801294176341306365.jpg"
"313","11","Tụ chống sét Varistor 25D471K 470V 25mm","CL06368","Tụ chống sét varistor","","","470 V","25mm","","","","","Chống sét","","","8,000đ","8000","đ","","","Chiếc","CHINA","CHINA","C-120","Linh kiện điện tử","25D - đường kính 25mm","1925","8489","https://linhkienchatluong.vn/url25d---duong-kinh-25mm/tu-chong-set-varistor-25d471k-470v-25mm_sp1925_ct8489.aspx","https://linhkienchatluong.vn/Uploads/pic/prods/---Tu-chong-set--Varistor/63752089387819890306368.jpg"
"314","11","3H230J1F5 hạt chống sét 3P chính hãng Sankosha Japan","NM01209","","","","","","","","","","Chống sét","Sankosha Japan","","16,000đ","16000","17,280đ","17280","Còn hàng","Chiếc","Đang cập nhật","Chính hãng","H-213","Linh kiện điện tử","Tụ chống sét - Varistor","1161","8358","https://linhkienchatluong.vn/urltu-chong-set---varistor/3h230j1f5-hat-chong-set-3p-chinh-hang-sankosha-japan_sp1161_ct8358.aspx","https://linhkienchatluong.vn/Uploads/pic/prods/Linh-kien-dien-tu/63875465770267782306234.jpg"
"315","11","Tụ cao áp 2KV473 47nF 2000V","CLA2618","Tụ cao áp","","47 nF","2000 V","","","","","","","","","1,800đ","1800","đ","","","Chiếc","Đang cập nhật","-","C-122","Linh kiện điện tử","Tụ Cao Áp","638","8346","https://linhkienchatluong.vn/urltu-cao-ap/tu-cao-ap-2kv473-47nf-2000v_sp638_ct8346.aspx","https://linhkienchatluong.vn/Uploads/pic/prods/---Tu-Cao-Ap/6374138187262640762618.jpg"
"316","11","Tụ cao áp 2KV223 22nF 2000V (10 chiếc)","NM00642","Tụ cao áp","","22 nF","2000 V","","","","","10 chiếc","","","","12,000đ","12000","12,960đ","12960","Còn hàng","Túi (10 chiếc)","CHINA","CHINA","C-122","Linh kiện điện tử","Tụ Cao Áp","638","8345","https://linhkienchatluong.vn/urltu-cao-ap/tu-cao-ap-2kv223-22nf-2000v-10-chiec_sp638_ct8345.aspx","https://linhkienchatluong.vn/Uploads/pic/prods/Linh-kien-dien-tu/638543141385369758z5549630739924_36ef0830001dcb5e0279693788070061.jpg"
"317","11","Tụ cao áp 2KV472 4.7nF 2000V DEDEMEI đóng dây (10 chiếc)","NM02166","Tụ cao áp","","4.7 nF","2000 V","","","","Dạng dây","10 chiếc","","","","5,000đ","5000","5,400đ","5400","Còn hàng","Dây (10 chiếc)","Đang cập nhật","Đang cập nhật","C-122","Linh kiện điện tử","Tụ Cao Áp","638","8343","https://linhkienchatluong.vn/urltu-cao-ap/tu-cao-ap-2kv472-47nf-2000v-dedemei-dong-day-10-chiec_sp638_ct8343.aspx","https://linhkienchatluong.vn/Uploads/pic/prods/Linh-kien-dien-tu/6385430594002373412KV472.jpg"
"318","11","Tụ cao áp 2KV332 3.3nF 2000V","CLA2614","Tụ cao áp","","3.3 nF","2000 V","","","","","","","","","300đ","300","đ","","","Chiếc","Đang cập nhật","Đang cập nhật","C-121","Linh kiện điện tử","Tụ Cao Áp","638","8342","https://linhkienchatluong.vn/urltu-cao-ap/tu-cao-ap-2kv332-33nf-2000v_sp638_ct8342.aspx","https://linhkienchatluong.vn/Uploads/pic/prods/Linh-kien-dien-tu/6385430591995524722KV332.jpg"
"319","11","Tụ cao áp 2KV152 1.5nF 2000V","CLA3075","Tụ cao áp","","1.5 nF","2000 V","","","","","","","","","300đ","300","đ","","","Chiếc","Đang cập nhật","Đang cập nhật","C-121","Linh kiện điện tử","Tụ Cao Áp","638","8341","https://linhkienchatluong.vn/urltu-cao-ap/tu-cao-ap-2kv152-15nf-2000v-_sp638_ct8341.aspx","https://linhkienchatluong.vn/Uploads/pic/prods/Linh-kien-dien-tu/6385430598789241452KV152.jpg"
"320","11","Tụ cao áp 2KV471 470pF 0.47nF 2000V","CLA2613","Tụ cao áp","","470 pF | 0.47 nF","2000 V","","","","","","","","","300đ","300","đ","","","Chiếc","Đang cập nhật","Đang cập nhật","C-121","Linh kiện điện tử","Tụ Cao Áp","638","8340","https://linhkienchatluong.vn/urltu-cao-ap/tu-cao-ap-2kv471-470pf-047nf-2000v_sp638_ct8340.aspx","https://linhkienchatluong.vn/Uploads/pic/prods/Linh-kien-dien-tu/6385430586255400912KV471.jpg"
"321","11","Tụ cao áp 2KV101 100pF 0.1nF 2000V","CLA1231","Tụ cao áp","","100 pF | 0.1 nF","2000 V","","","","","","","","","300đ","300","đ","","","Chiếc","Đang cập nhật","Đang cập nhật","C-121","Linh kiện điện tử","Tụ Cao Áp","638","8339","https://linhkienchatluong.vn/urltu-cao-ap/tu-cao-ap-2kv101-100pf-01nf-2000v_sp638_ct8339.aspx","https://linhkienchatluong.vn/Uploads/pic/prods/Linh-kien-dien-tu/6385430583319380912KV101.jpg"
"322","11","Tụ hiệu chỉnh 224J 220nF 0.22uF 100V 5mm màu vàng","CLA1169","","224J","220 nF | 0.22 uF","100 V","5mm","","J","","","","","Màu vàng","1,200đ","1200","đ","","","Chiếc","CHINA","Đang cập nhật","C-103","Linh kiện điện tử","Tụ Correction - Tụ hiệu chỉnh","457","8338","https://linhkienchatluong.vn/urltu-correction---tu-hieu-chinh/tu-hieu-chinh-224j-220nf-022uf-100v-5mm-mau-vang_sp457_ct8338.aspx","https://linhkienchatluong.vn/Uploads/pic/prods/Linh-kien-dien-tu/638543142230404306224.jpg"
"323","11","Tụ hiệu chỉnh 333J 33nF 100V 5mm màu vàng","CLA1166","","333J","33 nF","100 V","5mm","","J","","","","","Màu vàng","800đ","800","đ","","","Chiếc","CHINA","Đang cập nhật","C-103","Linh kiện điện tử","Tụ Correction - Tụ hiệu chỉnh","457","8336","https://linhkienchatluong.vn/urltu-correction---tu-hieu-chinh/tu-hieu-chinh-333j-33nf-100v-5mm-mau-vang_sp457_ct8336.aspx","https://linhkienchatluong.vn/Uploads/pic/prods/Linh-kien-dien-tu/638543142405911335333.jpg"
"324","11","Tụ hiệu chỉnh 472J 4.7nF 100V 5mm màu vàng (10 chiếc)","NM02174","","472J","4.7 nF","100 V","5mm","","J","","10 chiếc","","","Màu vàng","7,000đ","7000","7,560đ","7560","Còn hàng","Túi (10 chiếc)","CHINA","Đang cập nhật","C-102","Linh kiện điện tử","Tụ Correction - Tụ hiệu chỉnh","457","8335","https://linhkienchatluong.vn/urltu-correction---tu-hieu-chinh/tu-hieu-chinh-472j-47nf-100v-5mm-mau-vang-10-chiec_sp457_ct8335.aspx","https://linhkienchatluong.vn/Uploads/pic/prods/Linh-kien-dien-tu/638543142624530539472.jpg"
"325","11","Tụ hiệu chỉnh 332J 3.3nF 100V 5mm màu vàng","CLA1162","","332J","3.3 nF","100 V","5mm","","J","","","","","Màu vàng","800đ","800","đ","","","Chiếc","CHINA","Đang cập nhật","C-102","Linh kiện điện tử","Tụ Correction - Tụ hiệu chỉnh","457","8334","https://linhkienchatluong.vn/urltu-correction---tu-hieu-chinh/tu-hieu-chinh-332j-33nf-100v-5mm-mau-vang_sp457_ct8334.aspx","https://linhkienchatluong.vn/Uploads/pic/prods/Linh-kien-dien-tu/638543142801703351332.jpg"
"326","11","Tụ Audiophiler 1.5uF 250V 155J màu vàng","CL06337","","155J","1.5 uF","250 V","","","J","","","","","Màu vàng","3,200đ","3200","đ","","","Chiếc","CHINA","CHINA","C-147","Linh kiện điện tử","Tụ chuyên Audio","1164","8303","https://linhkienchatluong.vn/urltu-chuyen-audio/tu-audiophiler-15uf-250v-155j-mau-vang_sp1164_ct8303.aspx","https://linhkienchatluong.vn/Uploads/pic/prods/Linh-kien-dien-tu/638695240018350606z6119414839783_acf856bb356262e9696331e547114abe.jpg"
"327","11","Tụ Audiophiler 10uF 400V màu đỏ","CL06325","","","10 uF","400 V","","","","","","","","Màu đỏ","28,000đ","28000","đ","","","","Đang cập nhật","Đang cập nhật","C-146","Linh kiện điện tử","Tụ chuyên Audio","1164","8288","https://linhkienchatluong.vn/urltu-chuyen-audio/tu-audiophiler-10uf-400v-mau-do_sp1164_ct8288.aspx","https://linhkienchatluong.vn/Uploads/pic/prods/Linh-kien-dien-tu/63841527420268621310.jpg"
"328","11","Tụ Audiophiler 8.2uF 400V 825J màu đỏ","CL06324","","825J","8.2 uF","400 V","","","J","","","","","Màu đỏ","21,000đ","21000","đ","","","Chiếc","Đang cập nhật","Đang cập nhật","C-146","Linh kiện điện tử","Tụ chuyên Audio","1164","8287","https://linhkienchatluong.vn/urltu-chuyen-audio/tu-audiophiler-82uf-400v-825j-mau-do_sp1164_ct8287.aspx","https://linhkienchatluong.vn/Uploads/pic/prods/Linh-kien-dien-tu/6384152738112271568.2.jpg"
"329","11","Tụ Audiophiler 6.8uF 400V 685J màu đỏ","CL06323","","685J","6.8 uF","400 V","","","J","","","","","Màu đỏ","18,500đ","18500","đ","","","Chiếc","Đang cập nhật","Đang cập nhật","C-146","Linh kiện điện tử","Tụ chuyên Audio","1164","8286","https://linhkienchatluong.vn/urltu-chuyen-audio/tu-audiophiler-68uf-400v-685j-mau-do_sp1164_ct8286.aspx","https://linhkienchatluong.vn/Uploads/pic/prods/Linh-kien-dien-tu/6384152732944195456.8.jpg"
"330","11","Tụ Audiophiler 5.6uF 400V 565J màu đỏ","CL06322","","565J","5.6 uF","400 V","","","J","","","","","Màu đỏ","18,000đ","18000","đ","","","Chiếc","Đang cập nhật","Đang cập nhật","C-145","Linh kiện điện tử","Tụ chuyên Audio","1164","8285","https://linhkienchatluong.vn/urltu-chuyen-audio/tu-audiophiler-56uf-400v-565j-mau-do_sp1164_ct8285.aspx","https://linhkienchatluong.vn/Uploads/pic/prods/Linh-kien-dien-tu/638415275712684961565.jpg"
"331","12","Tụ Audiophiler 4.7uF 400V 475J màu đỏ","CL06321","","475J","4.7 uF","400 V","","","J","","","","","Màu đỏ","15,000đ","15000","đ","","","Chiếc","Đang cập nhật","Đang cập nhật","C-145","Linh kiện điện tử","Tụ chuyên Audio","1164","8284","https://linhkienchatluong.vn/urltu-chuyen-audio/tu-audiophiler-47uf-400v-475j-mau-do_sp1164_ct8284.aspx","https://linhkienchatluong.vn/Uploads/pic/prods/Linh-kien-dien-tu/6384152729440363144.7.jpg"
"332","12","Tụ Audiophiler 3.3uF 400V 335J màu đỏ","CL06320","","335J","3.3 uF","400 V","","","J","","","","","Màu đỏ","12,000đ","12000","đ","","","Chiếc","Đang cập nhật","Đang cập nhật","C-145","Linh kiện điện tử","Tụ chuyên Audio","1164","8283","https://linhkienchatluong.vn/urltu-chuyen-audio/tu-audiophiler-33uf-400v-335j-mau-do_sp1164_ct8283.aspx","https://linhkienchatluong.vn/Uploads/pic/prods/Linh-kien-dien-tu/638415275463021886335.jpg"
"333","12","Tụ Audiophiler 2.7uF 400V 275J màu đỏ","CL06319","","275J","2.7 uF","400 V","","","J","","","","","Màu đỏ","10,000đ","10000","đ","","","Chiếc","Đang cập nhật","Đang cập nhật","C-144","Linh kiện điện tử","Tụ chuyên Audio","1164","8282","https://linhkienchatluong.vn/urltu-chuyen-audio/tu-audiophiler-27uf-400v-275j-mau-do_sp1164_ct8282.aspx","https://linhkienchatluong.vn/Uploads/pic/prods/Linh-kien-dien-tu/638415275220028547275.jpg"
"334","12","Tụ Audiophiler 2.2uF 400V 225J màu đỏ","CL06318","","225J","2.2 uF","400 V","","","J","","","","","Màu đỏ","9,500đ","9500","đ","","","Chiếc","Đang cập nhật","Đang cập nhật","C-144","Linh kiện điện tử","Tụ chuyên Audio","1164","8281","https://linhkienchatluong.vn/urltu-chuyen-audio/tu-audiophiler-22uf-400v-225j-mau-do_sp1164_ct8281.aspx","https://linhkienchatluong.vn/Uploads/pic/prods/Linh-kien-dien-tu/6384152726135860032.2.jpg"
"335","12","Tụ Audiophiler 1.5uF 400V 155J màu đỏ","CL06317","","155J","1.5 uF","400 V","","","J","","","","","Màu đỏ","6,200đ","6200","đ","","","Chiếc","Đang cập nhật","Đang cập nhật","C-144","Linh kiện điện tử","Tụ chuyên Audio","1164","8280","https://linhkienchatluong.vn/urltu-chuyen-audio/tu-audiophiler-15uf-400v-155j-mau-do_sp1164_ct8280.aspx","https://linhkienchatluong.vn/Uploads/pic/prods/Linh-kien-dien-tu/6384152702633422811.5.jpg"
"336","12","Tụ Audiophiler 1uF 400V 105J màu đỏ","CL06316","","105J","1 uF","400 V","","","J","","","","","Màu đỏ","5,500đ","5500","đ","","","Chiếc","Đang cập nhật","Đang cập nhật","C-143","Linh kiện điện tử","Tụ chuyên Audio","1164","8279","https://linhkienchatluong.vn/urltu-chuyen-audio/tu-audiophiler-1uf-400v-105j-mau-do_sp1164_ct8279.aspx","https://linhkienchatluong.vn/Uploads/pic/prods/Linh-kien-dien-tu/6384152699751363011.jpg"
"337","12","Tụ Audiophiler 22uF 250V màu vàng","CL06315","","","22 uF","250 V","","","","","","","","Màu vàng","22,000đ","22000","đ","","","Chiếc","Đang cập nhật","Đang cập nhật","C-143","Linh kiện điện tử","Tụ chuyên Audio","1164","8278","https://linhkienchatluong.vn/urltu-chuyen-audio/tu-audiophiler-22uf-250v-mau-vang_sp1164_ct8278.aspx","https://linhkienchatluong.vn/Uploads/pic/prods/Linh-kien-dien-tu/63841512904775762122.jpg"
"338","12","Tụ Audiophiler 15uF 250V màu vàng","NM01628","","","15 uF","250 V","","","","","","","","Màu vàng","18,000đ","18000","19,440đ","19440","Còn hàng","Chiếc","Đang cập nhật","Đang cập nhật","C-143","Linh kiện điện tử","Tụ chuyên Audio","1164","8277","https://linhkienchatluong.vn/urltu-chuyen-audio/tu-audiophiler-15uf-250v-mau-vang_sp1164_ct8277.aspx","https://linhkienchatluong.vn/Uploads/pic/prods/Linh-kien-dien-tu/63841512935380388515.jpg"
"339","12","Tụ Audiophiler 10uF 250V màu vàng","NM01631","","","10 uF","250 V","","","","","","","","Màu vàng","13,000đ","13000","14,040đ","14040","Còn hàng","Chiếc","CHINA","CHINA","C-142","Linh kiện điện tử","Tụ chuyên Audio","1164","8276","https://linhkienchatluong.vn/urltu-chuyen-audio/tu-audiophiler-10uf-250v-mau-vang_sp1164_ct8276.aspx","https://linhkienchatluong.vn/Uploads/pic/prods/Linh-kien-dien-tu/638415131000948957106.jpg"
"340","12","Tụ Audiophiler 6.8uF 250V 685J màu vàng","NM01629","","685J","6.8 uF","250 V","","","J","","","","","Màu vàng","7,500đ","7500","8,100đ","8100","Còn hàng","Chiếc","CHINA","CHINA","C-142","Linh kiện điện tử","Tụ chuyên Audio","1164","8275","https://linhkienchatluong.vn/urltu-chuyen-audio/tu-audiophiler-68uf-250v-685j-mau-vang_sp1164_ct8275.aspx","https://linhkienchatluong.vn/Uploads/pic/prods/Linh-kien-dien-tu/638415130566336134685.jpg"
"341","12","Tụ Audiophiler 5.6uF 250V 565J màu vàng","CL06311","","565J","5.6 uF","250 V","","","J","","","","","Màu vàng","5,000đ","5000","đ","","","Chiếc","Đang cập nhật","Đang cập nhật","C-142","Linh kiện điện tử","Tụ chuyên Audio","1164","8274","https://linhkienchatluong.vn/urltu-chuyen-audio/tu-audiophiler-56uf-250v-565j-mau-vang_sp1164_ct8274.aspx","https://linhkienchatluong.vn/Uploads/pic/prods/Linh-kien-dien-tu/638415130287828839565.jpg"
"342","12","Tụ Audiophiler 4.7uF 250V 475J màu vàng","NM01630","","475J","4.7 uF","250 V","","","J","","","","","Màu vàng","5,000đ","5000","5,400đ","5400","Còn hàng","Chiếc","CHINA","CHINA","C-141","Linh kiện điện tử","Tụ chuyên Audio","1164","8273","https://linhkienchatluong.vn/urltu-chuyen-audio/tu-audiophiler-47uf-250v-475j-mau-vang_sp1164_ct8273.aspx","https://linhkienchatluong.vn/Uploads/pic/prods/Linh-kien-dien-tu/638415135105780010475.jpg"
"343","12","Tụ Audiophiler 3.3uF 250V 335J màu vàng","CL06309","","335J","3.3 uF","250 V","","","J","","","","","Màu vàng","4,300đ","4300","đ","","","Chiếc","CHINA","CHINA","C-141","Linh kiện điện tử","Tụ chuyên Audio","1164","8272","https://linhkienchatluong.vn/urltu-chuyen-audio/tu-audiophiler-33uf-250v-335j-mau-vang_sp1164_ct8272.aspx","https://linhkienchatluong.vn/Uploads/pic/prods/Linh-kien-dien-tu/638415130128366566335.jpg"
"344","12","Tụ Audiophiler 2.2uF 250V 225J màu vàng","NM01627","","225J","2.2 uF","250 V","","","J","","","","","Màu vàng","3,500đ","3500","3,780đ","3780","Còn hàng","Chiếc","CHINA","CHINA","C-141","Linh kiện điện tử","Tụ chuyên Audio","1164","8271","https://linhkienchatluong.vn/urltu-chuyen-audio/tu-audiophiler-22uf-250v-225j-mau-vang_sp1164_ct8271.aspx","https://linhkienchatluong.vn/Uploads/pic/prods/Linh-kien-dien-tu/638415129947159607225.jpg"
"345","12","Tụ Audiophiler 1uF 250V 105J màu vàng","CL06307","","105J","1 uF","250 V","","","J","","","","","Màu vàng","2,800đ","2800","đ","","","Chiếc","Đang cập nhật","Đang cập nhật","C-141","Linh kiện điện tử","Tụ chuyên Audio","1164","8270","https://linhkienchatluong.vn/urltu-chuyen-audio/tu-audiophiler-1uf-250v-105j-mau-vang_sp1164_ct8270.aspx","https://linhkienchatluong.vn/Uploads/pic/prods/Linh-kien-dien-tu/6384151283814004871.jpg"
"346","12","Tụ Audiophiler 22uF 250V 226J màu đỏ","CL06306","","226J","22 uF","250 V","","","J","","","","","Màu đỏ","33,000đ","33000","đ","","","Chiếc","Đang cập nhật","Đang cập nhật","C-140","Linh kiện điện tử","Tụ chuyên Audio","1164","8269","https://linhkienchatluong.vn/urltu-chuyen-audio/tu-audiophiler-22uf-250v-226j-mau-do_sp1164_ct8269.aspx","https://linhkienchatluong.vn/Uploads/pic/prods/Linh-kien-dien-tu/63853967516996481806306.jpg"
"347","12","Tụ Audiophiler 18uF 250V 186J màu đỏ","CL06305","","186J","18 uF","250 V","","","J","","","","","Màu đỏ","30,000đ","30000","đ","","","Chiếc","Đang cập nhật","Đang cập nhật","C-140","Linh kiện điện tử","Tụ chuyên Audio","1164","8268","https://linhkienchatluong.vn/urltu-chuyen-audio/tu-audiophiler-18uf-250v-186j-mau-do_sp1164_ct8268.aspx","https://linhkienchatluong.vn/Uploads/pic/prods/Linh-kien-dien-tu/638415266972085662186.jpg"
"348","12","Tụ Audiophiler 15uF 250V 156J màu đỏ","CL06304","","156J","15 uF","250 V","","","J","","","","","Màu đỏ","27,000đ","27000","đ","","","","Đang cập nhật","Đang cập nhật","C-139","Linh kiện điện tử","Tụ chuyên Audio","1164","8267","https://linhkienchatluong.vn/urltu-chuyen-audio/tu-audiophiler-15uf-250v-156j-mau-do_sp1164_ct8267.aspx","https://linhkienchatluong.vn/Uploads/pic/prods/Linh-kien-dien-tu/63841526131016812015.jpg"
"349","12","Tụ Audiophiler 12uF 250V 126J màu đỏ","CL06303","","126J","12 uF","250 V","","","J","","","","","Màu đỏ","18,000đ","18000","đ","","","Chiếc","Đang cập nhật","Đang cập nhật","C-139","Linh kiện điện tử","Tụ chuyên Audio","1164","8266","https://linhkienchatluong.vn/urltu-chuyen-audio/tu-audiophiler-12uf-250v-126j-mau-do_sp1164_ct8266.aspx","https://linhkienchatluong.vn/Uploads/pic/prods/Linh-kien-dien-tu/63840644585828158906303.jpg"
"350","12","Tụ Audiophiler 8.2uF 250V 825J màu đỏ","CL06301","","825J","8.2 uF","250 V","","","J","","","","","Màu đỏ","16,000đ","16000","đ","","","Chiếc","Đang cập nhật","Đang cập nhật","C-138","Linh kiện điện tử","Tụ chuyên Audio","1164","8264","https://linhkienchatluong.vn/urltu-chuyen-audio/tu-audiophiler-82uf-250v-825j-mau-do_sp1164_ct8264.aspx","https://linhkienchatluong.vn/Uploads/pic/prods/Linh-kien-dien-tu/638415263207060296825.jpg"
"351","12","Tụ Audiophiler 6.8uF 250V 685J màu đỏ","CL06300","","685J","6.8 uF","250 V","","","J","","","","","Màu đỏ","14,000đ","14000","đ","","","Chiếc","Đang cập nhật","Đang cập nhật","C-138","Linh kiện điện tử","Tụ chuyên Audio","1164","8263","https://linhkienchatluong.vn/urltu-chuyen-audio/tu-audiophiler-68uf-250v-685j-mau-do_sp1164_ct8263.aspx","https://linhkienchatluong.vn/Uploads/pic/prods/Linh-kien-dien-tu/63853967549855437206300.jpg"
"352","12","Tụ Audiophiler 5.6uF 250V 565J màu đỏ","CL06299","","565J","5.6 uF","250 V","","","J","","","","","Màu đỏ","12,000đ","12000","đ","","","Chiếc","Đang cập nhật","Đang cập nhật","C-138","Linh kiện điện tử","Tụ chuyên Audio","1164","8262","https://linhkienchatluong.vn/urltu-chuyen-audio/tu-audiophiler-56uf-250v-565j-mau-do_sp1164_ct8262.aspx","https://linhkienchatluong.vn/Uploads/pic/prods/Linh-kien-dien-tu/638415262871277045565.jpg"
"353","12","Tụ Audiophiler 4.7uF 250V 475J màu đỏ","CL06298","","475J","4.7 uF","250 V","","","J","","","","","Màu đỏ","9,500đ","9500","đ","","","Chiếc","Đang cập nhật","Đang cập nhật","C-137","Linh kiện điện tử","Tụ chuyên Audio","1164","8261","https://linhkienchatluong.vn/urltu-chuyen-audio/tu-audiophiler-47uf-250v-475j-mau-do_sp1164_ct8261.aspx","https://linhkienchatluong.vn/Uploads/pic/prods/Linh-kien-dien-tu/638415262578517280475.jpg"
"354","12","Tụ Audiophiler 3.3uF 250V 335J màu đỏ","CL06297","","335J","3.3 uF","250 V","","","J","","","","","Màu đỏ","7,500đ","7500","đ","","","Chiếc","Đang cập nhật","Đang cập nhật","C-137","Linh kiện điện tử","Tụ chuyên Audio","1164","8260","https://linhkienchatluong.vn/urltu-chuyen-audio/tu-audiophiler-33uf-250v-335j-mau-do_sp1164_ct8260.aspx","https://linhkienchatluong.vn/Uploads/pic/prods/Linh-kien-dien-tu/6384152609754667863.3.jpg"
"355","12","Tụ Audiophiler 2.7uF 250V 275J màu đỏ","CL06296","","275J","2.7 uF","250 V","","","J","","","","","Màu đỏ","6,500đ","6500","đ","","Còn hàng","Chiếc","Đang cập nhật","Đang cập nhật","C-137","Linh kiện điện tử","Tụ chuyên Audio","1164","8259","https://linhkienchatluong.vn/urltu-chuyen-audio/tu-audiophiler-27uf-250v-275j-mau-do_sp1164_ct8259.aspx","https://linhkienchatluong.vn/Uploads/pic/prods/Linh-kien-dien-tu/638415262293055085275.jpg"
"356","12","Tụ Audiophiler 2.2uF 250V 225J màu đỏ","CL06295","","225J","2.2 uF","250 V","","","J","","","","","Màu đỏ","6,500đ","6500","đ","","","Chiếc","Đang cập nhật","Đang cập nhật","C-136","Linh kiện điện tử","Tụ chuyên Audio","1164","8258","https://linhkienchatluong.vn/urltu-chuyen-audio/tu-audiophiler-22uf-250v-225j-mau-do_sp1164_ct8258.aspx","https://linhkienchatluong.vn/Uploads/pic/prods/Linh-kien-dien-tu/6384152579274181342.2.jpg"
"357","12","Tụ Audiophiler 1.8uF 250V 185J màu đỏ","CL06294","","185J","1.8 uF","250 V","","","J","","","","","Màu đỏ","5,000đ","5000","đ","","","Chiếc","Đang cập nhật","Đang cập nhật","C-136","Linh kiện điện tử","Tụ chuyên Audio","1164","8257","https://linhkienchatluong.vn/urltu-chuyen-audio/tu-audiophiler-18uf-250v-185j-mau-do_sp1164_ct8257.aspx","https://linhkienchatluong.vn/Uploads/pic/prods/Linh-kien-dien-tu/63853967608867679206294.jpg"
"358","12","Tụ Audiophiler 1.5uF 250V 155J màu đỏ","CL06293","","155J","1.5 uF","250 V","","","J","","","","","Màu đỏ","5,500đ","5500","đ","","","Chiếc","Đang cập nhật","Đang cập nhật","C-136","Linh kiện điện tử","Tụ chuyên Audio","1164","8256","https://linhkienchatluong.vn/urltu-chuyen-audio/tu-audiophiler-15uf-250v-155j-mau-do_sp1164_ct8256.aspx","https://linhkienchatluong.vn/Uploads/pic/prods/Linh-kien-dien-tu/638415261941136283155.jpg"
"359","12","Tụ Audiophiler 1uF 250V 105J màu đỏ","CL06292","","105J","1 uF","250 V","","","J","","","","","Màu đỏ","4,500đ","4500","đ","","","Chiếc","Đang cập nhật","Đang cập nhật","C-135","Linh kiện điện tử","Tụ chuyên Audio","1164","8255","https://linhkienchatluong.vn/urltu-chuyen-audio/tu-audiophiler-1uf-250v-105j-mau-do_sp1164_ct8255.aspx","https://linhkienchatluong.vn/Uploads/pic/prods/Linh-kien-dien-tu/63862941836921570006992.jpg"
"360","12","Tụ tantalum 6032 476E 25V 47uF 6.0x3.2mm TAJC476K025RNJ","NM02262","Tụ tantalum","TAJC476K025RNJ","47 uF","25 V","6.0x3.2mm | 2mm","","","","","","","","4,000đ","4000","4,320đ","4320","Còn hàng","Chiếc","CHINA","CHINA","KE2-672","Linh kiện điện tử","Tụ Tantalium","460","8222","https://linhkienchatluong.vn/urltu-tantalium/tu-tantalum-6032-476e-25v-47uf-60x32mm-tajc476k025rnj_sp460_ct8222.aspx","https://linhkienchatluong.vn/Uploads/pic/prods/Linh-kien-dien-tu/63789852311595285706262.jpg"
"361","13","Tụ hóa 100V 47uF 13x27mm SPT 2 đầu không phân cực","CL06154","","","47 uF","100 V","13x27mm","","","","","","","","12,000đ","12000","đ","","","Chiếc","Đang cập nhật","Đang cập nhật","C-135","Linh kiện điện tử","Tụ hóa 2 đầu không phân cực","1614","8075","https://linhkienchatluong.vn/urltu-hoa-2-dau-khong-phan-cuc/tu-hoa-100v-47uf-13x27mm-spt-2-dau-khong-phan-cuc_sp1614_ct8075.aspx","https://linhkienchatluong.vn/Uploads/pic/prods/Linh-kien-dien-tu/63844725448740347347.jpg"
"362","13","Tụ hóa 100V 33uF 13x27mm SPT 2 đầu không phân cực","CL06153","","","33 uF","100 V","13x27mm","","","","","","","","10,500đ","10500","đ","","","Chiếc","Đang cập nhật","Đang cập nhật","C-135","Linh kiện điện tử","Tụ hóa 2 đầu không phân cực","1614","8074","https://linhkienchatluong.vn/urltu-hoa-2-dau-khong-phan-cuc/tu-hoa-100v-33uf-13x27mm-spt-2-dau-khong-phan-cuc_sp1614_ct8074.aspx","https://linhkienchatluong.vn/Uploads/pic/prods/Linh-kien-dien-tu/63844725427302239933.jpg"
"363","13","Tụ hóa 100V 22uF 13x27mm SPT 2 đầu không phân cực","CL06152","","","22 uF","100 V","13x27mm","","","","","","","","9,000đ","9000","đ","","","Chiếc","Đang cập nhật","Đang cập nhật","C-134","Linh kiện điện tử","Tụ hóa 2 đầu không phân cực","1614","8073","https://linhkienchatluong.vn/urltu-hoa-2-dau-khong-phan-cuc/tu-hoa-100v-22uf-13x27mm-spt-2-dau-khong-phan-cuc_sp1614_ct8073.aspx","https://linhkienchatluong.vn/Uploads/pic/prods/Linh-kien-dien-tu/63844725376563303922.jpg"
"364","13","Tụ hóa 100V 15uF 13x27mm SPT 2 đầu không phân cực","CL06151","","","15 uF","100 V","13x27mm","","","","","","","","8,000đ","8000","đ","","","Chiếc","Đang cập nhật","Đang cập nhật","C-134","Linh kiện điện tử","Tụ hóa 2 đầu không phân cực","1614","8072","https://linhkienchatluong.vn/urltu-hoa-2-dau-khong-phan-cuc/tu-hoa-100v-15uf-13x27mm-spt-2-dau-khong-phan-cuc_sp1614_ct8072.aspx","https://linhkienchatluong.vn/Uploads/pic/prods/Linh-kien-dien-tu/63844725307651653115.jpg"
"365","13","Tụ hóa 100V 10uF 13x27mm SPT 2 đầu không phân cực","CL06150","","","10 uF","100 V","13x27mm","","","","","","","","6,000đ","6000","đ","","","Chiếc","Đang cập nhật","Đang cập nhật","C-134","Linh kiện điện tử","Tụ hóa 2 đầu không phân cực","1614","8071","https://linhkienchatluong.vn/urltu-hoa-2-dau-khong-phan-cuc/tu-hoa-100v-10uf-13x27mm-spt-2-dau-khong-phan-cuc_sp1614_ct8071.aspx","https://linhkienchatluong.vn/Uploads/pic/prods/Linh-kien-dien-tu/63867612932579618106150.jpg"
"366","13","Tụ hóa 100V 4.7uF 13x27mm SPT 2 đầu không phân cực","CL06149","","","4.7 uF","100 V","13x27mm","","","","","","","","5,800đ","5800","đ","","","Chiếc","Đang cập nhật","Đang cập nhật","C-133","Linh kiện điện tử","Tụ hóa 2 đầu không phân cực","1614","8070","https://linhkienchatluong.vn/urltu-hoa-2-dau-khong-phan-cuc/tu-hoa-100v-47uf-13x27mm-spt-2-dau-khong-phan-cuc_sp1614_ct8070.aspx","https://linhkienchatluong.vn/Uploads/pic/prods/Linh-kien-dien-tu/6384472529146818814.7.jpg"
"367","13","Tụ hóa 100V 3.3uF 13x27mm SPT 2 đầu không phân cực","CL06148","","","3.3 uF","100 V","13x27mm","","","","","","","","5,500đ","5500","đ","","","Chiếc","Đang cập nhật","Đang cập nhật","C-133","Linh kiện điện tử","Tụ hóa 2 đầu không phân cực","1614","8069","https://linhkienchatluong.vn/urltu-hoa-2-dau-khong-phan-cuc/tu-hoa-100v-33uf-13x27mm-spt-2-dau-khong-phan-cuc_sp1614_ct8069.aspx","https://linhkienchatluong.vn/Uploads/pic/prods/Linh-kien-dien-tu/6384472534239789683.3.jpg"
"368","13","Tụ hóa 100V 1.5uF 13x27mm SPT 2 đầu không phân cực","CL06147","","","1.5 uF","100 V","13x27mm","","","","","","","","5,000đ","5000","đ","","","Chiếc","Đang cập nhật","Đang cập nhật","C-133","Linh kiện điện tử","Tụ hóa 2 đầu không phân cực","1614","8068","https://linhkienchatluong.vn/urltu-hoa-2-dau-khong-phan-cuc/tu-hoa-100v-15uf-13x27mm-spt-2-dau-khong-phan-cuc_sp1614_ct8068.aspx","https://linhkienchatluong.vn/Uploads/pic/prods/Linh-kien-dien-tu/6384472532467915621.5.jpg"
"369","13","Tụ hóa 100V 47uF 12x21mm không phân cực","NM01625","","","47 uF","100 V","12x21mm","","","","","","","","2,500đ","2500","2,700đ","2700","Còn hàng","Chiếc","Đang cập nhật","Đang cập nhật","C-132","Linh kiện điện tử","Tụ hóa 2 đầu không phân cực","1614","8067","https://linhkienchatluong.vn/urltu-hoa-2-dau-khong-phan-cuc/tu-hoa-100v-47uf-12x21mm-khong-phan-cuc_sp1614_ct8067.aspx","https://linhkienchatluong.vn/Uploads/pic/prods/Linh-kien-dien-tu/63844727980898972247.jpg"
"370","13","Tụ hóa 100V 33uF 12x21mm không phân cực","NM01624","","","33 uF","100 V","12x21mm","","","","","","","","2,500đ","2500","2,700đ","2700","Còn hàng","Chiếc","Đang cập nhật","Đang cập nhật","C-132","Linh kiện điện tử","Tụ hóa 2 đầu không phân cực","1614","8066","https://linhkienchatluong.vn/urltu-hoa-2-dau-khong-phan-cuc/tu-hoa-100v-33uf-12x21mm-khong-phan-cuc_sp1614_ct8066.aspx","https://linhkienchatluong.vn/Uploads/pic/prods/Linh-kien-dien-tu/63844727951911591933.jpg"
"371","13","Tụ hóa 100V 22uF 12x21mm không phân cực","NM01626","","","22 uF","100 V","12x21mm","","","","","","","","2,500đ","2500","2,700đ","2700","Còn hàng","Chiếc","CHINA","CHINA","C-132","Linh kiện điện tử","Tụ hóa 2 đầu không phân cực","1614","8065","https://linhkienchatluong.vn/urltu-hoa-2-dau-khong-phan-cuc/tu-hoa-100v-22uf-12x21mm-khong-phan-cuc_sp1614_ct8065.aspx","https://linhkienchatluong.vn/Uploads/pic/prods/Linh-kien-dien-tu/63844728009874071322.jpg"
"372","13","Tụ hóa 100V 15uF 12x21mm không phân cực","CL06143","","","15 uF","100 V","12x21mm","","","","","","","","2,500đ","2500","đ","","","Chiếc","Đang cập nhật","Đang cập nhật","C-131","Linh kiện điện tử","Tụ hóa 2 đầu không phân cực","1614","8064","https://linhkienchatluong.vn/urltu-hoa-2-dau-khong-phan-cuc/tu-hoa-100v-15uf-12x21mm-khong-phan-cuc_sp1614_ct8064.aspx","https://linhkienchatluong.vn/Uploads/pic/prods/Linh-kien-dien-tu/63844728039160550615.jpg"
"373","13","Tụ hóa 100V 10uF 12x21mm không phân cực","CL06142","","","10 uF","100 V","12x21mm","","","","","","","","2,500đ","2500","đ","","","Chiếc","Đang cập nhật","Đang cập nhật","C-131","Linh kiện điện tử","Tụ hóa 2 đầu không phân cực","1614","8063","https://linhkienchatluong.vn/urltu-hoa-2-dau-khong-phan-cuc/tu-hoa-100v-10uf-12x21mm-khong-phan-cuc_sp1614_ct8063.aspx","https://linhkienchatluong.vn/Uploads/pic/prods/Linh-kien-dien-tu/63851024278671740406142.jpg"
"374","13","Tụ hóa 100V 4.7uF 12x21mm không phân cực","CL06141","","","4.7 uF","100 V","12x21mm","","","","","","","","2,500đ","2500","đ","","","Chiếc","Đang cập nhật","Đang cập nhật","C-131","Linh kiện điện tử","Tụ hóa 2 đầu không phân cực","1614","8062","https://linhkienchatluong.vn/urltu-hoa-2-dau-khong-phan-cuc/tu-hoa-100v-47uf-12x21mm-khong-phan-cuc_sp1614_ct8062.aspx","https://linhkienchatluong.vn/Uploads/pic/prods/Linh-kien-dien-tu/6384472806884869454.7.jpg"
"375","13","Tụ hóa 100V 3.3uF 12x21mm không phân cực","CL06140","","","3.3 uF","100 V","12x21mm","","","","","","","","2,400đ","2400","đ","","","Chiếc","Đang cập nhật","Đang cập nhật","C-130","Linh kiện điện tử","Tụ hóa 2 đầu không phân cực","1614","8061","https://linhkienchatluong.vn/urltu-hoa-2-dau-khong-phan-cuc/tu-hoa-100v-33uf-12x21mm-khong-phan-cuc_sp1614_ct8061.aspx","https://linhkienchatluong.vn/Uploads/pic/prods/Linh-kien-dien-tu/6384472809734698583.3.jpg"
"376","13","Tụ hóa 100V 2.2uF 12x21mm không phân cực","CL06139","","","2.2 uF","100 V","12x21mm","","","","","","","","2,200đ","2200","đ","","","Chiếc","Đang cập nhật","Đang cập nhật","C-130","Linh kiện điện tử","Tụ hóa 2 đầu không phân cực","1614","8060","https://linhkienchatluong.vn/urltu-hoa-2-dau-khong-phan-cuc/tu-hoa-100v-22uf-12x21mm-khong-phan-cuc_sp1614_ct8060.aspx","https://linhkienchatluong.vn/Uploads/pic/prods/Linh-kien-dien-tu/6384472812723656162.2.jpg"
"377","13","Tụ hóa 100V 1.5uF 12x21mm không phân cực","CL06138","","","1.5 uF","100 V","12x21mm","","","","","","","","2,000đ","2000","đ","","","Chiếc","Đang cập nhật","Đang cập nhật","C-130","Linh kiện điện tử","Tụ hóa 2 đầu không phân cực","1614","8059","https://linhkienchatluong.vn/urltu-hoa-2-dau-khong-phan-cuc/tu-hoa-100v-15uf-12x21mm-khong-phan-cuc_sp1614_ct8059.aspx","https://linhkienchatluong.vn/Uploads/pic/prods/Linh-kien-dien-tu/6384472818313556181.5.jpg"
"378","13","Tụ bếp từ 2.2uF 225K 305V 10% chân 23mm chính hãng Faratronic","CL05297","Tụ bếp từ","225K","2.2 uF","305 V","23mm","","K","","","Bếp từ","Faratronic","","6,000đ","6000","đ","","","Chiếc","Faratronic","CHINA","TA-012","Linh kiện điện tử","Tụ Bếp Từ","710","8058","https://linhkienchatluong.vn/urltu-bep-tu/tu-bep-tu-22uf-225k-305v-10-chan-23mm-chinh-hang-faratronic_sp710_ct8058.aspx","https://linhkienchatluong.vn/Uploads/pic/prods/Linh-kien-dien-tu/6379202382500575942.2.jpg"
"379","13","Tụ lọc nguồn AC 0.1uF 275V 15mm","NM02175","Tụ lọc nguồn","","0.1 uF","275 V","15mm","","","","","Lọc nguồn","","","1,000đ","1000","1,080đ","1080","Còn hàng","Chiếc","Đang cập nhật","Đang cập nhật","C-124","Linh kiện điện tử","Tụ An Toàn - Tụ Lọc Nguồn","456","8057","https://linhkienchatluong.vn/urltu-an-toan---tu-loc-nguon/tu-loc-nguon-ac-01uf-275v-15mm_sp456_ct8057.aspx","https://linhkienchatluong.vn/Uploads/pic/prods/Linh-kien-dien-tu/6384480107158716900.1.jpg"
"380","13","Tụ lọc nguồn AC 0.022uF 275V 10mm","CLA1238","Tụ lọc nguồn","","0.022 uF","275 V","10mm","","","","","Lọc nguồn","","","1,000đ","1000","đ","","","Chiếc","Đang cập nhật","Đang cập nhật","C-123","Linh kiện điện tử","Tụ An Toàn - Tụ Lọc Nguồn","456","8056","https://linhkienchatluong.vn/urltu-an-toan---tu-loc-nguon/tu-loc-nguon-ac-0022uf-275v-10mm_sp456_ct8056.aspx","https://linhkienchatluong.vn/Uploads/pic/prods/Linh-kien-dien-tu/6384480102589295380.022.jpg"
"381","13","Tụ hóa 63V 22000uF JCCON Audio 35x70mm","NM00608","","","22000 uF","63 V","35x70mm","","","","","","","","83,000đ","83000","89,640đ","89640","","Chiếc","JCCON","Đang cập nhật","C-032A","Linh kiện điện tử","Tụ hóa có phân cực","1611","7946","https://linhkienchatluong.vn/urltu-hoa-co-phan-cuc/tu-hoa-63v-22000uf-jccon-audio-35x70mm_sp1611_ct7946.aspx","https://linhkienchatluong.vn/Uploads/pic/prods/Linh-kien-dien-tu/63853967448256235606036.jpg"
"382","13","Tụ hóa 63V 22000uF 35x70mm chân cứng","NM02339","","","22000 uF","63 V","35x70mm","","","","","","","","49,000đ","49000","52,920đ","52920","Còn hàng","Chiếc","CHINA","CHINA","C-032A","Linh kiện điện tử","Tụ hóa có phân cực","1611","7945","https://linhkienchatluong.vn/urltu-hoa-co-phan-cuc/tu-hoa-63v-22000uf-35x70mm-chan-cung_sp1611_ct7945.aspx","https://linhkienchatluong.vn/Uploads/pic/prods/Linh-kien-dien-tu/63831602223043090006035.jpg"
"383","13","Tụ hóa 450V 82uF 18x25mm tần số cao","NM02011","","","82 uF","450 V","18x25mm","","","","","","","","7,000đ","7000","7,560đ","7560","Còn hàng","Chiếc","Đang cập nhật","Đang cập nhật","C-046","Linh kiện điện tử","Tụ hóa có phân cực","1611","7777","https://linhkienchatluong.vn/urltu-hoa-co-phan-cuc/tu-hoa-450v-82uf-18x25mm-tan-so-cao_sp1611_ct7777.aspx","https://linhkienchatluong.vn/Uploads/pic/prods/Linh-kien-dien-tu/63840732045311303405815.jpg"
"384","13","Tụ hóa 400V 82uF 22x30mm chân cứng","CL05814","","","82 uF","400 V","22x30mm","","","","","","","","9,000đ","9000","đ","","","Chiếc","Đang cập nhật","Đang cập nhật","C-046","Linh kiện điện tử","Tụ hóa có phân cực","1611","7776","https://linhkienchatluong.vn/urltu-hoa-co-phan-cuc/tu-hoa-400v-82uf-22x30mm-chan-cung_sp1611_ct7776.aspx","https://linhkienchatluong.vn/Uploads/pic/prods/Linh-kien-dien-tu/63848433126409738205814.jpg"
"385","13","Tụ hóa 80V 10000uF JCCON Audio 35x60mm","CL05312","","","10000 uF","80 V","35x60mm","","","","","","","","55,000đ","55000","đ","","","Chiếc","JCCON","Đang cập nhật","C-033","Linh kiện điện tử","Tụ hóa có phân cực","1611","7775","https://linhkienchatluong.vn/urltu-hoa-co-phan-cuc/tu-hoa-80v-10000uf-jccon-audio-35x60mm_sp1611_ct7775.aspx","https://linhkienchatluong.vn/Uploads/pic/prods/Linh-kien-dien-tu/63847827388858408505312.jpg"
"386","13","Tụ hóa 80V 10000uF 35x50mm chân cứng","NM02343","","","10000 uF","80 V","35x50mm","","","","","","","","42,000đ","42000","45,360đ","45360","Còn hàng","Chiếc","Đang cập nhật","Đang cập nhật","C-033","Linh kiện điện tử","Tụ hóa có phân cực","1611","7774","https://linhkienchatluong.vn/urltu-hoa-co-phan-cuc/tu-hoa-80v-10000uf-35x50mm-chan-cung_sp1611_ct7774.aspx","https://linhkienchatluong.vn/Uploads/pic/prods/Linh-kien-dien-tu/63847908750877399205311.jpg"
"387","13","Tụ chống sét Varistor 14D201K 200V 14mm chính hãng HEL (bảo vệ điện 110V)","CLA3170","Tụ chống sét varistor","","","200 V | 110 V","14mm","","","","","Chống sét","HEL","","2,200đ","2200","đ","","","Chiếc","HEL","Chính hãng","C-118","Linh kiện điện tử","14D - đường kính 14mm","1924","7523","https://linhkienchatluong.vn/url14d---duong-kinh-14mm/tu-chong-set-varistor-14d201k-200v-14mm-chinh-hang-hel-bao-ve-dien-110v_sp1924_ct7523.aspx","https://linhkienchatluong.vn/Uploads/pic/prods/---Tu-chong-set--Varistor/6374198828050783013170.jpg"
"388","13","Tụ chống sét Varistor 5D471K 470V 5mm","CLA1206","Tụ chống sét varistor","","","470 V","5mm","","","","","Chống sét","","","1,000đ","1000","đ","","","Chiếc","CHINA","CHINA","C-114","Linh kiện điện tử","5D - đường kính 5mm","1923","7522","https://linhkienchatluong.vn/url5d---duong-kinh-5mm/tu-chong-set-varistor-5d471k-470v-5mm_sp1923_ct7522.aspx","https://linhkienchatluong.vn/Uploads/pic/prods/---Tu-chong-set--Varistor/6374198792486647341206.jpg"
"389","13","Tụ chống sét Varistor 5D330K 33V 5mm","CLA1205","Tụ chống sét varistor","","","33 V","5mm","","","","","Chống sét","","","800đ","800","đ","","","Chiếc","CHINA","-","C-114","Linh kiện điện tử","5D - đường kính 5mm","1923","7521","https://linhkienchatluong.vn/url5d---duong-kinh-5mm/tu-chong-set-varistor-5d330k-33v-5mm_sp1923_ct7521.aspx","https://linhkienchatluong.vn/Uploads/pic/prods/---Tu-chong-set--Varistor/6374198791114770121205.jpg"
"390","13","Tụ chống sét Varistor 10D181K 180V 10mm","CLA5138","Tụ chống sét varistor","","","180 V","10mm","","","","","Chống sét","","","1,000đ","1000","đ","","","chiếc","Đang cập nhật","-","C-116","Linh kiện điện tử","10D - đường kính 10mm","1922","7472","https://linhkienchatluong.vn/url10d---duong-kinh-10mm/tu-chong-set-varistor-10d181k-180v-10mm_sp1922_ct7472.aspx","https://linhkienchatluong.vn/Uploads/pic/prods/Linh-kien-dien-tu/6383004011334052515138.jpg"
"391","14","Tụ chống sét Varistor 10D151K 150V 10mm chính hãng HEL","CLA5137","Tụ chống sét varistor","","","150 V","10mm","","","","","Chống sét","HEL","","1,000đ","1000","đ","","","chiếc","HEL","Chính hãng","C-116","Linh kiện điện tử","10D - đường kính 10mm","1922","7471","https://linhkienchatluong.vn/url10d---duong-kinh-10mm/tu-chong-set-varistor-10d151k-150v-10mm-chinh-hang-hel_sp1922_ct7471.aspx","https://linhkienchatluong.vn/Uploads/pic/prods/---Tu-chong-set--Varistor/6374198812116375875137.jpg"
"392","14","Tụ hóa 16V 330uF SUSCON 8x11mm","CLA5156","","","330 uF","16 V","8x11mm","","","","","","","","1,000đ","1000","đ","","","chiếc","Đang cập nhật","Đang cập nhật","C-003","Linh kiện điện tử","Tụ hóa chất lượng cao","1613","7465","https://linhkienchatluong.vn/urltu-hoa-chat-luong-cao/tu-hoa-16v-330uf-suscon-8x11mm_sp1613_ct7465.aspx","https://linhkienchatluong.vn/Uploads/pic/prods/Linh-kien-dien-tu/6384731843704657485156.jpg"
"393","14","Tụ hóa 16V 33uF KME 5x11mm","CLA5157","","","33 uF","16 V","5x11mm","","","","","","","","500đ","500","đ","","","chiếc","Đang cập nhật","Đang cập nhật","C-003","Linh kiện điện tử","Tụ hóa chất lượng cao","1613","7463","https://linhkienchatluong.vn/urltu-hoa-chat-luong-cao/tu-hoa-16v-33uf-kme-5x11mm_sp1613_ct7463.aspx","https://linhkienchatluong.vn/Uploads/pic/prods/Linh-kien-dien-tu/6384731838283511475157.jpg"
"394","14","Tụ chống sét Varistor 14D301K 300V 14mm","CLA5092","Tụ chống sét varistor","","","300 V","14mm","","","","","Chống sét","","","2,000đ","2000","đ","","","chiếc","Đang cập nhật","-","C-118","Linh kiện điện tử","14D - đường kính 14mm","1924","7428","https://linhkienchatluong.vn/url14d---duong-kinh-14mm/tu-chong-set-varistor-14d301k-300v-14mm_sp1924_ct7428.aspx","https://linhkienchatluong.vn/Uploads/pic/prods/---Tu-chong-set--Varistor/6374198829555473665092.jpg"
"395","14","Tụ hóa 63V 3300uF 18x35mm","NM02314","","","3300 uF","63 V","18x35mm","","","","","","","","8,000đ","8000","8,640đ","8640","Còn hàng","chiếc","Đang cập nhật","Đang cập nhật","C-031","Linh kiện điện tử","Tụ hóa có phân cực","1611","7420","https://linhkienchatluong.vn/urltu-hoa-co-phan-cuc/tu-hoa-63v-3300uf-18x35mm_sp1611_ct7420.aspx","https://linhkienchatluong.vn/Uploads/pic/prods/Linh-kien-dien-tu/6384730633156446194303.jpg"
"396","14","Tụ bếp từ 0.47uF 1600VDC loại đứng màu xanh chính hãng BM","CLA5067","Tụ bếp từ","","0.47 uF","1600 VDC","","","","","","Bếp từ","BM","Màu xanh","17,000đ","17000","đ","","","Chiếc","BM","Đang cập nhật","TA-012","Linh kiện điện tử","Tụ Bếp Từ","710","7419","https://linhkienchatluong.vn/urltu-bep-tu/tu-bep-tu-047uf-1600vdc-loai-dung-mau-xanh-chinh-hang-bm_sp710_ct7419.aspx","https://linhkienchatluong.vn/Uploads/pic/prods/Linh-kien-dien-tu/6386294268834109585067.jpg"
"397","14","Tụ bếp từ 4uF 275VAC 400VDC 31mm loại nằm màu xanh chính hãng BM","CLA5065","Tụ bếp từ","","4 uF","275 VAC | 400 VDC","31mm","","","","","Bếp từ","BM","Màu xanh","8,000đ","8000","đ","","","chiếc","BM","CHINA","TA-014","Linh kiện điện tử","Tụ Bếp Từ","710","7418","https://linhkienchatluong.vn/urltu-bep-tu/tu-bep-tu-4uf-275vac-400vdc-31mm-loai-nam-mau-xanh-chinh-hang-bm_sp710_ct7418.aspx","https://linhkienchatluong.vn/Uploads/pic/prods/Linh-kien-dien-tu/6382640606406726734n.jpg"
"398","14","Tụ cao áp lò vi sóng 1uF 2100V PNMKS","NM02775","Tụ cao áp","","1 uF","2100 V","","","","","","","","","39,000đ","39000","42,120đ","42120","Còn hàng","chiếc","Đang cập nhật","Đang cập nhật","TU-02","Linh kiện điện tử","Tụ đề - Tụ khởi động","992","7353","https://linhkienchatluong.vn/urltu-de---tu-khoi-dong/tu-cao-ap-lo-vi-song-1uf-2100v-pnmks_sp992_ct7353.aspx","https://linhkienchatluong.vn/Uploads/pic/prods/Linh-kien-dien-tu/6381819345002126525039.jpg"
"399","14","Tụ tantalum 7343 107V 35V 100uF 7.3x4.3mm TAJD107K035RNJ","NM00471","Tụ tantalum","TAJD107K035RNJ","100 uF","107 V | 35 V","7.3x4.3mm | 3mm","","","","","","","","5,000đ","5000","5,400đ","5400","","Chiếc","CHINA","CHINA","C-128","Linh kiện điện tử","Tụ Tantalium","460","7306","https://linhkienchatluong.vn/urltu-tantalium/tu-tantalum-7343-107v-35v-100uf-73x43mm-tajd107k035rnj_sp460_ct7306.aspx","https://linhkienchatluong.vn/Uploads/pic/prods/Linh-kien-dien-tu/6382615266633088274993.jpg"
"400","14","Tụ hóa 50V 0.47uF SAMWHA 5x11mm","CLA4986","","","0.47 uF","50 V","5x11mm","","","","","","","","500đ","500","đ","","","chiếc","-","-","C-069","Linh kiện điện tử","Tụ hóa chất lượng cao","1613","7244","https://linhkienchatluong.vn/urltu-hoa-chat-luong-cao/tu-hoa-50v-047uf-samwha-5x11mm_sp1613_ct7244.aspx","https://linhkienchatluong.vn/Uploads/pic/prods/--Tu-Hoa-Chat-Luong-Cao/63654250072187692250V0,47uF%20Samwha.jpg"
"401","14","Tụ bếp từ 8uF 275VAC 400VDC loại đứng màu xanh chính hãng BM","NM02162","Tụ bếp từ","","8 uF","275 VAC | 400 VDC","","","","","","Bếp từ","BM","Màu xanh","15,000đ","15000","16,200đ","16200","Còn hàng","Chiếc","BM","Chính hãng","TA-016","Linh kiện điện tử","Tụ Bếp Từ","710","7242","https://linhkienchatluong.vn/urltu-bep-tu/tu-bep-tu-8uf-275vac-400vdc-loai-dung-mau-xanh-chinh-hang-bm_sp710_ct7242.aspx","https://linhkienchatluong.vn/Uploads/pic/prods/Linh-kien-dien-tu/6379193529863960474959.jpg"
"402","14","Tụ tantalum 7343 476E 25V 47uF 7.3x4.3mm TAJD476K025RNJ","CLA4899","Tụ tantalum","TAJD476K025RNJ","47 uF","25 V","7.3x4.3mm | 3mm","","","","","","","","5,000đ","5000","đ","","","Chiếc","CHINA","CHINA","C-128","Linh kiện điện tử","Tụ Tantalium","460","7149","https://linhkienchatluong.vn/urltu-tantalium/tu-tantalum-7343-476e-25v-47uf-73x43mm-tajd476k025rnj_sp460_ct7149.aspx","https://linhkienchatluong.vn/Uploads/pic/prods/Linh-kien-dien-tu/6382615265239281874899.jpg"
"403","14","Tụ hóa 63V 680uF 13x25mm JCCON Audio tần số cao","CLA4855","","","680 uF","63 V","13x25mm","","","","","","","","5,000đ","5000","đ","","","Chiếc","JCCON","Đang cập nhật","C-029","Linh kiện điện tử","Tụ hóa có phân cực","1611","7098","https://linhkienchatluong.vn/urltu-hoa-co-phan-cuc/tu-hoa-63v-680uf-13x25mm-jccon-audio-tan-so-cao_sp1611_ct7098.aspx","https://linhkienchatluong.vn/Uploads/pic/prods/Linh-kien-dien-tu/6381673796113392804855.jpg"
"404","14","Tụ CBB 1600V 224J 0.22uF 22mm Panasonic","CLA4616","Tụ CBB","224J","0.22 uF","1600 V","22mm","","J","","","","","","6,000đ","6000","đ","","","Chiếc","PANASONIC","Đang cập nhật","C-095","Linh kiện điện tử","Tụ CBB - Tụ Kẹo","459","6688","https://linhkienchatluong.vn/urltu-cbb---tu-keo/tu-cbb-1600v-224j-022uf-22mm-panasonic_sp459_ct6688.aspx","https://linhkienchatluong.vn/Uploads/pic/prods/--Tu-CBB--Tu-Keo/636461629155084192100V224%20Panasonic.jpg"
"405","14","Tụ CBB 630V 475J 4.7uF 30mm Panasonic","CLA4617","Tụ CBB","475J","4.7 uF","630 V","30mm","","J","","","","","","14,000đ","14000","đ","","","Chiếc","PANASONIC","-","C-094","Linh kiện điện tử","Tụ CBB - Tụ Kẹo","459","6687","https://linhkienchatluong.vn/urltu-cbb---tu-keo/tu-cbb-630v-475j-47uf-30mm-panasonic_sp459_ct6687.aspx","https://linhkienchatluong.vn/Uploads/pic/prods/---Tu-CBB--Tu-Keo/6375123105434144234617-2.jpg"
"406","14","Tụ quạt 2.5uF 450VAC CBB61 2 chân cắm jack","CLA4534","Tụ quạt","CBB61","2.5 uF","450 VAC","","","","Chân cắm","","Quạt","","","9,500đ","9500","đ","","","Chiếc","CHINA","Đang cập nhật","TA-003","Linh kiện điện tử","Tụ đề - Tụ khởi động","992","6570","https://linhkienchatluong.vn/urltu-de---tu-khoi-dong/tu-quat-25uf-450vac-cbb61-2-chan-cam-jack_sp992_ct6570.aspx","https://linhkienchatluong.vn/Uploads/pic/prods/Linh-kien-dien-tu/6379218430722910142.5-1.jpg"
"407","14","Tụ quạt 2uF 450VAC SENJU 2 chân cắm jack CBB61 loại tốt","CLA4533","Tụ quạt","CBB61","2 uF","450 VAC","","","","Chân cắm","","Quạt","","","7,500đ","7500","đ","","","Chiếc","SENJU","Chính hãng","TA-003","Linh kiện điện tử","Tụ đề - Tụ khởi động","992","6569","https://linhkienchatluong.vn/urltu-de---tu-khoi-dong/tu-quat-2uf-450vac-senju-2-chan-cam-jack-cbb61-loai-tot_sp992_ct6569.aspx","https://linhkienchatluong.vn/Uploads/pic/prods/Linh-kien-dien-tu/6387548529876129564533.jpg"
"408","14","Tụ quạt 1.5uF 450VAC CBB61 2 chân cắm jack","CLA4532","Tụ quạt","CBB61","1.5 uF","450 VAC","","","","Chân cắm","","Quạt","","","6,000đ","6000","đ","","","Chiếc","CHINA","Đang cập nhật","TA-003","Linh kiện điện tử","Tụ đề - Tụ khởi động","992","6568","https://linhkienchatluong.vn/urltu-de---tu-khoi-dong/tu-quat-15uf-450vac-cbb61-2-chan-cam-jack_sp992_ct6568.aspx","https://linhkienchatluong.vn/Uploads/pic/prods/Linh-kien-dien-tu/6379218462793637551.5-1.jpg"
"409","14","Tụ quạt 2.5uF 450VAC CBB61 chân hàn mạch PCB loại thường","CLA4528","Tụ quạt","CBB61","2.5 uF","450 VAC","","","","Chân hàn | PCB","","Quạt","","","7,000đ","7000","đ","","","Chiếc","CHINA","CHINA","TA-019","Linh kiện điện tử","Tụ đề - Tụ khởi động","992","6557","https://linhkienchatluong.vn/urltu-de---tu-khoi-dong/tu-quat-25uf-450vac-cbb61-chan-han-mach-pcb-loai-thuong_sp992_ct6557.aspx","https://linhkienchatluong.vn/Uploads/pic/prods/Linh-kien-dien-tu/6379218445301724352.5J-1.jpg"
"410","14","Tụ nhôm 16V 330uF 8x10.5mm chân dán SMD","CLA4228","Tụ nhôm","","330 uF","16 V","8x10.5mm | 5mm","","","SMD/Dán","","","","","1,500đ","1500","đ","","","Chiếc","VT-CHINA","CHINA","C-077","Linh kiện điện tử","Tụ nhôm - Tụ hóa dán","1612","6535","https://linhkienchatluong.vn/urltu-nhom---tu-hoa-dan/tu-nhom-16v-330uf-8x105mm-chan-dan-smd_sp1612_ct6535.aspx","https://linhkienchatluong.vn/Uploads/pic/prods/Linh-kien-dien-tu/63853702397340994816v330.jpg"
"411","14","Tụ hóa 450V 100uF 18x30mm tần số cao","NM02330","","","100 uF","450 V","18x30mm","","","","","","","","8,500đ","8500","9,180đ","9180","Còn hàng","Chiếc","JCCON","Chính hãng","C-052","Linh kiện điện tử","Tụ hóa có phân cực","1611","6508","https://linhkienchatluong.vn/urltu-hoa-co-phan-cuc/tu-hoa-450v-100uf-18x30mm-tan-so-cao_sp1611_ct6508.aspx","https://linhkienchatluong.vn/Uploads/pic/prods/Linh-kien-dien-tu/63832445956050810306677.jpg"
"412","14","Tụ hóa 100V 100uF Samwha/Taicon 12x20mm","CLA4515","","","100 uF","100 V","12x20mm","","","","","","","","2,500đ","2500","đ","","","Chiếc","Đang cập nhật","-","C-073","Linh kiện điện tử","Tụ hóa chất lượng cao","1613","6503","https://linhkienchatluong.vn/urltu-hoa-chat-luong-cao/tu-hoa-100v-100uf-samwhataicon-12x20mm_sp1613_ct6503.aspx","https://linhkienchatluong.vn/Uploads/pic/prods/--Tu-Hoa-Chat-Luong-Cao/636320802855434878100V100uF%20Samwha.jpg"
"413","14","Tụ hóa 63V 47uF NIPPON/LELON 8x11mm","CLA4512","","","47 uF","63 V","8x11mm","","","","","","","","1,000đ","1000","đ","","","Chiếc","Đang cập nhật","-","C-070","Linh kiện điện tử","Tụ hóa chất lượng cao","1613","6500","https://linhkienchatluong.vn/urltu-hoa-chat-luong-cao/tu-hoa-63v-47uf-nipponlelon-8x11mm_sp1613_ct6500.aspx","https://linhkienchatluong.vn/Uploads/pic/prods/--Tu-Hoa-Chat-Luong-Cao/63632045178617666163V47uF%20Nippon.jpg"
"414","14","Tụ hóa 50V 470uF SAMWHA 12.5x20mm","CLA4509","","","470 uF","50 V","12.5x20mm","","","","","","","","3,000đ","3000","đ","","","Chiếc","-","-","C-071","Linh kiện điện tử","Tụ hóa chất lượng cao","1613","6497","https://linhkienchatluong.vn/urltu-hoa-chat-luong-cao/tu-hoa-50v-470uf-samwha-125x20mm_sp1613_ct6497.aspx","https://linhkienchatluong.vn/Uploads/pic/prods/--Tu-Hoa-Chat-Luong-Cao/63654252323620615150V470uF%20sanwha.jpg"
"415","14","Tụ hóa 50V 1uF NICHICON/SMG 5x11mm","CLA4503","","","1 uF","50 V","5x11mm","","","","","","","","500đ","500","đ","","","Chiếc","Đang cập nhật","-","C-069","Linh kiện điện tử","Tụ hóa chất lượng cao","1613","6491","https://linhkienchatluong.vn/urltu-hoa-chat-luong-cao/tu-hoa-50v-1uf-nichiconsmg-5x11mm_sp1613_ct6491.aspx","https://linhkienchatluong.vn/Uploads/pic/prods/--Tu-Hoa-Chat-Luong-Cao/63662580246600171450V%201uF.jpg"
"416","14","Tụ hóa 50V 0.33uF ELNA 5x11mm","CLA4502","","","0.33 uF","50 V","5x11mm","","","","","","","","400đ","400","đ","","","Chiếc","Đang cập nhật","-","C-069","Linh kiện điện tử","Tụ hóa chất lượng cao","1613","6490","https://linhkienchatluong.vn/urltu-hoa-chat-luong-cao/tu-hoa-50v-033uf-elna-5x11mm_sp1613_ct6490.aspx","https://linhkienchatluong.vn/Uploads/pic/prods/--Tu-Hoa-Chat-Luong-Cao/63632046260786637650V0,33uF%20ELNA.jpg"
"417","14","Tụ hóa 35V 470uF SAMWHA 10x17/10x20mm","CLA4499","","","470 uF","35 V","10x20mm","","","","","","","","1,500đ","1500","đ","","","Chiếc","-","-","C-074","Linh kiện điện tử","Tụ hóa chất lượng cao","1613","6486","https://linhkienchatluong.vn/urltu-hoa-chat-luong-cao/tu-hoa-35v-470uf-samwha-10x1710x20mm_sp1613_ct6486.aspx","https://linhkienchatluong.vn/Uploads/pic/prods/--Tu-Hoa-Chat-Luong-Cao/63654248215957385335V470uF%20Samwh.jpg"
"418","14","Tụ hóa 35V 330uF 10x13 tần số cao (10 chiếc)","NM00609","","","330 uF","35 V","","","","","10 chiếc","","","","9,000đ","9000","9,720đ","9720","Còn hàng","Túi (10 chiếc)","JCCON","CHINA","C-067","Linh kiện điện tử","Tụ hóa có phân cực","1611","6485","https://linhkienchatluong.vn/urltu-hoa-co-phan-cuc/tu-hoa-35v-330uf-10x13-tan-so-cao-10-chiec_sp1611_ct6485.aspx","https://linhkienchatluong.vn/Uploads/pic/prods/Linh-kien-dien-tu/63832283279486119608356.jpg"
"419","14","Tụ hóa 25V 330uF SAMWHA/KZH 8x11mm","CLA4496","","","330 uF","25 V","8x11mm","","","","","","","","1,500đ","1500","đ","","","Chiếc","-","-","C-063","Linh kiện điện tử","Tụ hóa chất lượng cao","1613","6483","https://linhkienchatluong.vn/urltu-hoa-chat-luong-cao/tu-hoa-25v-330uf-samwhakzh-8x11mm_sp1613_ct6483.aspx","https://linhkienchatluong.vn/Uploads/pic/prods/--Tu-Hoa-Chat-Luong-Cao/63632035634305646225V%20330uF%20Samwha.jpg"
"420","14","Tụ hóa 16V 1000uF SAMYOUNG 10x20mm","CLA4493","","","1000 uF","16 V","10x20mm","","","","","","","","2,000đ","2000","đ","","","Chiếc","Đang cập nhật","Đang cập nhật","C-061","Linh kiện điện tử","Tụ hóa chất lượng cao","1613","6480","https://linhkienchatluong.vn/urltu-hoa-chat-luong-cao/tu-hoa-16v-1000uf-samyoung-10x20mm_sp1613_ct6480.aspx","https://linhkienchatluong.vn/Uploads/pic/prods/--Tu-Hoa-Chat-Luong-Cao/63662581084730168516V%201000uF.jpg"
"421","15","Tụ mica 2A822 8.2nF 100V (10c)","CLA4386","","","8.2 nF","100 V","","","","","10c","","","","2,000đ","2000","đ","","","Túi","Đang cập nhật","Đang cập nhật","C-111","Linh kiện điện tử","Tụ Polyester - Tụ Mica","840","6412","https://linhkienchatluong.vn/urltu-polyester---tu-mica/tu-mica-2a822-82nf-100v-10c_sp840_ct6412.aspx","https://linhkienchatluong.vn/Uploads/pic/prods/Linh-kien-dien-tu/638538752234706609822J.jpg"
"422","15","Tụ tantalum 3528 336C 16V 33uF 3.5x2.8mm TAJB336K016RNJ","CLA4298","Tụ tantalum","TAJB336K016RNJ","33 uF","16 V","3.5x2.8mm | 8mm","","","","336C","","","","2,200đ","2200","đ","","","Chiếc","CHINA","CHINA","KE2-666","Linh kiện điện tử","Tụ Tantalium","460","6272","https://linhkienchatluong.vn/urltu-tantalium/tu-tantalum-3528-336c-16v-33uf-35x28mm-tajb336k016rnj_sp460_ct6272.aspx","https://linhkienchatluong.vn/Uploads/pic/prods/Linh-kien-dien-tu/6382096809089267534298.jpg"
"423","15","Tụ hóa 63V 4700uF 22x40mm JCCON Audio tần số cao","CLA4304","","","4700 uF","63 V","22x40mm","","","","","","","","15,000đ","15000","đ","","","Chiếc","JCCON","Chính hãng","C-031","Linh kiện điện tử","Tụ hóa có phân cực","1611","6228","https://linhkienchatluong.vn/urltu-hoa-co-phan-cuc/tu-hoa-63v-4700uf-22x40mm-jccon-audio-tan-so-cao_sp1611_ct6228.aspx","https://linhkienchatluong.vn/Uploads/pic/prods/Linh-kien-dien-tu/6384843309041152174304.jpg"
"424","15","Tụ hóa 63V 10000uF 30x50mm chân cứng JCCON Audio","NM02325","","","10000 uF","63 V","30x50mm","","","","","","","","42,000đ","42000","45,360đ","45360","Còn hàng","Chiếc","JCCON","Đang cập nhật","C-032","Linh kiện điện tử","Tụ hóa có phân cực","1611","6226","https://linhkienchatluong.vn/urltu-hoa-co-phan-cuc/tu-hoa-63v-10000uf-30x50mm-chan-cung-jccon-audio_sp1611_ct6226.aspx","https://linhkienchatluong.vn/Uploads/pic/prods/Linh-kien-dien-tu/6384782680041830594305.jpg"
"425","15","Tụ hóa 100V 330uF 13x25cm tần số cao","NM00624","","","330 uF","100 V","","","","","","","","","3,500đ","3500","3,780đ","3780","Còn hàng","Chiếc","Đang cập nhật","Đang cập nhật","C-036","Linh kiện điện tử","Tụ hóa có phân cực","1611","6225","https://linhkienchatluong.vn/urltu-hoa-co-phan-cuc/tu-hoa-100v-330uf-13x25cm-tan-so-cao_sp1611_ct6225.aspx","https://linhkienchatluong.vn/Uploads/pic/prods/Linh-kien-dien-tu/638132792703742660z4147116407575_5c128ac37389664abd925aecbaabd5bf.jpg"
"426","15","Tụ hóa 100V 470uF 16x25mm tần số cao","CLA4307","","","470 uF","100 V","16x25mm","","","","","","","","4,500đ","4500","đ","","","Chiếc","JCCON","Tháo máy","C-036","Linh kiện điện tử","Tụ hóa có phân cực","1611","6224","https://linhkienchatluong.vn/urltu-hoa-co-phan-cuc/tu-hoa-100v-470uf-16x25mm-tan-so-cao_sp1611_ct6224.aspx","https://linhkienchatluong.vn/Uploads/pic/prods/Linh-kien-dien-tu/6383160220200653864307.jpg"
"427","15","Tụ hóa 100V 1000uF 18x35mm tần số cao","NM00615","","","1000 uF","100 V","18x35mm","","","","","","","","9,000đ","9000","9,720đ","9720","Còn hàng","Chiếc","JCCON","CHINA","C-037","Linh kiện điện tử","Tụ hóa có phân cực","1611","6223","https://linhkienchatluong.vn/urltu-hoa-co-phan-cuc/tu-hoa-100v-1000uf-18x35mm-tan-so-cao_sp1611_ct6223.aspx","https://linhkienchatluong.vn/Uploads/pic/prods/Linh-kien-dien-tu/6384781796935546904308.jpg"
"428","15","Tụ hóa 100V 3300uF 30x40mm chân cứng","CLA4310","","","3300 uF","100 V","30x40mm","","","","","","","","26,000đ","26000","đ","","","Chiếc","Đang cập nhật","Đang cập nhật","C-038","Linh kiện điện tử","Tụ hóa có phân cực","1611","6221","https://linhkienchatluong.vn/urltu-hoa-co-phan-cuc/tu-hoa-100v-3300uf-30x40mm-chan-cung_sp1611_ct6221.aspx","https://linhkienchatluong.vn/Uploads/pic/prods/Linh-kien-dien-tu/6384730596887379124310.jpg"
"429","15","Tụ hóa 100V 4700uF 30x50mm chân cứng JCCON Audio tần số cao","CLA4311","","","4700 uF","100 V","30x50mm","","","","","","","","42,000đ","42000","đ","","","Chiếc","JCCON","CHINA","C-038","Linh kiện điện tử","Tụ hóa có phân cực","1611","6220","https://linhkienchatluong.vn/urltu-hoa-co-phan-cuc/tu-hoa-100v-4700uf-30x50mm-chan-cung-jccon-audio-tan-so-cao_sp1611_ct6220.aspx","https://linhkienchatluong.vn/Uploads/pic/prods/Linh-kien-dien-tu/638314977254808545z4734056282462_af32889e77fb792edbd52da2ee513d36.jpg"
"430","15","Tụ hóa 100V 10000uF 35x50mm","CLA4312","","","10000 uF","100 V","35x50mm","","","","","","","","45,000đ","45000","đ","","","Chiếc","Đang cập nhật","Đang cập nhật","C-039","Linh kiện điện tử","Tụ hóa có phân cực","1611","6219","https://linhkienchatluong.vn/urltu-hoa-co-phan-cuc/tu-hoa-100v-10000uf-35x50mm_sp1611_ct6219.aspx","https://linhkienchatluong.vn/Uploads/pic/prods/Linh-kien-dien-tu/6384731847674099554312.jpg"
"431","15","Tụ hóa 100V 10000uF 35x70mm JCCON Audio","CLA4313","","","10000 uF","100 V","35x70mm","","","","","","","","82,000đ","82000","đ","","","Chiếc","JCCON","Đang cập nhật","C-039","Linh kiện điện tử","Tụ hóa có phân cực","1611","6218","https://linhkienchatluong.vn/urltu-hoa-co-phan-cuc/tu-hoa-100v-10000uf-35x70mm-jccon-audio_sp1611_ct6218.aspx","https://linhkienchatluong.vn/Uploads/pic/prods/Linh-kien-dien-tu/6384781510953640594313.jpg"
"432","15","Tụ lọc nguồn AC 1uF 275V chân 22mm","NM00641","Tụ lọc nguồn","","1 uF","275 V","22mm","","","","","Lọc nguồn","","","2,300đ","2300","2,484đ","2484","Còn hàng","Chiếc","CHINA","CHINA","C-125","Linh kiện điện tử","Tụ An Toàn - Tụ Lọc Nguồn","456","6166","https://linhkienchatluong.vn/urltu-an-toan---tu-loc-nguon/tu-loc-nguon-ac-1uf-275v-chan-22mm_sp456_ct6166.aspx","https://linhkienchatluong.vn/Uploads/pic/prods/Linh-kien-dien-tu/6384480138910850321.jpg"
"433","15","Tụ nhôm 16V 680uF 10x10.2mm chân dán SMD","CLA4229","Tụ nhôm","","680 uF","16 V","10x10.2mm | 2mm","","","SMD/Dán","","","","","1,800đ","1800","đ","","","chiếc","VT-CHINA","CHINA","C-078","Linh kiện điện tử","Tụ nhôm - Tụ hóa dán","1612","6123","https://linhkienchatluong.vn/urltu-nhom---tu-hoa-dan/tu-nhom-16v-680uf-10x102mm-chan-dan-smd_sp1612_ct6123.aspx","https://linhkienchatluong.vn/Uploads/pic/prods/Linh-kien-dien-tu/63853702518865556516v680.jpg"
"434","15","Tụ nhôm 16V 470uF 8x10mm chân dán SMD","NM02281","Tụ nhôm","","470 uF","16 V","8x10mm","","","SMD/Dán","","","","","1,500đ","1500","1,620đ","1620","Còn hàng","chiếc","VT-CHINA","CHINA","C-077","Linh kiện điện tử","Tụ nhôm - Tụ hóa dán","1612","6122","https://linhkienchatluong.vn/urltu-nhom---tu-hoa-dan/tu-nhom-16v-470uf-8x10mm-chan-dan-smd_sp1612_ct6122.aspx","https://linhkienchatluong.vn/Uploads/pic/prods/Linh-kien-dien-tu/63853702475172526916v470.jpg"
"435","15","Tụ bếp từ 10uF 275VAC 400VDC đứng màu xanh chính hãng BM","NM02773","Tụ bếp từ","","10 uF","275 VAC | 400 VDC","","","","","","Bếp từ","BM","Màu xanh","16,000đ","16000","17,280đ","17280","Còn hàng","Chiếc","BM","Chính hãng","TA-016","Linh kiện điện tử","Tụ Bếp Từ","710","5948","https://linhkienchatluong.vn/urltu-bep-tu/tu-bep-tu-10uf-275vac-400vdc-dung-mau-xanh-chinh-hang-bm_sp710_ct5948.aspx","https://linhkienchatluong.vn/Uploads/pic/prods/Linh-kien-dien-tu/63792022497167242010%C4%91-1.jpg"
"436","15","Tụ máy bơm nước 12uF 370VAC/ 450VAC","NM02063","","","12 uF","370 VAC | 450 VAC","","","","","","","","","20,000đ","20000","21,600đ","21600","Còn hàng","Chiếc","CHINA","CHINA","TA-010","Linh kiện điện tử","Tụ đề - Tụ khởi động","992","5924","https://linhkienchatluong.vn/urltu-de---tu-khoi-dong/tu-may-bom-nuoc-12uf-370vac-450vac_sp992_ct5924.aspx","https://linhkienchatluong.vn/Uploads/pic/prods/Linh-kien-dien-tu/6382797253550259684136.jpg"
"437","15","Tụ máy bơm nước 10uF 370VAC/ 450VAC","NM02062","","","10 uF","370 VAC | 450 VAC","","","","","","","","","18,000đ","18000","19,440đ","19440","Còn hàng","Chiếc","CHINA","CHINA","TA-009","Linh kiện điện tử","Tụ đề - Tụ khởi động","992","5923","https://linhkienchatluong.vn/urltu-de---tu-khoi-dong/tu-may-bom-nuoc-10uf-370vac-450vac_sp992_ct5923.aspx","https://linhkienchatluong.vn/Uploads/pic/prods/Linh-kien-dien-tu/6390217998228171184135.jpg"
"438","15","Tụ máy bơm nước 9uF 370VAC/ 450VAC","CLA4134","","","9 uF","370 VAC | 450 VAC","","","","","","","","","16,000đ","16000","đ","","","Chiếc","CHINA","CHINA","TA-009","Linh kiện điện tử","Tụ đề - Tụ khởi động","992","5922","https://linhkienchatluong.vn/urltu-de---tu-khoi-dong/tu-may-bom-nuoc-9uf-370vac-450vac_sp992_ct5922.aspx","https://linhkienchatluong.vn/Uploads/pic/prods/Linh-kien-dien-tu/6382797257921943174134.jpg"
"439","15","Tụ máy bơm nước 8uF 370VAC/ 450VAC","NM02855","","","8 uF","370 VAC | 450 VAC","","","","","","","","","17,000đ","17000","18,360đ","18360","Còn hàng","Chiếc","CHINA","CHINA","TA-009","Linh kiện điện tử","Tụ đề - Tụ khởi động","992","5921","https://linhkienchatluong.vn/urltu-de---tu-khoi-dong/tu-may-bom-nuoc-8uf-370vac-450vac_sp992_ct5921.aspx","https://linhkienchatluong.vn/Uploads/pic/prods/Linh-kien-dien-tu/6381370080319710104133.jpg"
"440","15","Tụ hóa 450V 47uF 22x25mm chân cứng","NM02334","","","47 uF","450 V","22x25mm","","","","","","","","6,500đ","6500","7,020đ","7020","Còn hàng","Chiếc","CHINA","CHINA","C-054","Linh kiện điện tử","Tụ hóa có phân cực","1611","5919","https://linhkienchatluong.vn/urltu-hoa-co-phan-cuc/tu-hoa-450v-47uf-22x25mm-chan-cung_sp1611_ct5919.aspx","https://linhkienchatluong.vn/Uploads/pic/prods/Linh-kien-dien-tu/6383228382717317144131.jpg"
"441","15","Tụ chống sét Varistor 10D201K 200V 10mm bảo vệ điện áp 110V loại thường (100c)","CLA3998","Tụ chống sét varistor","","","200 V | 110 V","10mm","","","","100c","Chống sét | Bảo vệ điện áp","","","58,000đ","58000","đ","","","Túi (100 chiếc)","CHINA","CHINA","C-116","Linh kiện điện tử","10D - đường kính 10mm","1922","5665","https://linhkienchatluong.vn/url10d---duong-kinh-10mm/tu-chong-set-varistor-10d201k-200v-10mm-bao-ve-dien-ap-110v-loai-thuong-100c_sp1922_ct5665.aspx","https://linhkienchatluong.vn/Uploads/pic/prods/---Tu-chong-set--Varistor/6374198815999195843998.jpg"
"442","15","Tụ hóa 50V 6800uF 22x40mm JCCON Audio tần số cao","CLA3991","","","6800 uF","50 V","22x40mm","","","","","","","","16,500đ","16500","đ","","","Chiếc","JCCON","CHINA","C-025","Linh kiện điện tử","Tụ hóa có phân cực","1611","5657","https://linhkienchatluong.vn/urltu-hoa-co-phan-cuc/tu-hoa-50v-6800uf-22x40mm-jccon-audio-tan-so-cao_sp1611_ct5657.aspx","https://linhkienchatluong.vn/Uploads/pic/prods/Linh-kien-dien-tu/6381673792891985203991.jpg"
"443","15","Siêu tụ 1F 5.5V chân nằm SE-5R5-D105VYC3H","NM00758","","","","5.5 V","","","","","","","","","19,000đ","19000","20,520đ","20520","Còn hàng","Chiếc","CHINA","CHINA","C-075","Linh kiện điện tử","Siêu tụ - Tụ Fara","943","5522","https://linhkienchatluong.vn/urlsieu-tu---tu-fara/sieu-tu-1f-55v-chan-nam-se-5r5-d105vyc3h_sp943_ct5522.aspx","https://linhkienchatluong.vn/Uploads/pic/prods/---Sieu-tu--Tu-Fara/6378787463548254243925.jpg"
"444","15","Siêu tụ 0.22F 5.5V chân đứng SE-5R5-D224VYV","CLA3924","","","","5.5 V","","","","","","","","","16,000đ","16000","đ","","","Chiếc","CHINA","CHINA","C-075","Linh kiện điện tử","Siêu tụ - Tụ Fara","943","5521","https://linhkienchatluong.vn/urlsieu-tu---tu-fara/sieu-tu-022f-55v-chan-dung-se-5r5-d224vyv_sp943_ct5521.aspx","https://linhkienchatluong.vn/Uploads/pic/prods/---Sieu-tu--Tu-Fara/6378787489187158133924.jpg"
"445","15","Siêu tụ 0.1F 5.5V chân nằm SE-5R5-D104VYC3H","CLA3923","","","","5.5 V","","","","","","","","","15,000đ","15000","đ","","","Chiếc","CHINA","CHINA","C-075","Linh kiện điện tử","Siêu tụ - Tụ Fara","943","5520","https://linhkienchatluong.vn/urlsieu-tu---tu-fara/sieu-tu-01f-55v-chan-nam-se-5r5-d104vyc3h_sp943_ct5520.aspx","https://linhkienchatluong.vn/Uploads/pic/prods/Linh-kien-dien-tu/6388871241458657883923.jpg"
"446","15","Tụ hóa 250V 220uF 18x25mm","CLA3953","","","220 uF","250 V","18x25mm","","","","","","","","5,800đ","5800","đ","","","Chiếc","CHINA","Chính hãng","C-041","Linh kiện điện tử","Tụ hóa có phân cực","1611","5515","https://linhkienchatluong.vn/urltu-hoa-co-phan-cuc/tu-hoa-250v-220uf-18x25mm_sp1611_ct5515.aspx","https://linhkienchatluong.vn/Uploads/pic/prods/Linh-kien-dien-tu/6381293482214092613953.jpg"
"447","15","Tụ bếp từ 0.33uF 1200V 31mm loại đứng màu xanh chính hãng BM","CLA3748","Tụ bếp từ","","0.33 uF","1200 V","31mm","","","","","Bếp từ","BM","Màu xanh","9,400đ","9400","đ","","","Chiếc","BM","Chính hãng","TA-011","Linh kiện điện tử","Tụ Bếp Từ","710","5095","https://linhkienchatluong.vn/urltu-bep-tu/tu-bep-tu-033uf-1200v-31mm-loai-dung-mau-xanh-chinh-hang-bm_sp710_ct5095.aspx","https://linhkienchatluong.vn/Uploads/pic/prods/Linh-kien-dien-tu/6379202225271160920.33%C4%91.jpg"
"448","15","Tụ lọc nguồn AC 2.2uF 275V 27mm Tenta","CLA2620","Tụ lọc nguồn","","2.2 uF","275 V","27mm","","","","","Lọc nguồn","","","5,000đ","5000","đ","","","Chiếc","Đang cập nhật","Đang cập nhật","C-126","Linh kiện điện tử","Tụ An Toàn - Tụ Lọc Nguồn","456","4952","https://linhkienchatluong.vn/urltu-an-toan---tu-loc-nguon/tu-loc-nguon-ac-22uf-275v-27mm-tenta_sp456_ct4952.aspx","https://linhkienchatluong.vn/Uploads/pic/prods/Linh-kien-dien-tu/6384480125626583012.2.jpg"
"449","15","Tụ lọc nguồn AC 1.5uF 275V 28mm","NM02177","Tụ lọc nguồn","","1.5 uF","275 V","28mm","","","","","Lọc nguồn","","","5,000đ","5000","5,400đ","5400","Còn hàng","Chiếc","CHINA","CHINA","C-126","Linh kiện điện tử","Tụ An Toàn - Tụ Lọc Nguồn","456","4951","https://linhkienchatluong.vn/urltu-an-toan---tu-loc-nguon/tu-loc-nguon-ac-15uf-275v-28mm_sp456_ct4951.aspx","https://linhkienchatluong.vn/Uploads/pic/prods/Linh-kien-dien-tu/6384480143996529271245.jpg"
"450","15","Tụ chống sét Varistor 14D331K 330V 14mm","CLA3656","Tụ chống sét varistor","","","330 V","14mm","","","","","Chống sét","","","1,200đ","1200","đ","","","Chiếc","CHINA","CHINA","C-118","Linh kiện điện tử","14D - đường kính 14mm","1924","4950","https://linhkienchatluong.vn/url14d---duong-kinh-14mm/tu-chong-set-varistor-14d331k-330v-14mm_sp1924_ct4950.aspx","https://linhkienchatluong.vn/Uploads/pic/prods/Linh-kien-dien-tu/6384187299158238403656.jpg"
"451","16","Tụ mica 2A681J 680pF 0.68nF 100V (10c)","CLA3664","","","680 pF | 0.68 nF","100 V","","","","","10c","","","","2,000đ","2000","đ","","","Túi","Đang cập nhật","Đang cập nhật","C-110","Linh kiện điện tử","Tụ Polyester - Tụ Mica","840","4949","https://linhkienchatluong.vn/urltu-polyester---tu-mica/tu-mica-2a681j-680pf-068nf-100v-10c_sp840_ct4949.aspx","https://linhkienchatluong.vn/Uploads/pic/prods/Linh-kien-dien-tu/638538748843542114681J.jpg"
"452","16","Tụ hóa 35V 3300uF 16x25mm tần số cao","CLA3610","","","3300 uF","35 V","16x25mm","","","","","","","","5,000đ","5000","đ","","","Chiếc","JCCON","Đang cập nhật","C-017","Linh kiện điện tử","Tụ hóa có phân cực","1611","4948","https://linhkienchatluong.vn/urltu-hoa-co-phan-cuc/tu-hoa-35v-3300uf-16x25mm-tan-so-cao_sp1611_ct4948.aspx","https://linhkienchatluong.vn/Uploads/pic/prods/Linh-kien-dien-tu/6384731869164092593610.jpg"
"453","16","Tụ hóa 50V 2.2uF 5x11mm tần số cao (10 chiếc)","NM02313","","","2.2 uF","50 V","5x11mm","","","","10 chiếc","","","","3,500đ","3500","3,780đ","3780","Còn hàng","Túi (10 chiếc)","Đang cập nhật","Đang cập nhật","C-018","Linh kiện điện tử","Tụ hóa có phân cực","1611","4782","https://linhkienchatluong.vn/urltu-hoa-co-phan-cuc/tu-hoa-50v-22uf-5x11mm-tan-so-cao-10-chiec_sp1611_ct4782.aspx","https://linhkienchatluong.vn/Uploads/pic/prods/Linh-kien-dien-tu/6384731861134352883483.jpg"
"454","16","Tụ hóa 25V 33uF 5x7mm","CLA3520","","","33 uF","25 V","5x7mm","","","","","","","","300đ","300","đ","","","Chiếc","CHINA","CHINA","C-008","Linh kiện điện tử","Tụ hóa có phân cực","1611","4781","https://linhkienchatluong.vn/urltu-hoa-co-phan-cuc/tu-hoa-25v-33uf-5x7mm_sp1611_ct4781.aspx","https://linhkienchatluong.vn/Uploads/pic/prods/Linh-kien-dien-tu/6383160245134681223520.jpg"
"455","16","Tụ hóa 50V 10000uF chân cứng","CLA3519","","","10000 uF","50 V","","","","","","","","","23,000đ","23000","đ","","","Chiếc","Đang cập nhật","-","C-020","Linh kiện điện tử","Tụ hóa có phân cực","1611","4779","https://linhkienchatluong.vn/urltu-hoa-co-phan-cuc/tu-hoa-50v-10000uf-chan-cung_sp1611_ct4779.aspx","https://linhkienchatluong.vn/Uploads/pic/prods/---Tu-hoa-co-phan-cuc/637482016875929322z2317185365858_703a96d94c9f949696b2db6932731f21.jpg"
"456","16","Tụ hóa 63V 10000uF 30x50mm chân cứng","CLA3518","","","10000 uF","63 V","30x50mm","","","","","","","","26,000đ","26000","đ","","","Chiếc","CHINA","CHINA","C-032","Linh kiện điện tử","Tụ hóa có phân cực","1611","4778","https://linhkienchatluong.vn/urltu-hoa-co-phan-cuc/tu-hoa-63v-10000uf-30x50mm-chan-cung_sp1611_ct4778.aspx","https://linhkienchatluong.vn/Uploads/pic/prods/Linh-kien-dien-tu/6384790861075473983518.jpg"
"457","16","Tụ hóa 450V 100uF chân cứng","CLA1023","","","100 uF","450 V","","","","","","","","","9,000đ","9000","đ","","","Chiếc","Đang cập nhật","Chính hãng","C-052","Linh kiện điện tử","Tụ hóa có phân cực","1611","4776","https://linhkienchatluong.vn/urltu-hoa-co-phan-cuc/tu-hoa-450v-100uf-chan-cung_sp1611_ct4776.aspx","https://linhkienchatluong.vn/Uploads/pic/prods/Linh-kien-dien-tu/63832444665100004406677.jpg"
"458","16","Tụ hóa 450V 220uF 22x45mm chân cứng","NM00614","","","220 uF","450 V","22x45mm","","","","","","","","15,000đ","15000","16,200đ","16200","Còn hàng","Chiếc","Đang cập nhật","CHINA","C-056","Linh kiện điện tử","Tụ hóa có phân cực","1611","4775","https://linhkienchatluong.vn/urltu-hoa-co-phan-cuc/tu-hoa-450v-220uf-22x45mm-chan-cung_sp1611_ct4775.aspx","https://linhkienchatluong.vn/Uploads/pic/prods/Linh-kien-dien-tu/6383160239697762123516.jpg"
"459","16","Tụ quạt 1uF 450VAC SENJU chân hàn mạch PCB CBB61 loại tốt","NM03187","Tụ quạt","CBB61","1 uF","450 VAC","","","","Chân hàn | PCB","","Quạt","","","7,500đ","7500","8,100đ","8100","Còn hàng","Chiếc","SENJU","CHINA","TA-001","Linh kiện điện tử","Tụ đề - Tụ khởi động","992","4774","https://linhkienchatluong.vn/urltu-de---tu-khoi-dong/tu-quat-1uf-450vac-senju-chan-han-mach-pcb-cbb61-loai-tot_sp992_ct4774.aspx","https://linhkienchatluong.vn/Uploads/pic/prods/Linh-kien-dien-tu/6379218419943597471-1.jpg"
"460","16","Tụ quạt 1.5uF 450VAC SENJU chân hàn mạch PCB CBB61 loại tốt","NM02391","Tụ quạt","CBB61","1.5 uF","450 VAC","","","","Chân hàn | PCB","","Quạt","","","6,500đ","6500","7,020đ","7020","Còn hàng","Chiếc","SENJU","Đang cập nhật","TA-001","Linh kiện điện tử","Tụ đề - Tụ khởi động","992","4773","https://linhkienchatluong.vn/urltu-de---tu-khoi-dong/tu-quat-15uf-450vac-senju-chan-han-mach-pcb-cbb61-loai-tot_sp992_ct4773.aspx","https://linhkienchatluong.vn/Uploads/pic/prods/Linh-kien-dien-tu/6379218440351219431.5J-1.jpg"
"461","16","Tụ quạt 3uF 450VAC CBB61 chân hàn mạch PCB loại thường","CLA3476","Tụ quạt","CBB61","3 uF","450 VAC","","","","Chân hàn | PCB","","Quạt","","","9,000đ","9000","đ","","","Chiếc","CHINA","CHINA","TA-019","Linh kiện điện tử","Tụ đề - Tụ khởi động","992","4771","https://linhkienchatluong.vn/urltu-de---tu-khoi-dong/tu-quat-3uf-450vac-cbb61-chan-han-mach-pcb-loai-thuong_sp992_ct4771.aspx","https://linhkienchatluong.vn/Uploads/pic/prods/Linh-kien-dien-tu/6379218427456809463J-1.jpg"
"462","16","Tụ quạt 3uF dây loại thường","CL09412","Tụ quạt","","3 uF","","","","","Dạng dây","","Quạt","","","6,000đ","6000","đ","","","Chiếc","CHINA","Đang cập nhật","TA-016A","Linh kiện điện tử","Tụ đề - Tụ khởi động","992","4767","https://linhkienchatluong.vn/urltu-de---tu-khoi-dong/tu-quat-3uf-day-loai-thuong_sp992_ct4767.aspx","https://linhkienchatluong.vn/Uploads/pic/prods/Linh-kien-dien-tu/63875570706028243709412.jpg"
"463","16","Tụ bếp từ 7uF 275VAC 400VDC loại đứng màu xanh chính hãng BM","CLA3473","Tụ bếp từ","","7 uF","275 VAC | 400 VDC","","","","","","Bếp từ","BM","Màu xanh","13,000đ","13000","đ","","","Chiếc","BM","Chính hãng","TA-015","Linh kiện điện tử","Tụ Bếp Từ","710","4764","https://linhkienchatluong.vn/urltu-bep-tu/tu-bep-tu-7uf-275vac-400vdc-loai-dung-mau-xanh-chinh-hang-bm_sp710_ct4764.aspx","https://linhkienchatluong.vn/Uploads/pic/prods/Linh-kien-dien-tu/6379202234467120227%C4%90-1.jpg"
"464","16","Tụ bếp từ 8uF 275VAC 400VDC loại nằm màu xanh chính hãng BM","CLA3474","Tụ bếp từ","","8 uF","275 VAC | 400 VDC","","","","","","Bếp từ","BM","Màu xanh","15,000đ","15000","đ","","","Chiếc","BM","CHINA","TA-015","Linh kiện điện tử","Tụ Bếp Từ","710","4763","https://linhkienchatluong.vn/urltu-bep-tu/tu-bep-tu-8uf-275vac-400vdc-loai-nam-mau-xanh-chinh-hang-bm_sp710_ct4763.aspx","https://linhkienchatluong.vn/Uploads/pic/prods/Linh-kien-dien-tu/6382640603588200178N-1.jpg"
"465","16","Tụ bếp từ 10uF 275VAC 400VDC nằm màu xanh chính hãng BM","NM00999","Tụ bếp từ","","10 uF","275 VAC | 400 VDC","","","","","","Bếp từ","BM","Màu xanh","16,000đ","16000","17,280đ","17280","","Chiếc","BM","CHINA","TA-016","Linh kiện điện tử","Tụ Bếp Từ","710","4762","https://linhkienchatluong.vn/urltu-bep-tu/tu-bep-tu-10uf-275vac-400vdc-nam-mau-xanh-chinh-hang-bm_sp710_ct4762.aspx","https://linhkienchatluong.vn/Uploads/pic/prods/Linh-kien-dien-tu/63792022537564528710N-1.jpg"
"466","16","Tụ tantalum 6032 106V 35V 10uF 6.0x3.2mm","NM00991","Tụ tantalum","","10 uF","106 V | 35 V","6.0x3.2mm | 2mm","","","","","","","","2,500đ","2500","2,700đ","2700","","Chiếc","CHINA","CHINA","KE2-671","Linh kiện điện tử","Tụ Tantalium","460","4761","https://linhkienchatluong.vn/urltu-tantalium/tu-tantalum-6032-106v-35v-10uf-60x32mm_sp460_ct4761.aspx","https://linhkienchatluong.vn/Uploads/pic/prods/Linh-kien-dien-tu/6378985236613693133471.jpg"
"467","16","Tụ tantalum 7343 106V 35V 10uF 7.3x4.3mm TAJD106K035RNJ","NM02782","Tụ tantalum","TAJD106K035RNJ","10 uF","106 V | 35 V","7.3x4.3mm | 3mm","","","","","","","","3,500đ","3500","3,780đ","3780","Còn hàng","Chiếc","CHINA","CHINA","C-128","Linh kiện điện tử","Tụ Tantalium","460","4760","https://linhkienchatluong.vn/urltu-tantalium/tu-tantalum-7343-106v-35v-10uf-73x43mm-tajd106k035rnj_sp460_ct4760.aspx","https://linhkienchatluong.vn/Uploads/pic/prods/Linh-kien-dien-tu/6382615263957984773472.jpg"
"468","16","Tụ tantalum 7343 477C 16V 470uF 7.3x4.3mm","CLA1295","Tụ tantalum","","470 uF","16 V","7.3x4.3mm | 3mm","","","","477C","","","","7,500đ","7500","đ","","","Chiếc","Đang cập nhật","-","C-129","Linh kiện điện tử","Tụ Tantalium","460","4759","https://linhkienchatluong.vn/urltu-tantalium/tu-tantalum-7343-477c-16v-470uf-73x43mm_sp460_ct4759.aspx","https://linhkienchatluong.vn/Uploads/pic/prods/--Tu-Tantalium/6361524519001018547343%20477C%2016V%20470uF.jpg"
"469","16","Tụ mica 2A152 1.5nF 100V (10c)","CLA3412","","","1.5 nF","100 V","","","","","10c","","","","2,000đ","2000","đ","","","Túi","Đang cập nhật","Đang cập nhật","C-110","Linh kiện điện tử","Tụ Polyester - Tụ Mica","840","4552","https://linhkienchatluong.vn/urltu-polyester---tu-mica/tu-mica-2a152-15nf-100v-10c_sp840_ct4552.aspx","https://linhkienchatluong.vn/Uploads/pic/prods/Linh-kien-dien-tu/638538749325509888152J.jpg"
"470","16","Tụ chống sét Varistor 10D271K 270V 10mm","CLA3171","Tụ chống sét varistor","","","270 V","10mm","","","","","Chống sét","","","1,500đ","1500","đ","","","Chiếc","Đang cập nhật","-","C-117","Linh kiện điện tử","10D - đường kính 10mm","1922","4331","https://linhkienchatluong.vn/url10d---duong-kinh-10mm/tu-chong-set-varistor-10d271k-270v-10mm_sp1922_ct4331.aspx","https://linhkienchatluong.vn/Uploads/pic/prods/---Tu-chong-set--Varistor/6374198818977326633171.jpg"
"471","16","Tụ bếp từ 2uF 275VAC 400VDC màu xanh chính hãng BM","CLA1251","Tụ bếp từ","","2 uF","275 VAC | 400 VDC","","","","","","Bếp từ","BM","Màu xanh","9,500đ","9500","đ","","","Chiếc","BM","Đang cập nhật","TA-012","Linh kiện điện tử","Tụ Bếp Từ","710","3976","https://linhkienchatluong.vn/urltu-bep-tu/tu-bep-tu-2uf-275vac-400vdc-mau-xanh-chinh-hang-bm_sp710_ct3976.aspx","https://linhkienchatluong.vn/Uploads/pic/prods/Linh-kien-dien-tu/6386294393403057211251.jpg"
"472","16","Tụ mica 2A104J 100nF 100V (10 chiếc)","NM02180","","","100 nF","100 V","","","","","10 chiếc","","","","2,000đ","2000","2,160đ","2160","Còn hàng","Túi (10 chiếc)","Đang cập nhật","Đang cập nhật","C-113","Linh kiện điện tử","Tụ Polyester - Tụ Mica","840","3040","https://linhkienchatluong.vn/urltu-polyester---tu-mica/tu-mica-2a104j-100nf-100v-10-chiec_sp840_ct3040.aspx","https://linhkienchatluong.vn/Uploads/pic/prods/Linh-kien-dien-tu/638538751522151844104J.jpg"
"473","16","Tụ mica 2A683J 68nF 100V (10c)","CLA1202","","","68 nF","100 V","","","","","10c","","","","3,000đ","3000","đ","","","Túi","Đang cập nhật","Đang cập nhật","C-113","Linh kiện điện tử","Tụ Polyester - Tụ Mica","840","3039","https://linhkienchatluong.vn/urltu-polyester---tu-mica/tu-mica-2a683j-68nf-100v-10c_sp840_ct3039.aspx","https://linhkienchatluong.vn/Uploads/pic/prods/Linh-kien-dien-tu/638538753488851010683J.jpg"
"474","16","Tụ mica 2A473J 47nF 100V (10c)","CLA1201","","","47 nF","100 V","","","","","10c","","","","3,000đ","3000","đ","","","Túi","Đang cập nhật","Đang cập nhật","C-112","Linh kiện điện tử","Tụ Polyester - Tụ Mica","840","3038","https://linhkienchatluong.vn/urltu-polyester---tu-mica/tu-mica-2a473j-47nf-100v-10c_sp840_ct3038.aspx","https://linhkienchatluong.vn/Uploads/pic/prods/Linh-kien-dien-tu/638538753282783786473J.jpg"
"475","16","Tụ mica 2A333J 33nF 100V (10c)","CLA1200","","","33 nF","100 V","","","","","10c","","","","2,500đ","2500","đ","","","Túi","Đang cập nhật","Đang cập nhật","C-112","Linh kiện điện tử","Tụ Polyester - Tụ Mica","840","3037","https://linhkienchatluong.vn/urltu-polyester---tu-mica/tu-mica-2a333j-33nf-100v-10c_sp840_ct3037.aspx","https://linhkienchatluong.vn/Uploads/pic/prods/Linh-kien-dien-tu/638538753008167073333J.jpg"
"476","16","Tụ mica 2A224J 220nF 100V (10 chiếc)","NM02781","","","220 nF","100 V","","","","","10 chiếc","","","","5,500đ","5500","5,940đ","5940","Còn hàng","Túi (10 chiếc)","CHINA","CHINA","C-113","Linh kiện điện tử","Tụ Polyester - Tụ Mica","840","3036","https://linhkienchatluong.vn/urltu-polyester---tu-mica/tu-mica-2a224j-220nf-100v-10-chiec_sp840_ct3036.aspx","https://linhkienchatluong.vn/Uploads/pic/prods/Linh-kien-dien-tu/638538751761361414224J.jpg"
"477","16","Tụ mica 2A223J 22nF 100V (10c)","CLA1199","","","22 nF","100 V","","","","","10c","","","","2,500đ","2500","đ","","","Túi","Đang cập nhật","Đang cập nhật","C-112","Linh kiện điện tử","Tụ Polyester - Tụ Mica","840","3035","https://linhkienchatluong.vn/urltu-polyester---tu-mica/tu-mica-2a223j-22nf-100v-10c_sp840_ct3035.aspx","https://linhkienchatluong.vn/Uploads/pic/prods/Linh-kien-dien-tu/638538752799513649223J.jpg"
"478","16","Tụ mica 2A153J 15nF 100V (10 chiếc)","NM02954","","","15 nF","100 V","","","","","10 chiếc","","","","2,000đ","2000","2,160đ","2160","Còn hàng","Túi (10 chiếc)","CHINA","CHINA","C-111","Linh kiện điện tử","Tụ Polyester - Tụ Mica","840","3034","https://linhkienchatluong.vn/urltu-polyester---tu-mica/tu-mica-2a153j-15nf-100v-10-chiec_sp840_ct3034.aspx","https://linhkienchatluong.vn/Uploads/pic/prods/Linh-kien-dien-tu/638538752626772058153J.jpg"
"479","16","Tụ mica 2A682J 6.8nF 100V (10c)","CLA1196","","","6.8 nF","100 V","","","","","10c","","","","2,000đ","2000","đ","","","Túi","Đang cập nhật","Đang cập nhật","C-111","Linh kiện điện tử","Tụ Polyester - Tụ Mica","840","2889","https://linhkienchatluong.vn/urltu-polyester---tu-mica/tu-mica-2a682j-68nf-100v-10c_sp840_ct2889.aspx","https://linhkienchatluong.vn/Uploads/pic/prods/Linh-kien-dien-tu/638538752008752439682J.jpg"
"480","16","Tụ mica 2A472J 4.7nF 100V (10c)","CLA1195","","","4.7 nF","100 V","","","","","10c","","","","2,000đ","2000","đ","","","Túi","Đang cập nhật","Đang cập nhật","C-110","Linh kiện điện tử","Tụ Polyester - Tụ Mica","840","2888","https://linhkienchatluong.vn/urltu-polyester---tu-mica/tu-mica-2a472j-47nf-100v-10c_sp840_ct2888.aspx","https://linhkienchatluong.vn/Uploads/pic/prods/Linh-kien-dien-tu/638538750661980223472J.jpg"
"481","17","Tụ mica 2A332J 3.3nF 100V (10c)","CLA1194","","","3.3 nF","100 V","","","","","10c","","","","2,000đ","2000","đ","","","Túi","Đang cập nhật","Đang cập nhật","C-110","Linh kiện điện tử","Tụ Polyester - Tụ Mica","840","2887","https://linhkienchatluong.vn/urltu-polyester---tu-mica/tu-mica-2a332j-33nf-100v-10c_sp840_ct2887.aspx","https://linhkienchatluong.vn/Uploads/pic/prods/Linh-kien-dien-tu/638538750142650983332J.jpg"
"482","17","Tụ mica 2A222J 2.2nF 100V (10c)","CLA1193","","","2.2 nF","100 V","","","","","10c","","","","2,000đ","2000","đ","","","Túi","Đang cập nhật","Đang cập nhật","C-110","Linh kiện điện tử","Tụ Polyester - Tụ Mica","840","2886","https://linhkienchatluong.vn/urltu-polyester---tu-mica/tu-mica-2a222j-22nf-100v-10c_sp840_ct2886.aspx","https://linhkienchatluong.vn/Uploads/pic/prods/Linh-kien-dien-tu/638538749656864400222J.jpg"
"483","17","Tụ mica 2A103J 10nF 100V (10 chiếc)","NM02179","","","10 nF","100 V","","","","","10 chiếc","","","","2,000đ","2000","2,160đ","2160","Còn hàng","Túi (10 chiếc)","Đang cập nhật","Đang cập nhật","C-111","Linh kiện điện tử","Tụ Polyester - Tụ Mica","840","2885","https://linhkienchatluong.vn/urltu-polyester---tu-mica/tu-mica-2a103j-10nf-100v-10-chiec_sp840_ct2885.aspx","https://linhkienchatluong.vn/Uploads/pic/prods/Linh-kien-dien-tu/638538752408688965103J.jpg"
"484","17","Tụ mica 2A102J 1nF 100V (10 chiếc)","NM02178","","","1 nF","100 V","","","","","10 chiếc","","","","2,000đ","2000","2,160đ","2160","Còn hàng","Túi (10 chiếc)","CHINA","CHINA","C-110","Linh kiện điện tử","Tụ Polyester - Tụ Mica","840","2884","https://linhkienchatluong.vn/urltu-polyester---tu-mica/tu-mica-2a102j-1nf-100v-10-chiec_sp840_ct2884.aspx","https://linhkienchatluong.vn/Uploads/pic/prods/Linh-kien-dien-tu/638538749115703679102J.jpg"
"485","17","Tụ nhôm 50V 330uF 10x10.2mm chân dán SMD","CLA1080","Tụ nhôm","","330 uF","50 V","10x10.2mm | 2mm","","","SMD/Dán","","","","","2,500đ","2500","đ","","","Chiếc","VT-CHINA","CHINA","C-083","Linh kiện điện tử","Tụ nhôm - Tụ hóa dán","1612","2883","https://linhkienchatluong.vn/urltu-nhom---tu-hoa-dan/tu-nhom-50v-330uf-10x102mm-chan-dan-smd_sp1612_ct2883.aspx","https://linhkienchatluong.vn/Uploads/pic/prods/Linh-kien-dien-tu/63853781157551252550v330.jpg"
"486","17","Tụ nhôm 50V 0.1uF 4x5mm chân dán SMD","CLA1069","Tụ nhôm","","0.1 uF","50 V","4x5mm","","","SMD/Dán","","","","","1,000đ","1000","đ","","","Chiếc","VT-CHINA","CHINA","C-081","Linh kiện điện tử","Tụ nhôm - Tụ hóa dán","1612","2882","https://linhkienchatluong.vn/urltu-nhom---tu-hoa-dan/tu-nhom-50v-01uf-4x5mm-chan-dan-smd_sp1612_ct2882.aspx","https://linhkienchatluong.vn/Uploads/pic/prods/Linh-kien-dien-tu/63853710799074814250v0.1.jpg"
"487","17","Tụ nhôm 35V 10uF 5x5.4mm chân dán SMD (10 chiếc)","NM02278","Tụ nhôm","","10 uF","35 V","5x5.4mm | 4mm","","","SMD/Dán","10 chiếc","","","","6,000đ","6000","6,480đ","6480","Còn hàng","Dây (10 chiếc)","VT-CHINA","CHINA","C-080","Linh kiện điện tử","Tụ nhôm - Tụ hóa dán","1612","2881","https://linhkienchatluong.vn/urltu-nhom---tu-hoa-dan/tu-nhom-35v-10uf-5x54mm-chan-dan-smd-10-chiec_sp1612_ct2881.aspx","https://linhkienchatluong.vn/Uploads/pic/prods/Linh-kien-dien-tu/63853796442959777235v10.jpg"
"488","17","Tụ nhôm 25V 33uF 5x6mm chân dán SMD","CLA1052","Tụ nhôm","","33 uF","25 V","5x6mm","","","SMD/Dán","","","","","1,000đ","1000","đ","","","Chiếc","VT-CHINA","CHINA","C-078","Linh kiện điện tử","Tụ nhôm - Tụ hóa dán","1612","2880","https://linhkienchatluong.vn/urltu-nhom---tu-hoa-dan/tu-nhom-25v-33uf-5x6mm-chan-dan-smd_sp1612_ct2880.aspx","https://linhkienchatluong.vn/Uploads/pic/prods/Linh-kien-dien-tu/63853702666008666425v33.jpg"
"489","17","Tụ nhôm 10V 470uF 6.3x7.7mm chân dán SMD","CLA1037","Tụ nhôm","","470 uF","10 V","6.3x7.7mm | 7mm","","","SMD/Dán","","","","","1,500đ","1500","đ","","","Chiếc","VT-CHINA","CHINA","C-076","Linh kiện điện tử","Tụ nhôm - Tụ hóa dán","1612","2878","https://linhkienchatluong.vn/urltu-nhom---tu-hoa-dan/tu-nhom-10v-470uf-63x77mm-chan-dan-smd_sp1612_ct2878.aspx","https://linhkienchatluong.vn/Uploads/pic/prods/Linh-kien-dien-tu/6384099345421136331037.jpg"
"490","17","Tụ hóa 450V 220uF 18x40mm JCCON Audio tần số cao","NM02320","","","220 uF","450 V","18x40mm","","","","","","","","20,000đ","20000","21,600đ","21600","Còn hàng","Chiếc","JCCON","Đang cập nhật","C-055","Linh kiện điện tử","Tụ hóa có phân cực","1611","2876","https://linhkienchatluong.vn/urltu-hoa-co-phan-cuc/tu-hoa-450v-220uf-18x40mm-jccon-audio-tan-so-cao_sp1611_ct2876.aspx","https://linhkienchatluong.vn/Uploads/pic/prods/Linh-kien-dien-tu/638152657201021350z4207985288146_da29f2d60a77db3dffd7fa66b752e290.jpg"
"491","17","Tụ hóa 450V 6.8uF 10x13mm tần số cao","NM02329","","","6.8 uF","450 V","10x13mm","","","","","","","","1,800đ","1800","1,944đ","1944","Còn hàng","Chiếc","JCCON","Chính hãng","C-048","Linh kiện điện tử","Tụ hóa có phân cực","1611","2875","https://linhkienchatluong.vn/urltu-hoa-co-phan-cuc/tu-hoa-450v-68uf-10x13mm-tan-so-cao_sp1611_ct2875.aspx","https://linhkienchatluong.vn/Uploads/pic/prods/---Tu-hoa-co-phan-cuc/6378788708822280801015.jpg"
"492","17","Tụ hóa 63V 220uF 10x17mm tần số cao","CLA0989","","","220 uF","63 V","10x17mm","","","","","","","","1,400đ","1400","đ","","","Chiếc","Đang cập nhật","Đang cập nhật","C-028","Linh kiện điện tử","Tụ hóa có phân cực","1611","2873","https://linhkienchatluong.vn/urltu-hoa-co-phan-cuc/tu-hoa-63v-220uf-10x17mm-tan-so-cao_sp1611_ct2873.aspx","https://linhkienchatluong.vn/Uploads/pic/prods/Linh-kien-dien-tu/6384731863843174410989.jpg"
"493","17","Tụ hóa 63V 100uF 8x12mm tần số cao (10 chiếc)","NM02337","","","100 uF","63 V","8x12mm","","","","10 chiếc","","","","8,000đ","8000","8,640đ","8640","Còn hàng","Túi (10 chiếc)","JCCON","CHINA","C-028","Linh kiện điện tử","Tụ hóa có phân cực","1611","2872","https://linhkienchatluong.vn/urltu-hoa-co-phan-cuc/tu-hoa-63v-100uf-8x12mm-tan-so-cao-10-chiec_sp1611_ct2872.aspx","https://linhkienchatluong.vn/Uploads/pic/prods/Linh-kien-dien-tu/6384730593595223440988.jpg"
"494","17","Tụ hóa 63V 10uF 5x11mm (10 chiếc)","NM00616","","","10 uF","63 V","5x11mm","","","","10 chiếc","","","","3,500đ","3500","3,780đ","3780","Còn hàng","Túi (10 chiếc)","HYNCDZ","CHINA","C-027","Linh kiện điện tử","Tụ hóa có phân cực","1611","2871","https://linhkienchatluong.vn/urltu-hoa-co-phan-cuc/tu-hoa-63v-10uf-5x11mm-10-chiec_sp1611_ct2871.aspx","https://linhkienchatluong.vn/Uploads/pic/prods/Linh-kien-dien-tu/638183029906857353z4302995866957_ad889a4186163165aaf26cf9da704701.jpg"
"495","17","Tụ hóa 50V 6800uF 25x40mm chân cứng","CLA0983","","","6800 uF","50 V","25x40mm","","","","","","","","21,000đ","21000","đ","","","Chiếc","Đang cập nhật","Tụ 50V 6800uF JCCON Audio tại đây","C-026","Linh kiện điện tử","Tụ hóa có phân cực","1611","2868","https://linhkienchatluong.vn/urltu-hoa-co-phan-cuc/tu-hoa-50v-6800uf-25x40mm-chan-cung_sp1611_ct2868.aspx","https://linhkienchatluong.vn/Uploads/pic/prods/--Tu-Hoa--Tu-Phan-Cuc/636041404205348605tu%20hoa%2050V%206800uF.jpg"
"496","17","Tụ hóa 50V 330uF 10x17mm tần số cao","CLA0976","","","330 uF","50 V","10x17mm","","","","","","","","1,500đ","1500","đ","","","Chiếc","Đang cập nhật","Đang cập nhật","C-022","Linh kiện điện tử","Tụ hóa có phân cực","1611","2867","https://linhkienchatluong.vn/urltu-hoa-co-phan-cuc/tu-hoa-50v-330uf-10x17mm-tan-so-cao_sp1611_ct2867.aspx","https://linhkienchatluong.vn/Uploads/pic/prods/Linh-kien-dien-tu/6384731871753086090976.jpg"
"497","17","Tụ hóa 50V 33uF 5x11mm","CLA0972","","","33 uF","50 V","5x11mm","","","","","","","","300đ","300","đ","","","Chiếc","HYNCDZ","CHINA","C-020","Linh kiện điện tử","Tụ hóa có phân cực","1611","2866","https://linhkienchatluong.vn/urltu-hoa-co-phan-cuc/tu-hoa-50v-33uf-5x11mm_sp1611_ct2866.aspx","https://linhkienchatluong.vn/Uploads/pic/prods/Linh-kien-dien-tu/6383160237049058750972.jpg"
"498","17","Tụ hóa 50V 0.1uF 5x11mm","CLA0963","","","0.1 uF","50 V","5x11mm","","","","","","","","300đ","300","đ","","","Chiếc","CHINA","CHINA","C-018","Linh kiện điện tử","Tụ hóa có phân cực","1611","2865","https://linhkienchatluong.vn/urltu-hoa-co-phan-cuc/tu-hoa-50v-01uf-5x11mm_sp1611_ct2865.aspx","https://linhkienchatluong.vn/Uploads/pic/prods/Linh-kien-dien-tu/6383228379975158820963.jpg"
"499","17","Tụ CBB 100V 104J 100nF 0.1uF 5mm","NM02167","Tụ CBB","104J","100 nF | 0.1 uF","100 V","5mm","","J","","","","","","1,000đ","1000","1,080đ","1080","Còn hàng","Chiếc","CHINA","CHINA","C-086","Linh kiện điện tử","Tụ CBB - Tụ Kẹo","459","2843","https://linhkienchatluong.vn/urltu-cbb---tu-keo/tu-cbb-100v-104j-100nf-01uf-5mm_sp459_ct2843.aspx","https://linhkienchatluong.vn/Uploads/pic/prods/Linh-kien-dien-tu/6382563122934921502545.jpg"
"500","17","Tụ CBB 1600V 472J 4.7nF 0.0047uF 15mm","CLA1137","Tụ CBB","472J","4.7 nF | 0.0047 uF","1600 V","15mm","","J","","","","","","1,500đ","1500","đ","","","Chiếc","Đang cập nhật","Chính hãng","C-095","Linh kiện điện tử","Tụ CBB - Tụ Kẹo","459","2840","https://linhkienchatluong.vn/urltu-cbb---tu-keo/tu-cbb-1600v-472j-47nf-00047uf-15mm_sp459_ct2840.aspx","https://linhkienchatluong.vn/Uploads/pic/prods/Linh-kien-dien-tu/6382597670709811581137.jpg"
"501","17","Tụ CBB 630V 475J 4.7uF 31mm","NM02777","Tụ CBB","475J","4.7 uF","630 V","31mm","","J","","","","","","9,000đ","9000","9,720đ","9720","Còn hàng","Chiếc","CHINA","CHINA","C-094","Linh kiện điện tử","Tụ CBB - Tụ Kẹo","459","2839","https://linhkienchatluong.vn/urltu-cbb---tu-keo/tu-cbb-630v-475j-47uf-31mm_sp459_ct2839.aspx","https://linhkienchatluong.vn/Uploads/pic/prods/Linh-kien-dien-tu/6382597685103833671136.jpg"
"502","17","Tụ CBB 630V 225J 2.2uF 25mm","NM02170","Tụ CBB","225J","2.2 uF","630 V","25mm","","J","","","","","","4,000đ","4000","4,320đ","4320","Còn hàng","Chiếc","CHINA","CHINA","C-094","Linh kiện điện tử","Tụ CBB - Tụ Kẹo","459","2838","https://linhkienchatluong.vn/urltu-cbb---tu-keo/tu-cbb-630v-225j-22uf-25mm_sp459_ct2838.aspx","https://linhkienchatluong.vn/Uploads/pic/prods/Linh-kien-dien-tu/6382597678559780451135.jpg"
"503","17","Tụ CBB 630V 155J 1.5uF 25mm","CLA1134","Tụ CBB","155J","1.5 uF","630 V","25mm","","J","","","","","","3,200đ","3200","đ","","","Chiếc","CHINA","Đang cập nhật","C-094","Linh kiện điện tử","Tụ CBB - Tụ Kẹo","459","2837","https://linhkienchatluong.vn/urltu-cbb---tu-keo/tu-cbb-630v-155j-15uf-25mm_sp459_ct2837.aspx","https://linhkienchatluong.vn/Uploads/pic/prods/Linh-kien-dien-tu/6382563101876588461134.jpg"
"504","17","Tụ CBB 630V 105J 1uF 25mm","NM01066","Tụ CBB","105J","1 uF","630 V","25mm","","J","","","","","","2,500đ","2500","2,700đ","2700","","Chiếc","CHINA","CHINA","C-094","Linh kiện điện tử","Tụ CBB - Tụ Kẹo","459","2836","https://linhkienchatluong.vn/urltu-cbb---tu-keo/tu-cbb-630v-105j-1uf-25mm_sp459_ct2836.aspx","https://linhkienchatluong.vn/Uploads/pic/prods/Linh-kien-dien-tu/6382563100325895791133.jpg"
"505","17","Tụ CBB 630V 684J 680nF 0.68uF 20mm","NM02778","Tụ CBB","684J","680 nF | 0.68 uF","630 V","20mm","","J","","","","","","2,300đ","2300","2,484đ","2484","Còn hàng","Chiếc","CHINA","CHINA","C-093","Linh kiện điện tử","Tụ CBB - Tụ Kẹo","459","2835","https://linhkienchatluong.vn/urltu-cbb---tu-keo/tu-cbb-630v-684j-680nf-068uf-20mm_sp459_ct2835.aspx","https://linhkienchatluong.vn/Uploads/pic/prods/Linh-kien-dien-tu/6382563098948131331132.jpg"
"506","17","Tụ CBB 630V 334J 330nF 0.33uF 15mm","CLA1130","Tụ CBB","334J","330 nF | 0.33 uF","630 V","15mm","","J","","","","","","1,500đ","1500","đ","","","Chiếc","CHINA","CHINA","C-093","Linh kiện điện tử","Tụ CBB - Tụ Kẹo","459","2834","https://linhkienchatluong.vn/urltu-cbb---tu-keo/tu-cbb-630v-334j-330nf-033uf-15mm_sp459_ct2834.aspx","https://linhkienchatluong.vn/Uploads/pic/prods/Linh-kien-dien-tu/6382605338634849621130.jpg"
"507","17","Tụ CBB 630V 224J 220nF 0.22uF 15mm","NM02952","Tụ CBB","224J","220 nF | 0.22 uF","630 V","15mm","","J","","","","","","1,500đ","1500","1,620đ","1620","Còn hàng","Chiếc","CHINA","CHINA","C-093","Linh kiện điện tử","Tụ CBB - Tụ Kẹo","459","2833","https://linhkienchatluong.vn/urltu-cbb---tu-keo/tu-cbb-630v-224j-220nf-022uf-15mm_sp459_ct2833.aspx","https://linhkienchatluong.vn/Uploads/pic/prods/Linh-kien-dien-tu/6382589253071062341129.jpg"
"508","17","Tụ CBB 630V 333J 33nF 0.033uF 10mm","CLA1126","Tụ CBB","333J","33 nF | 0.033 uF","630 V","10mm","","J","","","","","","1,000đ","1000","đ","","","Chiếc","CHINA","CHINA","C-092","Linh kiện điện tử","Tụ CBB - Tụ Kẹo","459","2832","https://linhkienchatluong.vn/urltu-cbb---tu-keo/tu-cbb-630v-333j-33nf-0033uf-10mm_sp459_ct2832.aspx","https://linhkienchatluong.vn/Uploads/pic/prods/Linh-kien-dien-tu/6382563405547792321126.jpg"
"509","17","Tụ CBB 630V 223J 22nF 0.02uF 10mm","CLA1125","Tụ CBB","223J","22 nF | 0.02 uF","630 V","10mm","","J","","","","","","1,000đ","1000","đ","","","Chiếc","CHINA","Đang cập nhật","C-092","Linh kiện điện tử","Tụ CBB - Tụ Kẹo","459","2831","https://linhkienchatluong.vn/urltu-cbb---tu-keo/tu-cbb-630v-223j-22nf-002uf-10mm_sp459_ct2831.aspx","https://linhkienchatluong.vn/Uploads/pic/prods/Linh-kien-dien-tu/6382563097325687511125.jpg"
"510","17","Tụ CBB 630V 153J 15nF 0.015uF 10mm","CLA1124","Tụ CBB","153J","15 nF | 0.015 uF","630 V","10mm","","J","","","","","","1,500đ","1500","đ","","","Chiếc","Đang cập nhật","Chính hãng","C-092","Linh kiện điện tử","Tụ CBB - Tụ Kẹo","459","2830","https://linhkienchatluong.vn/urltu-cbb---tu-keo/tu-cbb-630v-153j-15nf-0015uf-10mm_sp459_ct2830.aspx","https://linhkienchatluong.vn/Uploads/pic/prods/Linh-kien-dien-tu/6382597692930317601124.jpg"
"511","18","Tụ CBB 630V 103J 10nF 0.01uF 10mm","CLA1123","Tụ CBB","103J","10 nF | 0.01 uF","630 V","10mm","","J","","","","","","1,000đ","1000","đ","","","Chiếc","Đang cập nhật","CHINA","C-092","Linh kiện điện tử","Tụ CBB - Tụ Kẹo","459","2829","https://linhkienchatluong.vn/urltu-cbb---tu-keo/tu-cbb-630v-103j-10nf-001uf-10mm_sp459_ct2829.aspx","https://linhkienchatluong.vn/Uploads/pic/prods/Linh-kien-dien-tu/6382589383369957231123.jpg"
"512","18","Tụ CBB 400V 335J 3.3uF 25mm","CLA1119","Tụ CBB","335J","3.3 uF","400 V","25mm","","J","","","","","","3,800đ","3800","đ","","","Chiếc","CHINA","Đang cập nhật","C-091","Linh kiện điện tử","Tụ CBB - Tụ Kẹo","459","2828","https://linhkienchatluong.vn/urltu-cbb---tu-keo/tu-cbb-400v-335j-33uf-25mm_sp459_ct2828.aspx","https://linhkienchatluong.vn/Uploads/pic/prods/Linh-kien-dien-tu/6382563090982662881119.jpg"
"513","18","Tụ CBB 400V 225J 2.2uF 25mm","CLA1118","Tụ CBB","225J","2.2 uF","400 V","25mm","","J","","","","","","3,500đ","3500","đ","","","Chiếc","Đang cập nhật","CHINA","C-091","Linh kiện điện tử","Tụ CBB - Tụ Kẹo","459","2827","https://linhkienchatluong.vn/urltu-cbb---tu-keo/tu-cbb-400v-225j-22uf-25mm_sp459_ct2827.aspx","https://linhkienchatluong.vn/Uploads/pic/prods/Linh-kien-dien-tu/6382589289076341061118.jpg"
"514","18","Tụ CBB 400V 185J 1.8uF 20mm","NM02951","Tụ CBB","185J","1.8 uF","400 V","20mm","","J","","","","","","2,300đ","2300","đ","","Còn hàng","Chiếc","CHINA","Đang cập nhật","C-090","Linh kiện điện tử","Tụ CBB - Tụ Kẹo","459","2826","https://linhkienchatluong.vn/urltu-cbb---tu-keo/tu-cbb-400v-185j-18uf-20mm_sp459_ct2826.aspx","https://linhkienchatluong.vn/Uploads/pic/prods/Linh-kien-dien-tu/6382563133018339581117.jpg"
"515","18","Tụ CBB 400V 155J 1.5uF 20mm","CLA1116","Tụ CBB","155J","1.5 uF","400 V","20mm","","J","","","","","","2,000đ","2000","đ","","","Chiếc","CHINA","CHINA","C-090","Linh kiện điện tử","Tụ CBB - Tụ Kẹo","459","2825","https://linhkienchatluong.vn/urltu-cbb---tu-keo/tu-cbb-400v-155j-15uf-20mm_sp459_ct2825.aspx","https://linhkienchatluong.vn/Uploads/pic/prods/Linh-kien-dien-tu/6381337249531100621116.jpg"
"516","18","Tụ CBB 400V 125J 1.2uF 20mm","NM00647","Tụ CBB","125J","1.2 uF","400 V","20mm","","J","","","","","","2,000đ","2000","2,160đ","2160","Còn hàng","Chiếc","CHINA","CHINA","C-090","Linh kiện điện tử","Tụ CBB - Tụ Kẹo","459","2824","https://linhkienchatluong.vn/urltu-cbb---tu-keo/tu-cbb-400v-125j-12uf-20mm_sp459_ct2824.aspx","https://linhkienchatluong.vn/Uploads/pic/prods/Linh-kien-dien-tu/6382597675143631741115.jpg"
"517","18","Tụ CBB 400V 824J 820nF 0.82uF 20mm","CLA1113","Tụ CBB","824J","820 nF | 0.82 uF","400 V","20mm","","J","","","","","","2,000đ","2000","đ","","","Chiếc","Đang cập nhật","Chính hãng","C-089","Linh kiện điện tử","Tụ CBB - Tụ Kẹo","459","2823","https://linhkienchatluong.vn/urltu-cbb---tu-keo/tu-cbb-400v-824j-820nf-082uf-20mm_sp459_ct2823.aspx","https://linhkienchatluong.vn/Uploads/pic/prods/Linh-kien-dien-tu/6382605241266874421113.jpg"
"518","18","Tụ CBB 400V 684J 680nF 0.68uF 15mm","CLA1112","Tụ CBB","684J","680 nF | 0.68 uF","400 V","15mm","","J","","","","","","2,000đ","2000","đ","","","Chiếc","Đang cập nhật","Chính hãng","C-089","Linh kiện điện tử","Tụ CBB - Tụ Kẹo","459","2822","https://linhkienchatluong.vn/urltu-cbb---tu-keo/tu-cbb-400v-684j-680nf-068uf-15mm_sp459_ct2822.aspx","https://linhkienchatluong.vn/Uploads/pic/prods/Linh-kien-dien-tu/6382605340261574471112.jpg"
"519","18","Tụ CBB 400V 274J 270nF 0.27uF 15mm","CLA1109","Tụ CBB","274J","270 nF | 0.27 uF","400 V","15mm","","J","","","","","","2,000đ","2000","đ","","","Chiếc","Đang cập nhật","Chính hãng","C-088","Linh kiện điện tử","Tụ CBB - Tụ Kẹo","459","2821","https://linhkienchatluong.vn/urltu-cbb---tu-keo/tu-cbb-400v-274j-270nf-027uf-15mm_sp459_ct2821.aspx","https://linhkienchatluong.vn/Uploads/pic/prods/Linh-kien-dien-tu/6382605341596381581109.jpg"
"520","18","Tụ CBB 400V 224J 220nF 0.22uF 10mm","NM02169","Tụ CBB","224J","220 nF | 0.22 uF","400 V","10mm","","J","","","","","","1,500đ","1500","1,620đ","1620","Còn hàng","Chiếc","CHINA","CHINA","C-088","Linh kiện điện tử","Tụ CBB - Tụ Kẹo","459","2820","https://linhkienchatluong.vn/urltu-cbb---tu-keo/tu-cbb-400v-224j-220nf-022uf-10mm_sp459_ct2820.aspx","https://linhkienchatluong.vn/Uploads/pic/prods/Linh-kien-dien-tu/6382589386916621461108.jpg"
"521","18","Tụ CBB 400V 104J 100nF 0.1uF 10mm","CLA1107","Tụ CBB","104J","100 nF | 0.1 uF","400 V","10mm","","J","","","","","","1,000đ","1000","đ","","","Chiếc","Đang cập nhật","Chính hãng","C-088","Linh kiện điện tử","Tụ CBB - Tụ Kẹo","459","2819","https://linhkienchatluong.vn/urltu-cbb---tu-keo/tu-cbb-400v-104j-100nf-01uf-10mm_sp459_ct2819.aspx","https://linhkienchatluong.vn/Uploads/pic/prods/Linh-kien-dien-tu/6382597664499715381107.jpg"
"522","18","Tụ CBB 400V 683J 68nF 0.068uF 10mm","CLA1106","Tụ CBB","683J","68 nF | 0.068 uF","400 V","10mm","","J","","","","","","1,000đ","1000","đ","","","Chiếc","Đang cập nhật","Chính hãng","C-088","Linh kiện điện tử","Tụ CBB - Tụ Kẹo","459","2818","https://linhkienchatluong.vn/urltu-cbb---tu-keo/tu-cbb-400v-683j-68nf-0068uf-10mm_sp459_ct2818.aspx","https://linhkienchatluong.vn/Uploads/pic/prods/Linh-kien-dien-tu/6382605343587732971106.jpg"
"523","18","Tụ CBB 100V 474J 470nF 0.47uF 5mm","CLA1097","Tụ CBB","474J","470 nF | 0.47 uF","100 V","5mm","","J","","","","","","1,500đ","1500","đ","","","Chiếc","Đang cập nhật","Chính hãng","C-086","Linh kiện điện tử","Tụ CBB - Tụ Kẹo","459","2817","https://linhkienchatluong.vn/urltu-cbb---tu-keo/tu-cbb-100v-474j-470nf-047uf-5mm_sp459_ct2817.aspx","https://linhkienchatluong.vn/Uploads/pic/prods/Linh-kien-dien-tu/6382597672235789961097.jpg"
"524","18","Tụ CBB 100V 224J 220nF 0.22uF 5mm","CLA1096","Tụ CBB","224J","220 nF | 0.22 uF","100 V","5mm","","J","","","","","","1,000đ","1000","đ","","","Chiếc","CHINA","Đang cập nhật","C-086","Linh kiện điện tử","Tụ CBB - Tụ Kẹo","459","2816","https://linhkienchatluong.vn/urltu-cbb---tu-keo/tu-cbb-100v-224j-220nf-022uf-5mm_sp459_ct2816.aspx","https://linhkienchatluong.vn/Uploads/pic/prods/Linh-kien-dien-tu/6382563125075972271096.jpg"
"525","18","Tụ CBB 100V 153J 15nF 0.015uF 5mm","CLA1091","Tụ CBB","153J","15 nF | 0.015 uF","100 V","5mm","","J","","","","","","700đ","700","đ","","","Chiếc","Đang cập nhật","Chính hãng","C-085","Linh kiện điện tử","Tụ CBB - Tụ Kẹo","459","2815","https://linhkienchatluong.vn/urltu-cbb---tu-keo/tu-cbb-100v-153j-15nf-0015uf-5mm_sp459_ct2815.aspx","https://linhkienchatluong.vn/Uploads/pic/prods/Linh-kien-dien-tu/6382597676918665331091.jpg"
"526","18","Tụ CBB 100V 472J 4700pF 4.7nF 5mm","CLA1089","Tụ CBB","472J","4700 pF | 4.7 nF","100 V","5mm","","J","","","","","","700đ","700","đ","","","Chiếc","CHINA","Đang cập nhật","C-085","Linh kiện điện tử","Tụ CBB - Tụ Kẹo","459","2814","https://linhkienchatluong.vn/urltu-cbb---tu-keo/tu-cbb-100v-472j-4700pf-47nf-5mm_sp459_ct2814.aspx","https://linhkienchatluong.vn/Uploads/pic/prods/Linh-kien-dien-tu/6382563107153223201089.jpg"
"527","18","Tụ CBB 100V 332J 3300pF 3.3nF 5mm","CLA1088","Tụ CBB","332J","3300 pF | 3.3 nF","100 V","5mm","","J","","","","","","700đ","700","đ","","","Chiếc","CHINA","Đang cập nhật","C-085","Linh kiện điện tử","Tụ CBB - Tụ Kẹo","459","2813","https://linhkienchatluong.vn/urltu-cbb---tu-keo/tu-cbb-100v-332j-3300pf-33nf-5mm_sp459_ct2813.aspx","https://linhkienchatluong.vn/Uploads/pic/prods/Linh-kien-dien-tu/6382563108438133611088.jpg"
"528","18","Tụ CBB 100V 471J 470pF 0.47nF 5mm","CLA1085","Tụ CBB","471J","470 pF | 0.47 nF","100 V","5mm","","J","","","","","","1,000đ","1000","đ","","","Chiếc","Đang cập nhật","Chính hãng","C-084","Linh kiện điện tử","Tụ CBB - Tụ Kẹo","459","2812","https://linhkienchatluong.vn/urltu-cbb---tu-keo/tu-cbb-100v-471j-470pf-047nf-5mm_sp459_ct2812.aspx","https://linhkienchatluong.vn/Uploads/pic/prods/Linh-kien-dien-tu/6382597666034623321085.jpg"
"529","18","Tụ CBB 100V 221J 220pF 0.22nF 5mm","CLA1084","Tụ CBB","221J","220 pF | 0.22 nF","100 V","5mm","","J","","","","","","1,000đ","1000","đ","","","Chiếc","CHINA","Đang cập nhật","C-084","Linh kiện điện tử","Tụ CBB - Tụ Kẹo","459","2811","https://linhkienchatluong.vn/urltu-cbb---tu-keo/tu-cbb-100v-221j-220pf-022nf-5mm_sp459_ct2811.aspx","https://linhkienchatluong.vn/Uploads/pic/prods/Linh-kien-dien-tu/6382563104629239671084.jpg"
"530","18","Tụ tantalum 3216 225C 16V 2.2uF 3.2x1.6mm","CLA1281","Tụ tantalum","","2.2 uF","16 V","3.2x1.6mm | 6mm","","","","225C","","","","1,400đ","1400","đ","","","Chiếc","CHINA","CHINA","KE2-660","Linh kiện điện tử","Tụ Tantalium","460","2793","https://linhkienchatluong.vn/urltu-tantalium/tu-tantalum-3216-225c-16v-22uf-32x16mm_sp460_ct2793.aspx","https://linhkienchatluong.vn/Uploads/pic/prods/Linh-kien-dien-tu/6382615239207627931281.jpg"
"531","18","Tụ tantalum 35V 10uF 106L chân cắm","CLA1275","Tụ tantalum","","10 uF","35 V","","","","Chân cắm","","","","","6,000đ","6000","đ","","","Chiếc","Đang cập nhật","Chính hãng","C-127","Linh kiện điện tử","Tụ Tantalium","460","2792","https://linhkienchatluong.vn/urltu-tantalium/tu-tantalum-35v-10uf-106l-chan-cam_sp460_ct2792.aspx","https://linhkienchatluong.vn/Uploads/pic/prods/Linh-kien-dien-tu/6382614864516092251275.jpg"
"532","18","Tụ tantalum 35V 4.7uF 475L chân cắm","CLA1274","Tụ tantalum","","4.7 uF","35 V","","","","Chân cắm","","","","","4,500đ","4500","đ","","","Chiếc","CHINA","Đang cập nhật","C-127","Linh kiện điện tử","Tụ Tantalium","460","2791","https://linhkienchatluong.vn/urltu-tantalium/tu-tantalum-35v-47uf-475l-chan-cam_sp460_ct2791.aspx","https://linhkienchatluong.vn/Uploads/pic/prods/Linh-kien-dien-tu/6384187295716163721274.jpg"
"533","18","Tụ CBB 400V 473J 47nF 0.047uF 10mm","CLA1105","Tụ CBB","473J","47 nF | 0.047 uF","400 V","10mm","","J","","","","","","1,200đ","1200","đ","","","Chiếc","CHINA","Đang cập nhật","C-088","Linh kiện điện tử","Tụ CBB - Tụ Kẹo","459","2790","https://linhkienchatluong.vn/urltu-cbb---tu-keo/tu-cbb-400v-473j-47nf-0047uf-10mm_sp459_ct2790.aspx","https://linhkienchatluong.vn/Uploads/pic/prods/Linh-kien-dien-tu/6382563402943725631105.jpg"
"534","18","Tụ CBB 400V 333J 33nF 0.033uF 10mm","CLA1104","Tụ CBB","333J","33 nF | 0.033 uF","400 V","10mm","","J","","","","","","1,200đ","1200","đ","","","Chiếc","CHINA","CHINA","C-088","Linh kiện điện tử","Tụ CBB - Tụ Kẹo","459","2789","https://linhkienchatluong.vn/urltu-cbb---tu-keo/tu-cbb-400v-333j-33nf-0033uf-10mm_sp459_ct2789.aspx","https://linhkienchatluong.vn/Uploads/pic/prods/Linh-kien-dien-tu/6382589295405264861104.jpg"
"535","18","Tụ CBB 400V 223J 22nF 0.022uF 10mm","CLA1103","Tụ CBB","223J","22 nF | 0.022 uF","400 V","10mm","","J","","","","","","1,200đ","1200","đ","","","Chiếc","CHINA","Đang cập nhật","C-087","Linh kiện điện tử","Tụ CBB - Tụ Kẹo","459","2788","https://linhkienchatluong.vn/urltu-cbb---tu-keo/tu-cbb-400v-223j-22nf-0022uf-10mm_sp459_ct2788.aspx","https://linhkienchatluong.vn/Uploads/pic/prods/Linh-kien-dien-tu/6382563129058356711103.jpg"
"536","18","Tụ CBB 250V 475J 4.7uF 25mm","CLA1101","Tụ CBB","475J","4.7 uF","250 V","25mm","","J","","","","","","7,500đ","7500","đ","","","Chiếc","Đang cập nhật","Chính hãng","C-087","Linh kiện điện tử","Tụ CBB - Tụ Kẹo","459","2787","https://linhkienchatluong.vn/urltu-cbb---tu-keo/tu-cbb-250v-475j-47uf-25mm_sp459_ct2787.aspx","https://linhkienchatluong.vn/Uploads/pic/prods/Linh-kien-dien-tu/6382605354646057701101.jpg"
"537","18","Tụ hóa 450V 33uF 16x25mm tần số cao","CLA1018","","","33 uF","450 V","16x25mm","","","","","","","","4,000đ","4000","đ","","","Chiếc","Đang cập nhật","Đang cập nhật","C-049","Linh kiện điện tử","Tụ hóa có phân cực","1611","2785","https://linhkienchatluong.vn/urltu-hoa-co-phan-cuc/tu-hoa-450v-33uf-16x25mm-tan-so-cao_sp1611_ct2785.aspx","https://linhkienchatluong.vn/Uploads/pic/prods/Linh-kien-dien-tu/6384731866681214351018.jpg"
"538","18","Tụ hóa 400V 150uF 18x35mm tần số cao","CLA1012","","","150 uF","400 V","18x35mm","","","","","","","","11,000đ","11000","đ","","","Chiếc","JCCON","Đang cập nhật","C-045","Linh kiện điện tử","Tụ hóa có phân cực","1611","2784","https://linhkienchatluong.vn/urltu-hoa-co-phan-cuc/tu-hoa-400v-150uf-18x35mm-tan-so-cao_sp1611_ct2784.aspx","https://linhkienchatluong.vn/Uploads/pic/prods/Linh-kien-dien-tu/6387546661028166461012.jpg"
"539","18","Tụ hóa 400V 22uF 13x21mm tần số cao","NM00620","","","22 uF","400 V","13x21mm","","","","","","","","2,500đ","2500","2,700đ","2700","","Chiếc","JCCON","Chính hãng","C-045","Linh kiện điện tử","Tụ hóa có phân cực","1611","2783","https://linhkienchatluong.vn/urltu-hoa-co-phan-cuc/tu-hoa-400v-22uf-13x21mm-tan-so-cao_sp1611_ct2783.aspx","https://linhkienchatluong.vn/Uploads/pic/prods/Linh-kien-dien-tu/6381680226521628781010.jpg"
"540","18","Tụ hóa 400V 3.3uF 6x12mm tần số cao","CLA1006","","","3.3 uF","400 V","6x12mm","","","","","","","","800đ","800","đ","","","Chiếc","JCCON","Đang cập nhật","C-043","Linh kiện điện tử","Tụ hóa có phân cực","1611","2782","https://linhkienchatluong.vn/urltu-hoa-co-phan-cuc/tu-hoa-400v-33uf-6x12mm-tan-so-cao_sp1611_ct2782.aspx","https://linhkienchatluong.vn/Uploads/pic/prods/Linh-kien-dien-tu/6384731880914034801006.jpg"
"541","19","Tụ hóa 250V 470uF 22x40mm chân cứng","CLA1003","","","470 uF","250 V","22x40mm","","","","","","","","12,500đ","12500","đ","","","Chiếc","Đang cập nhật","CHINA","C-042","Linh kiện điện tử","Tụ hóa có phân cực","1611","2781","https://linhkienchatluong.vn/urltu-hoa-co-phan-cuc/tu-hoa-250v-470uf-22x40mm-chan-cung_sp1611_ct2781.aspx","https://linhkienchatluong.vn/Uploads/pic/prods/Linh-kien-dien-tu/6382727150491291011003.jpg"
"542","19","Tụ hóa 250V 22uF 10x16mm tần số cao","CLA1001","","","22 uF","250 V","10x16mm","","","","","","","","2,000đ","2000","đ","","","Chiếc","Đang cập nhật","Chính hãng","C-040","Linh kiện điện tử","Tụ hóa có phân cực","1611","2780","https://linhkienchatluong.vn/urltu-hoa-co-phan-cuc/tu-hoa-250v-22uf-10x16mm-tan-so-cao_sp1611_ct2780.aspx","https://linhkienchatluong.vn/Uploads/pic/prods/Linh-kien-dien-tu/6383228366588219341001.jpg"
"543","19","Tụ hóa 100V 220uF 13x21mm tần số cao","NM00612","","","220 uF","100 V","13x21mm","","","","","","","","3,000đ","3000","3,240đ","3240","Còn hàng","Chiếc","JCCON","CHINA","C-035","Linh kiện điện tử","Tụ hóa có phân cực","1611","2779","https://linhkienchatluong.vn/urltu-hoa-co-phan-cuc/tu-hoa-100v-220uf-13x21mm-tan-so-cao_sp1611_ct2779.aspx","https://linhkienchatluong.vn/Uploads/pic/prods/Linh-kien-dien-tu/6384730615153265610999.jpg"
"544","19","Tụ hóa 100V 100uF 10x17mm tần số cao","CLA0998","","","100 uF","100 V","10x17mm","","","","","","","","1,500đ","1500","đ","","","Chiếc","JCCON","Đang cập nhật","C-035","Linh kiện điện tử","Tụ hóa có phân cực","1611","2778","https://linhkienchatluong.vn/urltu-hoa-co-phan-cuc/tu-hoa-100v-100uf-10x17mm-tan-so-cao_sp1611_ct2778.aspx","https://linhkienchatluong.vn/Uploads/pic/prods/Linh-kien-dien-tu/6384790869772975360998.jpg"
"545","19","Tụ hóa 25V 680uF 8x16mm tần số cao","CLA0948","","","680 uF","25 V","8x16mm","","","","","","","","1,300đ","1300","đ","","","Chiếc","JCCON","Chính hãng","C-010","Linh kiện điện tử","Tụ hóa có phân cực","1611","2776","https://linhkienchatluong.vn/urltu-hoa-co-phan-cuc/tu-hoa-25v-680uf-8x16mm-tan-so-cao_sp1611_ct2776.aspx","https://linhkienchatluong.vn/Uploads/pic/prods/Linh-kien-dien-tu/6383160227749448350948.jpg"
"546","19","Tụ hóa 25V 330uF 8x12mm tần số cao (10 chiếc)","NM02319","","","330 uF","25 V","8x12mm","","","","10 chiếc","","","","7,000đ","7000","7,560đ","7560","Còn hàng","Túi (10 chiếc)","Đang cập nhật","Chính hãng","C-010","Linh kiện điện tử","Tụ hóa có phân cực","1611","2775","https://linhkienchatluong.vn/urltu-hoa-co-phan-cuc/tu-hoa-25v-330uf-8x12mm-tan-so-cao-10-chiec_sp1611_ct2775.aspx","https://linhkienchatluong.vn/Uploads/pic/prods/Linh-kien-dien-tu/6386304137742239450946.jpg"
"547","19","Tụ hóa 16V 2200uF 10x20mm tần số cao","CLA0937","","","2200 uF","16 V","10x20mm","","","","","","","","1,800đ","1800","đ","","","Chiếc","JCCON","Đang cập nhật","C-006","Linh kiện điện tử","Tụ hóa có phân cực","1611","2772","https://linhkienchatluong.vn/urltu-hoa-co-phan-cuc/tu-hoa-16v-2200uf-10x20mm-tan-so-cao_sp1611_ct2772.aspx","https://linhkienchatluong.vn/Uploads/pic/prods/Linh-kien-dien-tu/6381673815170741700937.jpg"
"548","19","Tụ hóa 6.3V 3300uF 10x20mm tần số cao","CLA0918","","","3300 uF","6.3 V","10x20mm","","","","","","","","1,800đ","1800","đ","","","Chiếc","JCCON","Đang cập nhật","C-001","Linh kiện điện tử","Tụ hóa có phân cực","1611","2770","https://linhkienchatluong.vn/urltu-hoa-co-phan-cuc/tu-hoa-63v-3300uf-10x20mm-tan-so-cao_sp1611_ct2770.aspx","https://linhkienchatluong.vn/Uploads/pic/prods/Linh-kien-dien-tu/6381673812414626800918.jpg"
"549","19","Tụ hóa 6.3V 1500uF","CLA0916","","","1500 uF","6.3 V","","","","","","","","","1,000đ","1000","đ","","","Chiếc","Đang cập nhật","Chính hãng","C-001","Linh kiện điện tử","Tụ hóa có phân cực","1611","2769","https://linhkienchatluong.vn/urltu-hoa-co-phan-cuc/tu-hoa-63v-1500uf_sp1611_ct2769.aspx","https://linhkienchatluong.vn/Uploads/pic/prods/Linh-kien-dien-tu/6383228369604650910916.jpg"
"550","19","Tụ hóa 450V 1000uF 35x60mm chân cứng","NM00629","","","1000 uF","450 V","35x60mm","","","","","","","","45,000đ","45000","48,600đ","48600","","Chiếc","Đang cập nhật","Đang cập nhật","C-059","Linh kiện điện tử","Tụ hóa có phân cực","1611","2593","https://linhkienchatluong.vn/urltu-hoa-co-phan-cuc/tu-hoa-450v-1000uf-35x60mm-chan-cung_sp1611_ct2593.aspx","https://linhkienchatluong.vn/Uploads/pic/prods/Linh-kien-dien-tu/6384790837870068131034.jpg"
"551","19","Tụ hóa 450V 680uF 35x50mm chân cứng","NM02326","","","680 uF","450 V","35x50mm","","","","","","","","39,000đ","39000","42,120đ","42120","Còn hàng","Chiếc","CHINA","CHINA","C-058","Linh kiện điện tử","Tụ hóa có phân cực","1611","2592","https://linhkienchatluong.vn/urltu-hoa-co-phan-cuc/tu-hoa-450v-680uf-35x50mm-chan-cung_sp1611_ct2592.aspx","https://linhkienchatluong.vn/Uploads/pic/prods/---Tu-hoa-co-phan-cuc/637401659251816234z2161610233946_b1ec910c85f415907e530aa71ebe490c.jpg"
"552","19","Tụ hóa 450V 470uF 35x50mm chân cứng","NM00648","","","470 uF","450 V","35x50mm","","","","","","","","29,000đ","29000","31,320đ","31320","","Chiếc","Đang cập nhật","Đang cập nhật","C-057","Linh kiện điện tử","Tụ hóa có phân cực","1611","2591","https://linhkienchatluong.vn/urltu-hoa-co-phan-cuc/tu-hoa-450v-470uf-35x50mm-chan-cung_sp1611_ct2591.aspx","https://linhkienchatluong.vn/Uploads/pic/prods/Linh-kien-dien-tu/6384730627549653011032.jpg"
"553","19","Tụ hóa 450V 330uF 30x40mm chân cứng","NM02333","","","330 uF","450 V","30x40mm","","","","","","","","20,000đ","20000","21,600đ","21600","Còn hàng","Chiếc","CHINA","CHINA","C-060","Linh kiện điện tử","Tụ hóa có phân cực","1611","2590","https://linhkienchatluong.vn/urltu-hoa-co-phan-cuc/tu-hoa-450v-330uf-30x40mm-chan-cung_sp1611_ct2590.aspx","https://linhkienchatluong.vn/Uploads/pic/prods/Linh-kien-dien-tu/6384782715512667251031.jpg"
"554","19","Tụ hóa 450V 180uF 25x40mm chân cứng","NM02340","","","180 uF","450 V","25x40mm","","","","","","","","14,000đ","14000","15,120đ","15120","Còn hàng","Chiếc","CHINA","Chính hãng","C-059","Linh kiện điện tử","Tụ hóa có phân cực","1611","2589","https://linhkienchatluong.vn/urltu-hoa-co-phan-cuc/tu-hoa-450v-180uf-25x40mm-chan-cung_sp1611_ct2589.aspx","https://linhkienchatluong.vn/Uploads/pic/prods/Linh-kien-dien-tu/6383228318066829781029.jpg"
"555","19","Tụ hóa 450V 150uF chân cứng 25x30mm","NM00622","","","150 uF","450 V","25x30mm","","","","","","","","10,500đ","10500","11,340đ","11340","","Chiếc","Đang cập nhật","Đang cập nhật","C-058","Linh kiện điện tử","Tụ hóa có phân cực","1611","2587","https://linhkienchatluong.vn/urltu-hoa-co-phan-cuc/tu-hoa-450v-150uf-chan-cung-25x30mm_sp1611_ct2587.aspx","https://linhkienchatluong.vn/Uploads/pic/prods/Chon-danh-muc/638975087001787524NM00622.jpg"
"556","19","Tụ hóa 450V 120uF 22x35mm chân cứng","CLA1025","","","120 uF","450 V","22x35mm","","","","","","","","9,500đ","9500","đ","","","Chiếc","Đang cập nhật","CHINA","C-057","Linh kiện điện tử","Tụ hóa có phân cực","1611","2586","https://linhkienchatluong.vn/urltu-hoa-co-phan-cuc/tu-hoa-450v-120uf-22x35mm-chan-cung_sp1611_ct2586.aspx","https://linhkienchatluong.vn/Uploads/pic/prods/Linh-kien-dien-tu/6383160216458207651025.jpg"
"557","19","Tụ bếp từ 3.3uF 275VAC 400VDC","CLA1253","Tụ bếp từ","","3.3 uF","275 VAC | 400 VDC","","","","","","Bếp từ","","","8,000đ","8000","đ","","","Chiếc","Đang cập nhật","Chính hãng","TA-12","Linh kiện điện tử","Tụ Bếp Từ","710","2482","https://linhkienchatluong.vn/urltu-bep-tu/tu-bep-tu-33uf-275vac-400vdc_sp710_ct2482.aspx","https://linhkienchatluong.vn/Uploads/pic/prods/Linh-kien-dien-tu/6379202286131893931253.jpg"
"558","19","Tụ CBB 2000V 105J 1uF 31mm","CLA1144","Tụ CBB","105J","1 uF","2000 V","31mm","","J","","","","","","16,000đ","16000","đ","","","Chiếc","Đang cập nhật","Chính hãng","C-097","Linh kiện điện tử","Tụ CBB - Tụ Kẹo","459","2478","https://linhkienchatluong.vn/urltu-cbb---tu-keo/tu-cbb-2000v-105j-1uf-31mm_sp459_ct2478.aspx","https://linhkienchatluong.vn/Uploads/pic/prods/Linh-kien-dien-tu/6382597660418720741144.jpg"
"559","19","Tụ cao áp 2KV103M 10nF 2000V DEDEMEI đóng dây (10 chiếc)","NM02164","Tụ cao áp","","10 nF","2000 V","","","","Dạng dây","10 chiếc","","","","5,000đ","5000","5,400đ","5400","Còn hàng","Dây (10 chiếc)","Đang cập nhật","Đang cập nhật","C-122","Linh kiện điện tử","Tụ Cao Áp","638","2446","https://linhkienchatluong.vn/urltu-cao-ap/tu-cao-ap-2kv103m-10nf-2000v-dedemei-dong-day-10-chiec_sp638_ct2446.aspx","https://linhkienchatluong.vn/Uploads/pic/prods/Linh-kien-dien-tu/638637173519423784z5898053133429_3467705cfee90bae7c5157811e09e204.jpg"
"560","19","Tụ cao áp 2KV102 1nF 2000V DEDEMEI đóng dây (10 chiếc)","NM02163","Tụ cao áp","","1 nF","2000 V","","","","Dạng dây","10 chiếc","","","","5,000đ","5000","5,400đ","5400","Còn hàng","Dây (10 chiếc)","Đang cập nhật","Đang cập nhật","C-121","Linh kiện điện tử","Tụ Cao Áp","638","2445","https://linhkienchatluong.vn/urltu-cao-ap/tu-cao-ap-2kv102-1nf-2000v-dedemei-dong-day-10-chiec_sp638_ct2445.aspx","https://linhkienchatluong.vn/Uploads/pic/prods/Linh-kien-dien-tu/6387330587691965631232.jpg"
"561","19","Tụ chống sét Varistor 20D471K 470V 20mm","CLA1230","Tụ chống sét varistor","","","470 V","20mm","","","","","Chống sét","","","2,500đ","2500","đ","","","Chiếc","CHINA","-","C-120","Linh kiện điện tử","20D - đường kính 20mm","1926","2435","https://linhkienchatluong.vn/url20d---duong-kinh-20mm/tu-chong-set-varistor-20d471k-470v-20mm_sp1926_ct2435.aspx","https://linhkienchatluong.vn/Uploads/pic/prods/---Tu-chong-set--Varistor/6374198840602375021230.jpg"
"562","19","Tụ CBB 2000V 223J 22nF 0.022uF 20mm","CLA1142","Tụ CBB","223J","22 nF | 0.022 uF","2000 V","20mm","","J","","","","","","4,000đ","4000","đ","","","Chiếc","Đang cập nhật","Chính hãng","C-096","Linh kiện điện tử","Tụ CBB - Tụ Kẹo","459","2350","https://linhkienchatluong.vn/urltu-cbb---tu-keo/tu-cbb-2000v-223j-22nf-0022uf-20mm_sp459_ct2350.aspx","https://linhkienchatluong.vn/Uploads/pic/prods/Linh-kien-dien-tu/6382605345780214681142.jpg"
"563","19","Tụ CBB 1600V 473J 47nF 0.047uF 20mm","CLA1140","Tụ CBB","473J","47 nF | 0.047 uF","1600 V","20mm","","J","","","","","","4,500đ","4500","đ","","","Chiếc","CHINA","CHINA","C-095","Linh kiện điện tử","Tụ CBB - Tụ Kẹo","459","2342","https://linhkienchatluong.vn/urltu-cbb---tu-keo/tu-cbb-1600v-473j-47nf-0047uf-20mm_sp459_ct2342.aspx","https://linhkienchatluong.vn/Uploads/pic/prods/Linh-kien-dien-tu/6382597673667290661140.jpg"
"564","19","Tụ bếp từ 0.27uF 1200V 31mm loại đứng màu xanh chính hãng BM","CLA1247","Tụ bếp từ","","0.27 uF","1200 V","31mm","","","","","Bếp từ","BM","Màu xanh","10,000đ","10000","đ","","","Chiếc","BM","Đang cập nhật","TA-010","Linh kiện điện tử","Tụ Bếp Từ","710","1974","https://linhkienchatluong.vn/urltu-bep-tu/tu-bep-tu-027uf-1200v-31mm-loai-dung-mau-xanh-chinh-hang-bm_sp710_ct1974.aspx","https://linhkienchatluong.vn/Uploads/pic/prods/Linh-kien-dien-tu/6379202218628531760.27%C4%91.jpg"
"565","19","Tụ bếp từ 0.3uF 1200V 31mm loại đứng màu xanh chính hãng BM","NM00998","Tụ bếp từ","","0.3 uF","1200 V","31mm","","","","","Bếp từ","BM","Màu xanh","10,000đ","10000","10,800đ","10800","","Chiếc","BM","Chính hãng","TA-011","Linh kiện điện tử","Tụ Bếp Từ","710","1972","https://linhkienchatluong.vn/urltu-bep-tu/tu-bep-tu-03uf-1200v-31mm-loai-dung-mau-xanh-chinh-hang-bm_sp710_ct1972.aspx","https://linhkienchatluong.vn/Uploads/pic/prods/Linh-kien-dien-tu/6379202214835154530.3%C4%91.jpg"
"566","19","Tụ nhôm 35V 33uF 6.3x5.4mm chân dán SMD","CLA1063","Tụ nhôm","","33 uF","35 V","6.3x5.4mm | 4mm","","","SMD/Dán","","","","","1,000đ","1000","đ","","","Chiếc","VT-CHINA","CHINA","C-080","Linh kiện điện tử","Tụ nhôm - Tụ hóa dán","1612","1952","https://linhkienchatluong.vn/urltu-nhom---tu-hoa-dan/tu-nhom-35v-33uf-63x54mm-chan-dan-smd_sp1612_ct1952.aspx","https://linhkienchatluong.vn/Uploads/pic/prods/Linh-kien-dien-tu/63853710589723787835v33.jpg"
"567","19","Tụ nhôm 25V 47uF 6.3x5.4mm chân dán SMD (10 chiếc)","NM02272","Tụ nhôm","","47 uF","25 V","6.3x5.4mm | 4mm","","","SMD/Dán","10 chiếc","","","","6,000đ","6000","6,480đ","6480","Còn hàng","Dây (10 chiếc)","VT-CHINA","CHINA","C-078","Linh kiện điện tử","Tụ nhôm - Tụ hóa dán","1612","1951","https://linhkienchatluong.vn/urltu-nhom---tu-hoa-dan/tu-nhom-25v-47uf-63x54mm-chan-dan-smd-10-chiec_sp1612_ct1951.aspx","https://linhkienchatluong.vn/Uploads/pic/prods/Linh-kien-dien-tu/63853702698723245025v47.jpg"
"568","19","Tụ hóa 450V 150uF 18x40mm JCCON Audio tần số cao","NM02312","","","150 uF","450 V","18x40mm","","","","","","","","13,000đ","13000","14,040đ","14040","Còn hàng","Chiếc","JCCON","Chính hãng","C-054","Linh kiện điện tử","Tụ hóa có phân cực","1611","1950","https://linhkienchatluong.vn/urltu-hoa-co-phan-cuc/tu-hoa-450v-150uf-18x40mm-jccon-audio-tan-so-cao_sp1611_ct1950.aspx","https://linhkienchatluong.vn/Uploads/pic/prods/Linh-kien-dien-tu/6383160223974606021026.jpg"
"569","19","Tụ hóa 450V 22uF 13x21mm tần số cao","NM00613","","","22 uF","450 V","13x21mm","","","","","","","","3,500đ","3500","3,780đ","3780","Còn hàng","Chiếc","Đang cập nhật","Đang cập nhật","C-049","Linh kiện điện tử","Tụ hóa có phân cực","1611","1949","https://linhkienchatluong.vn/urltu-hoa-co-phan-cuc/tu-hoa-450v-22uf-13x21mm-tan-so-cao_sp1611_ct1949.aspx","https://linhkienchatluong.vn/Uploads/pic/prods/Linh-kien-dien-tu/6381673821285787761017.jpg"
"570","19","Tụ hóa 50V 220uF 10x13mm tần số cao","NM02316","","","220 uF","50 V","10x13mm","","","","","","","","1,500đ","1500","1,620đ","1620","Còn hàng","Chiếc","JCCON","Đang cập nhật","C-021","Linh kiện điện tử","Tụ hóa có phân cực","1611","1947","https://linhkienchatluong.vn/urltu-hoa-co-phan-cuc/tu-hoa-50v-220uf-10x13mm-tan-so-cao_sp1611_ct1947.aspx","https://linhkienchatluong.vn/Uploads/pic/prods/Linh-kien-dien-tu/6384782688407479500975.jpg"
"571","20","Tụ hóa 50V 3.3uF 5x11mm (10 chiếc)","NM02332","","","3.3 uF","50 V","5x11mm","","","","10 chiếc","","","","3,000đ","3000","3,240đ","3240","Còn hàng","Túi (10 chiếc)","Đang cập nhật","Đang cập nhật","C-019","Linh kiện điện tử","Tụ hóa có phân cực","1611","1946","https://linhkienchatluong.vn/urltu-hoa-co-phan-cuc/tu-hoa-50v-33uf-5x11mm-10-chiec_sp1611_ct1946.aspx","https://linhkienchatluong.vn/Uploads/pic/prods/Linh-kien-dien-tu/6384731858335593880968.jpg"
"572","20","Tụ hóa 400V 120uF 18x30mm tần số cao","CLA1024","","","120 uF","400 V","18x30mm","","","","","","","","8,500đ","8500","đ","","","Chiếc","JCCON","Đang cập nhật","C-057","Linh kiện điện tử","Tụ hóa có phân cực","1611","1761","https://linhkienchatluong.vn/urltu-hoa-co-phan-cuc/tu-hoa-400v-120uf-18x30mm-tan-so-cao_sp1611_ct1761.aspx","https://linhkienchatluong.vn/Uploads/pic/prods/Linh-kien-dien-tu/6385396748523819781024.jpg"
"573","20","Tụ hóa 450V 68uF 18x25mm tần số cao","CLA1020","","","68 uF","450 V","18x25mm","","","","","","","","5,500đ","5500","đ","","","Chiếc","Đang cập nhật","Chính hãng","C-051","Linh kiện điện tử","Tụ hóa có phân cực","1611","1760","https://linhkienchatluong.vn/urltu-hoa-co-phan-cuc/tu-hoa-450v-68uf-18x25mm-tan-so-cao_sp1611_ct1760.aspx","https://linhkienchatluong.vn/Uploads/pic/prods/Linh-kien-dien-tu/6379590237371040651020-1.jpg"
"574","20","Tụ chống sét Varistor 14D681K 680V 14mm","CLA1228","Tụ chống sét varistor","","","680 V","14mm","","","","","Chống sét","","","2,000đ","2000","đ","","","Chiếc","Đang cập nhật","-","C-120","Linh kiện điện tử","14D - đường kính 14mm","1924","1344","https://linhkienchatluong.vn/url14d---duong-kinh-14mm/tu-chong-set-varistor-14d681k-680v-14mm_sp1924_ct1344.aspx","https://linhkienchatluong.vn/Uploads/pic/prods/---Tu-chong-set--Varistor/6374198837589864741228.jpg"
"575","20","Tụ chống sét Varistor 14D821K 820V 14mm chính hãng HEL","CLA1229","Tụ chống sét varistor","","","820 V","14mm","","","","","Chống sét","HEL","","2,300đ","2300","đ","","","Chiếc","HEL","Chính hãng","C-120","Linh kiện điện tử","14D - đường kính 14mm","1924","1343","https://linhkienchatluong.vn/url14d---duong-kinh-14mm/tu-chong-set-varistor-14d821k-820v-14mm-chinh-hang-hel_sp1924_ct1343.aspx","https://linhkienchatluong.vn/Uploads/pic/prods/Linh-kien-dien-tu/6379624033632777441229.jpg"
"576","20","Tụ chống sét Varistor 14D621k 620V 14mm","CLA1227","Tụ chống sét varistor","","","620 V","14mm","","","","","Chống sét","","","2,000đ","2000","đ","","","Chiếc","Đang cập nhật","-","C-119","Linh kiện điện tử","14D - đường kính 14mm","1924","1342","https://linhkienchatluong.vn/url14d---duong-kinh-14mm/tu-chong-set-varistor-14d621k-620v-14mm_sp1924_ct1342.aspx","https://linhkienchatluong.vn/Uploads/pic/prods/---Tu-chong-set--Varistor/6374198836047674741227.jpg"
"577","20","Tụ chống sét Varistor 14D561K 560V 14mm","NM02779","Tụ chống sét varistor","","","560 V","14mm","","","","","Chống sét","","","1,500đ","1500","1,620đ","1620","Còn hàng","Chiếc","CHINA","CHINA","C-119","Linh kiện điện tử","14D - đường kính 14mm","1924","1341","https://linhkienchatluong.vn/url14d---duong-kinh-14mm/tu-chong-set-varistor-14d561k-560v-14mm_sp1924_ct1341.aspx","https://linhkienchatluong.vn/Uploads/pic/prods/---Tu-chong-set--Varistor/6374198834636733721226.jpg"
"578","20","Tụ chống sét Varistor 14D471K 470V 14mm loại thường (100c)","CLA1225","Tụ chống sét varistor","","","470 V","14mm","","","","100c","Chống sét","","","130,000đ","130000","đ","","","Túi (100 chiếc)","CHINA","CHINA","C-129","Linh kiện điện tử","14D - đường kính 14mm","1924","1340","https://linhkienchatluong.vn/url14d---duong-kinh-14mm/tu-chong-set-varistor-14d471k-470v-14mm-loai-thuong-100c_sp1924_ct1340.aspx","https://linhkienchatluong.vn/Uploads/pic/prods/---Tu-chong-set--Varistor/6374198833102355891225.jpg"
"579","20","Tụ chống sét Varistor 14D470K 47V 14mm","CLA1224","Tụ chống sét varistor","","","47 V","14mm","","","","","Chống sét","","","1,600đ","1600","đ","","","Chiếc","CHINA","CHINA","C-117","Linh kiện điện tử","14D - đường kính 14mm","1924","1339","https://linhkienchatluong.vn/url14d---duong-kinh-14mm/tu-chong-set-varistor-14d470k-47v-14mm_sp1924_ct1339.aspx","https://linhkienchatluong.vn/Uploads/pic/prods/---Tu-chong-set--Varistor/6374198826366404781224.jpg"
"580","20","Tụ chống sét Varistor 10D621k 620V 10mm","CLA1223","Tụ chống sét varistor","","","620 V","10mm","","","","","Chống sét","","","1,500đ","1500","đ","","","Chiếc","Đang cập nhật","-","C-117","Linh kiện điện tử","10D - đường kính 10mm","1922","1338","https://linhkienchatluong.vn/url10d---duong-kinh-10mm/tu-chong-set-varistor-10d621k-620v-10mm_sp1922_ct1338.aspx","https://linhkienchatluong.vn/Uploads/pic/prods/---Tu-chong-set--Varistor/6374198824896089741223.jpg"
"581","20","Tụ chống sét Varistor 10D471K 470V 10mm","NM01067","Tụ chống sét varistor","","","470 V","10mm","","","","","Chống sét","","","1,000đ","1000","1,080đ","1080","","Chiếc","CHINA","Loại thường","C-117","Linh kiện điện tử","10D - đường kính 10mm","1922","1337","https://linhkienchatluong.vn/url10d---duong-kinh-10mm/tu-chong-set-varistor-10d471k-470v-10mm_sp1922_ct1337.aspx","https://linhkienchatluong.vn/Uploads/pic/prods/Linh-kien-dien-tu/6382103133375775486374198823472648531222.jpg"
"582","20","Tụ chống sét Varistor 10D431K 430V 10mm","CLA1221","Tụ chống sét varistor","","","430 V","10mm","","","","","Chống sét","","","1,500đ","1500","đ","","","Chiếc","Đang cập nhật","-","C-117","Linh kiện điện tử","10D - đường kính 10mm","1922","1336","https://linhkienchatluong.vn/url10d---duong-kinh-10mm/tu-chong-set-varistor-10d431k-430v-10mm_sp1922_ct1336.aspx","https://linhkienchatluong.vn/Uploads/pic/prods/---Tu-chong-set--Varistor/6374198821996083351221.jpg"
"583","20","Tụ chống sét Varistor 10D391K 390V 10mm","CLA1220","Tụ chống sét varistor","","","390 V","10mm","","","","","Chống sét","","","1,000đ","1000","đ","","","Chiếc","Đang cập nhật","CHINA","C-117","Linh kiện điện tử","10D - đường kính 10mm","1922","1335","https://linhkienchatluong.vn/url10d---duong-kinh-10mm/tu-chong-set-varistor-10d391k-390v-10mm_sp1922_ct1335.aspx","https://linhkienchatluong.vn/Uploads/pic/prods/---Tu-chong-set--Varistor/6378302279689021281220.jpg"
"584","20","Tụ chống sét Varistor 10D390K 39V 10mm chính hãng HEL","CLA1219","Tụ chống sét varistor","","","39 V","10mm","","","","","Chống sét","HEL","","1,400đ","1400","đ","","","Chiếc","HEL","Chính hãng","C-116","Linh kiện điện tử","10D - đường kính 10mm","1922","1334","https://linhkienchatluong.vn/url10d---duong-kinh-10mm/tu-chong-set-varistor-10d390k-39v-10mm-chinh-hang-hel_sp1922_ct1334.aspx","https://linhkienchatluong.vn/Uploads/pic/prods/---Tu-chong-set--Varistor/6374198808822619191219.jpg"
"585","20","Tụ chống sét Varistor 10D241K 240V 10mm","CLA1218","Tụ chống sét varistor","","","240 V","10mm","","","","","Chống sét","","","1,500đ","1500","đ","","","Chiếc","Đang cập nhật","-","C-116","Linh kiện điện tử","10D - đường kính 10mm","1922","1333","https://linhkienchatluong.vn/url10d---duong-kinh-10mm/tu-chong-set-varistor-10d241k-240v-10mm_sp1922_ct1333.aspx","https://linhkienchatluong.vn/Uploads/pic/prods/Linh-kien-dien-tu/6383004010108058481218.jpg"
"586","20","Tụ chống sét Varistor 10D101K 100V 10mm","CLA1217","Tụ chống sét varistor","","","100 V","10mm","","","","","Chống sét","","","1,200đ","1200","đ","","","Chiếc","CHINA","-","C-116","Linh kiện điện tử","10D - đường kính 10mm","1922","1332","https://linhkienchatluong.vn/url10d---duong-kinh-10mm/tu-chong-set-varistor-10d101k-100v-10mm_sp1922_ct1332.aspx","https://linhkienchatluong.vn/Uploads/pic/prods/---Tu-chong-set--Varistor/6374198810342933931217.jpg"
"587","20","Tụ chống sét Varistor 7D680K 68V 7mm","CLA1216","Tụ chống sét varistor","","","68 V","7mm","","","","","Chống sét","","","1,000đ","1000","đ","","","Chiếc","Đang cập nhật","-","C-115","Linh kiện điện tử","7D - đường kính 7mm","1921","1331","https://linhkienchatluong.vn/url7d---duong-kinh-7mm/tu-chong-set-varistor-7d680k-68v-7mm_sp1921_ct1331.aspx","https://linhkienchatluong.vn/Uploads/pic/prods/Linh-kien-dien-tu/6383004019849673441216.jpg"
"588","20","Tụ chống sét Varistor 7D471k 470V 7mm","CLA1215","Tụ chống sét varistor","","","470 V","7mm","","","","","Chống sét","","","700đ","700","đ","","","Chiếc","CHINA","CHINA","C-115","Linh kiện điện tử","7D - đường kính 7mm","1921","1330","https://linhkienchatluong.vn/url7d---duong-kinh-7mm/tu-chong-set-varistor-7d471k-470v-7mm_sp1921_ct1330.aspx","https://linhkienchatluong.vn/Uploads/pic/prods/---Tu-chong-set--Varistor/6374198807356990451215.jpg"
"589","20","Tụ chống sét Varistor 7D470K 47V 7mm","CLA1214","Tụ chống sét varistor","","","47 V","7mm","","","","","Chống sét","","","1,000đ","1000","đ","","","Chiếc","Đang cập nhật","-","C-115","Linh kiện điện tử","7D - đường kính 7mm","1921","1329","https://linhkienchatluong.vn/url7d---duong-kinh-7mm/tu-chong-set-varistor-7d470k-47v-7mm_sp1921_ct1329.aspx","https://linhkienchatluong.vn/Uploads/pic/prods/---Tu-chong-set--Varistor/6374198799778849891214.jpg"
"590","20","Tụ chống sét Varistor 7D431K 430V 7mm chính hãng HEL","CLA1213","Tụ chống sét varistor","","","430 V","7mm","","","","","Chống sét","HEL","","1,000đ","1000","đ","","Còn hàng","Chiếc","HEL","Chính hãng","C-115","Linh kiện điện tử","7D - đường kính 7mm","1921","1328","https://linhkienchatluong.vn/url7d---duong-kinh-7mm/tu-chong-set-varistor-7d431k-430v-7mm-chinh-hang-hel_sp1921_ct1328.aspx","https://linhkienchatluong.vn/Uploads/pic/prods/---Tu-chong-set--Varistor/6374198805949176791213.jpg"
"591","20","Tụ chống sét Varistor 7D330K 33V 7mm","CLA1212","Tụ chống sét varistor","","","33 V","7mm","","","","","Chống sét","","","1,000đ","1000","đ","","","Chiếc","Đang cập nhật","-","C-114","Linh kiện điện tử","7D - đường kính 7mm","1921","1327","https://linhkienchatluong.vn/url7d---duong-kinh-7mm/tu-chong-set-varistor-7d330k-33v-7mm_sp1921_ct1327.aspx","https://linhkienchatluong.vn/Uploads/pic/prods/---Tu-chong-set--Varistor/6374198798271033961212.jpg"
"592","20","Tụ chống sét Varistor 7D271K 270V 7mm chính hãng HEL","CLA1211","Tụ chống sét varistor","","","270 V","7mm","","","","","Chống sét","HEL","","700đ","700","đ","","","Chiếc","HEL","Chính hãng","C-115","Linh kiện điện tử","7D - đường kính 7mm","1921","1326","https://linhkienchatluong.vn/url7d---duong-kinh-7mm/tu-chong-set-varistor-7d271k-270v-7mm-chinh-hang-hel_sp1921_ct1326.aspx","https://linhkienchatluong.vn/Uploads/pic/prods/---Tu-chong-set--Varistor/6374198804444484711211.jpg"
"593","20","Tụ chống sét Varistor 7D270K 27V 7mm chính hãng HEL","CLA1210","Tụ chống sét varistor","","","27 V","7mm","","","","","Chống sét","HEL","","1,000đ","1000","đ","","","Chiếc","HEL","Chính hãng","C-114","Linh kiện điện tử","7D - đường kính 7mm","1921","1320","https://linhkienchatluong.vn/url7d---duong-kinh-7mm/tu-chong-set-varistor-7d270k-27v-7mm-chinh-hang-hel_sp1921_ct1320.aspx","https://linhkienchatluong.vn/Uploads/pic/prods/---Tu-chong-set--Varistor/6374198796817906831210.jpg"
"594","20","Tụ chống sét Varistor 7D220K 22V 7mm","CLA1209","Tụ chống sét varistor","","","22 V","7mm","","","","","Chống sét","","","1,000đ","1000","đ","","","Chiếc","Đang cập nhật","-","C-114","Linh kiện điện tử","7D - đường kính 7mm","1921","1319","https://linhkienchatluong.vn/url7d---duong-kinh-7mm/tu-chong-set-varistor-7d220k-22v-7mm_sp1921_ct1319.aspx","https://linhkienchatluong.vn/Uploads/pic/prods/---Tu-chong-set--Varistor/6374198795347591211209.jpg"
"595","20","Tụ chống sét Varistor 7D181K 180V 7mm","CLA1208","Tụ chống sét varistor","","","180 V","7mm","","","","","Chống sét","","","700đ","700","đ","","","Chiếc","CHINA","CHINA","C-115","Linh kiện điện tử","7D - đường kính 7mm","1921","1318","https://linhkienchatluong.vn/url7d---duong-kinh-7mm/tu-chong-set-varistor-7d181k-180v-7mm_sp1921_ct1318.aspx","https://linhkienchatluong.vn/Uploads/pic/prods/---Tu-chong-set--Varistor/6374198802697606951208.jpg"
"596","20","Tụ chống sét Varistor 7D180K 18V 7mm","CLA1207","Tụ chống sét varistor","","","18 V","7mm","","","","","Chống sét","","","1,000đ","1000","đ","","","Chiếc","Đang cập nhật","-","C-114","Linh kiện điện tử","7D - đường kính 7mm","1921","1317","https://linhkienchatluong.vn/url7d---duong-kinh-7mm/tu-chong-set-varistor-7d180k-18v-7mm_sp1921_ct1317.aspx","https://linhkienchatluong.vn/Uploads/pic/prods/---Tu-chong-set--Varistor/6374198793936651961207.jpg"
"597","20","Tụ nhôm 35V 220uF 8x10.5mm chân dán SMD","NM00635","Tụ nhôm","","220 uF","35 V","8x10.5mm | 5mm","","","SMD/Dán","","","","","1,500đ","1500","1,620đ","1620","","Chiếc","VT-CHINA","CHINA","C-081","Linh kiện điện tử","Tụ nhôm - Tụ hóa dán","1612","1316","https://linhkienchatluong.vn/urltu-nhom---tu-hoa-dan/tu-nhom-35v-220uf-8x105mm-chan-dan-smd_sp1612_ct1316.aspx","https://linhkienchatluong.vn/Uploads/pic/prods/Linh-kien-dien-tu/63853796494205158335v220.jpg"
"598","20","Tụ nhôm 10V 100uF 6.3x5.4mm chân dán SMD","CLA1041","Tụ nhôm","","100 uF","10 V","6.3x5.4mm | 4mm","","","SMD/Dán","","","","","700đ","700","đ","","","Chiếc","VT-CHINA","CHINA","C-076","Linh kiện điện tử","Tụ nhôm - Tụ hóa dán","1612","1315","https://linhkienchatluong.vn/urltu-nhom---tu-hoa-dan/tu-nhom-10v-100uf-63x54mm-chan-dan-smd_sp1612_ct1315.aspx","https://linhkienchatluong.vn/Uploads/pic/prods/Linh-kien-dien-tu/63853702176179082310v100.jpg"
"599","20","Tụ hóa 450V 100uF 18x25mm","CLA1022","","","100 uF","450 V","18x25mm","","","","","","","","6,000đ","6000","đ","","","Chiếc","Đang cập nhật","tại đây 450V 100uF tần số cao","C-074","Linh kiện điện tử","Tụ hóa có phân cực","1611","1312","https://linhkienchatluong.vn/urltu-hoa-co-phan-cuc/tu-hoa-450v-100uf-18x25mm_sp1611_ct1312.aspx","https://linhkienchatluong.vn/Uploads/pic/prods/--Tu-phan-cuc--Tu-hoa/635829210319483750450V100uF%201835.jpg"
"600","20","Tụ hóa 450V 68uF 22x25mm chân cứng","CLA1021","","","68 uF","450 V","22x25mm","","","","","","","","9,500đ","9500","đ","","","Chiếc","Đang cập nhật","Đang cập nhật","C-051","Linh kiện điện tử","Tụ hóa có phân cực","1611","1311","https://linhkienchatluong.vn/urltu-hoa-co-phan-cuc/tu-hoa-450v-68uf-22x25mm-chan-cung_sp1611_ct1311.aspx","https://linhkienchatluong.vn/Uploads/pic/prods/Linh-kien-dien-tu/6384731855151494851021.jpg"
"601","21","Tụ hóa 450V 3.3uF 8x12mm tần số cao","CLA1013","","","3.3 uF","450 V","8x12mm","","","","","","","","1,000đ","1000","đ","","","Chiếc","Đang cập nhật","Đang cập nhật","C-047","Linh kiện điện tử","Tụ hóa có phân cực","1611","1310","https://linhkienchatluong.vn/urltu-hoa-co-phan-cuc/tu-hoa-450v-33uf-8x12mm-tan-so-cao_sp1611_ct1310.aspx","https://linhkienchatluong.vn/Uploads/pic/prods/Linh-kien-dien-tu/6387548537878597161013.jpg"
"602","21","Tụ hóa 400V 6.8uF 8x14mm tần số cao","NM02310","","","6.8 uF","400 V","8x14mm","","","","","","","","1,500đ","1500","1,620đ","1620","Còn hàng","Chiếc","Đang cập nhật","Đang cập nhật","C-044","Linh kiện điện tử","Tụ hóa có phân cực","1611","1309","https://linhkienchatluong.vn/urltu-hoa-co-phan-cuc/tu-hoa-400v-68uf-8x14mm-tan-so-cao_sp1611_ct1309.aspx","https://linhkienchatluong.vn/Uploads/pic/prods/Linh-kien-dien-tu/6384730600709702861008.jpg"
"603","21","Tụ hóa 400V 4.7uF 8x12mm tần số cao (10 chiếc)","NM00621","","","4.7 uF","400 V","8x12mm","","","","10 chiếc","","","","8,000đ","8000","8,640đ","8640","Còn hàng","Túi (10 chiếc)","JCCON","CHINA","C-044","Linh kiện điện tử","Tụ hóa có phân cực","1611","1308","https://linhkienchatluong.vn/urltu-hoa-co-phan-cuc/tu-hoa-400v-47uf-8x12mm-tan-so-cao-10-chiec_sp1611_ct1308.aspx","https://linhkienchatluong.vn/Uploads/pic/prods/Linh-kien-dien-tu/6384782719513420831007.jpg"
"604","21","Tụ hóa 400V 1uF 6x12mm tần số cao (10 chiếc)","NM02309","","","1 uF","400 V","6x12mm","","","","10 chiếc","","","","4,000đ","4000","4,320đ","4320","Còn hàng","Túi (10 chiếc)","HYNCDZ","CHINA","C-047","Linh kiện điện tử","Tụ hóa có phân cực","1611","1307","https://linhkienchatluong.vn/urltu-hoa-co-phan-cuc/tu-hoa-400v-1uf-6x12mm-tan-so-cao-10-chiec_sp1611_ct1307.aspx","https://linhkienchatluong.vn/Uploads/pic/prods/Linh-kien-dien-tu/6383160242255158401004.jpg"
"605","21","Tụ hóa 100V 47uF 8x12mm tần số cao","CLA0997","","","47 uF","100 V","8x12mm","","","","","","","","1,000đ","1000","đ","","","Chiếc","Đang cập nhật","Đang cập nhật","C-034","Linh kiện điện tử","Tụ hóa có phân cực","1611","1306","https://linhkienchatluong.vn/urltu-hoa-co-phan-cuc/tu-hoa-100v-47uf-8x12mm-tan-so-cao_sp1611_ct1306.aspx","https://linhkienchatluong.vn/Uploads/pic/prods/Linh-kien-dien-tu/6384730586658816970997.jpg"
"606","21","Tụ hóa 100V 10uF 6.3x11mm tần số cao","CLA0996","","","10 uF","100 V","6.3x11mm","","","","","","","","700đ","700","đ","","","Chiếc","JCCON","Chính hãng","C-024B","Linh kiện điện tử","Tụ hóa có phân cực","1611","1305","https://linhkienchatluong.vn/urltu-hoa-co-phan-cuc/tu-hoa-100v-10uf-63x11mm-tan-so-cao_sp1611_ct1305.aspx","https://linhkienchatluong.vn/Uploads/pic/prods/Linh-kien-dien-tu/6383228308193291410996.jpg"
"607","21","Tụ hóa 100V 2.2uF","CLA0995","","","2.2 uF","100 V","","","","","","","","","300đ","300","đ","","","Chiếc","Đang cập nhật","Chính hãng","C-034","Linh kiện điện tử","Tụ hóa có phân cực","1611","1304","https://linhkienchatluong.vn/urltu-hoa-co-phan-cuc/tu-hoa-100v-22uf_sp1611_ct1304.aspx","https://linhkienchatluong.vn/Uploads/pic/prods/Linh-kien-dien-tu/6383160197761708430995.jpg"
"608","21","Tụ hóa 63V 47uF 8x12mm tần số cao","CLA0987","","","47 uF","63 V","8x12mm","","","","","","","","500đ","500","đ","","","Chiếc","Đang cập nhật","Đang cập nhật","C-027","Linh kiện điện tử","Tụ hóa có phân cực","1611","1303","https://linhkienchatluong.vn/urltu-hoa-co-phan-cuc/tu-hoa-63v-47uf-8x12mm-tan-so-cao_sp1611_ct1303.aspx","https://linhkienchatluong.vn/Uploads/pic/prods/Linh-kien-dien-tu/6384730570799342170987.jpg"
"609","21","Tụ hóa 50V 3300uF 18x35mm tần số cao","NM02307","","","3300 uF","50 V","18x35mm","","","","","","","","7,500đ","7500","8,100đ","8100","Còn hàng","Chiếc","JCCON","Chính hãng","C-024","Linh kiện điện tử","Tụ hóa có phân cực","1611","1302","https://linhkienchatluong.vn/urltu-hoa-co-phan-cuc/tu-hoa-50v-3300uf-18x35mm-tan-so-cao_sp1611_ct1302.aspx","https://linhkienchatluong.vn/Uploads/pic/prods/Linh-kien-dien-tu/6384843305034513610981.jpg"
"610","21","Tụ hóa 50V 680uF 13x21mm tần số cao","CLA0978","","","680 uF","50 V","13x21mm","","","","","","","","2,300đ","2300","đ","","","Chiếc","Đang cập nhật","Đang cập nhật","C-023","Linh kiện điện tử","Tụ hóa có phân cực","1611","1301","https://linhkienchatluong.vn/urltu-hoa-co-phan-cuc/tu-hoa-50v-680uf-13x21mm-tan-so-cao_sp1611_ct1301.aspx","https://linhkienchatluong.vn/Uploads/pic/prods/Linh-kien-dien-tu/6384730590757231980978.jpg"
"611","21","Tụ hóa 50V 47uF 6x12mm tần số cao","CLA0973","","","47 uF","50 V","6x12mm","","","","","","","","600đ","600","đ","","","Chiếc","JCCON","CHINA","C-020","Linh kiện điện tử","Tụ hóa có phân cực","1611","1300","https://linhkienchatluong.vn/urltu-hoa-co-phan-cuc/tu-hoa-50v-47uf-6x12mm-tan-so-cao_sp1611_ct1300.aspx","https://linhkienchatluong.vn/Uploads/pic/prods/Linh-kien-dien-tu/6383160232224415330973.jpg"
"612","21","Tụ hóa 50V 1uF 5x11mm tần số cao (10 chiếc)","NM02304","","","1 uF","50 V","5x11mm","","","","10 chiếc","","","","3,500đ","3500","3,780đ","3780","Còn hàng","Túi (10 chiếc)","Đang cập nhật","Đang cập nhật","C-018","Linh kiện điện tử","Tụ hóa có phân cực","1611","1299","https://linhkienchatluong.vn/urltu-hoa-co-phan-cuc/tu-hoa-50v-1uf-5x11mm-tan-so-cao-10-chiec_sp1611_ct1299.aspx","https://linhkienchatluong.vn/Uploads/pic/prods/Linh-kien-dien-tu/6384730606484103230967.jpg"
"613","21","Tụ hóa 50V 0.22uF","CLA0964","","","0.22 uF","50 V","","","","","","","","","300đ","300","đ","","","Chiếc","Đang cập nhật","Đang cập nhật","C-018","Linh kiện điện tử","Tụ hóa có phân cực","1611","1298","https://linhkienchatluong.vn/urltu-hoa-co-phan-cuc/tu-hoa-50v-022uf_sp1611_ct1298.aspx","https://linhkienchatluong.vn/Uploads/pic/prods/Linh-kien-dien-tu/6384730612575718990964.jpg"
"614","21","Tụ hóa 35V 1000uF 10x20mm tần số cao","NM02302","","","1000 uF","35 V","10x20mm","","","","","","","","2,000đ","2000","2,160đ","2160","Còn hàng","Chiếc","JCCON","Đang cập nhật","C-015","Linh kiện điện tử","Tụ hóa có phân cực","1611","1297","https://linhkienchatluong.vn/urltu-hoa-co-phan-cuc/tu-hoa-35v-1000uf-10x20mm-tan-so-cao_sp1611_ct1297.aspx","https://linhkienchatluong.vn/Uploads/pic/prods/---Tu-hoa-co-phan-cuc/6378630631388587940960.jpg"
"615","21","Tụ hóa 35V 680uF 10x20mm tần số cao","NM02322","","","680 uF","35 V","10x20mm","","","","","","","","1,500đ","1500","1,620đ","1620","Còn hàng","Chiếc","JCCON","Đang cập nhật","C-015","Linh kiện điện tử","Tụ hóa có phân cực","1611","1296","https://linhkienchatluong.vn/urltu-hoa-co-phan-cuc/tu-hoa-35v-680uf-10x20mm-tan-so-cao_sp1611_ct1296.aspx","https://linhkienchatluong.vn/Uploads/pic/prods/Linh-kien-dien-tu/6381673799744976280959.jpg"
"616","21","Tụ hóa 35V 22uF 5x7mm tần số cao","CLA0954","","","22 uF","35 V","5x7mm","","","","","","","","300đ","300","đ","","","Chiếc","Đang cập nhật","Đang cập nhật","C-013","Linh kiện điện tử","Tụ hóa có phân cực","1611","1295","https://linhkienchatluong.vn/urltu-hoa-co-phan-cuc/tu-hoa-35v-22uf-5x7mm-tan-so-cao_sp1611_ct1295.aspx","https://linhkienchatluong.vn/Uploads/pic/prods/Linh-kien-dien-tu/6385576933973345780954.jpg"
"617","21","Tụ hóa 25V 22uF 5x11mm (10 chiếc)","NM02327","","","22 uF","25 V","5x11mm","","","","10 chiếc","","","","3,000đ","3000","3,240đ","3240","Còn hàng","Túi (10 chiếc)","JCCON","Chính hãng","C-008","Linh kiện điện tử","Tụ hóa có phân cực","1611","1294","https://linhkienchatluong.vn/urltu-hoa-co-phan-cuc/tu-hoa-25v-22uf-5x11mm-10-chiec_sp1611_ct1294.aspx","https://linhkienchatluong.vn/Uploads/pic/prods/Linh-kien-dien-tu/6384731850652891470942.jpg"
"618","21","Tụ hóa 16V 3300uF 13x20mm tần số cao","CLA0938","","","3300 uF","16 V","13x20mm","","","","","","","","2,500đ","2500","đ","","","Chiếc","JCCON","Đang cập nhật","C-006","Linh kiện điện tử","Tụ hóa có phân cực","1611","1293","https://linhkienchatluong.vn/urltu-hoa-co-phan-cuc/tu-hoa-16v-3300uf-13x20mm-tan-so-cao_sp1611_ct1293.aspx","https://linhkienchatluong.vn/Uploads/pic/prods/Linh-kien-dien-tu/6384781555455895320938.jpg"
"619","21","Tụ hóa 16V 1500uF 10x20mm tần số cao","CLA0936","","","1500 uF","16 V","10x20mm","","","","","","","","1,500đ","1500","đ","","","Chiếc","Đang cập nhật","Đang cập nhật","C-005","Linh kiện điện tử","Tụ hóa có phân cực","1611","1292","https://linhkienchatluong.vn/urltu-hoa-co-phan-cuc/tu-hoa-16v-1500uf-10x20mm-tan-so-cao_sp1611_ct1292.aspx","https://linhkienchatluong.vn/Uploads/pic/prods/Linh-kien-dien-tu/6384730581125252450936.jpg"
"620","21","Tụ hóa 16V 680uF 8x12mm tần số cao (10 chiếc)","NM02341","","","680 uF","16 V","8x12mm","","","","10 chiếc","","","","8,000đ","8000","8,640đ","8640","Còn hàng","Túi (10 chiếc)","JCCON","Chính hãng","C-005","Linh kiện điện tử","Tụ hóa có phân cực","1611","1291","https://linhkienchatluong.vn/urltu-hoa-co-phan-cuc/tu-hoa-16v-680uf-8x12mm-tan-so-cao-10-chiec_sp1611_ct1291.aspx","https://linhkienchatluong.vn/Uploads/pic/prods/Linh-kien-dien-tu/6383160192739847090933.jpg"
"621","21","Tụ hóa 16V 47uF 5x11mm (10 chiếc)","NM02342","","","47 uF","16 V","5x11mm","","","","10 chiếc","","","","3,000đ","3000","3,240đ","3240","Còn hàng","Túi (10 chiếc)","CHINA","CHINA","C-003","Linh kiện điện tử","Tụ hóa có phân cực","1611","1290","https://linhkienchatluong.vn/urltu-hoa-co-phan-cuc/tu-hoa-16v-47uf-5x11mm-10-chiec_sp1611_ct1290.aspx","https://linhkienchatluong.vn/Uploads/pic/prods/Linh-kien-dien-tu/6383160190537841910928.jpg"
"622","21","Tụ hóa 10V 470uF 6x12mm tần số cao","CLA0921","","","470 uF","10 V","6x12mm","","","","","","","","500đ","500","đ","","","Chiếc","JCCON","Đang cập nhật","C-002","Linh kiện điện tử","Tụ hóa có phân cực","1611","1288","https://linhkienchatluong.vn/urltu-hoa-co-phan-cuc/tu-hoa-10v-470uf-6x12mm-tan-so-cao_sp1611_ct1288.aspx","https://linhkienchatluong.vn/Uploads/pic/prods/Linh-kien-dien-tu/6384784380377112650921.jpg"
"623","21","Tụ tantalum 7343 477A 10V 470uF 7.3x4.3mm TAJD477K010RNJ","CLA1294","Tụ tantalum","TAJD477K010RNJ","470 uF","10 V","7.3x4.3mm | 3mm","","","","","","","","6,000đ","6000","đ","","","Chiếc","CHINA","CHINA","C-129","Linh kiện điện tử","Tụ Tantalium","460","1168","https://linhkienchatluong.vn/urltu-tantalium/tu-tantalum-7343-477a-10v-470uf-73x43mm-tajd477k010rnj_sp460_ct1168.aspx","https://linhkienchatluong.vn/Uploads/pic/prods/Linh-kien-dien-tu/6382615262299958851294.jpg"
"624","21","Tụ tantalum 7343 337A 10V 330uF 7.3x4.3mm TAJD337K010RNJ","CLA1293","Tụ tantalum","TAJD337K010RNJ","330 uF","10 V","7.3x4.3mm | 3mm","","","","","","","","5,000đ","5000","đ","","","Chiếc","CHINA","CHINA","C-128","Linh kiện điện tử","Tụ Tantalium","460","1167","https://linhkienchatluong.vn/urltu-tantalium/tu-tantalum-7343-337a-10v-330uf-73x43mm-tajd337k010rnj_sp460_ct1167.aspx","https://linhkienchatluong.vn/Uploads/pic/prods/Linh-kien-dien-tu/6385603689301564441293.jpg"
"625","21","Tụ tantalum 7343 227C 16V 220uF 7.3x4.3mm TAJE227K016RNJ","NM00992","Tụ tantalum","TAJE227K016RNJ","220 uF","16 V","7.3x4.3mm | 3mm","","","","227C","","","","5,000đ","5000","5,400đ","5400","","Chiếc","CHINA","CHINA","C-128","Linh kiện điện tử","Tụ Tantalium","460","1166","https://linhkienchatluong.vn/urltu-tantalium/tu-tantalum-7343-227c-16v-220uf-73x43mm-taje227k016rnj_sp460_ct1166.aspx","https://linhkienchatluong.vn/Uploads/pic/prods/Linh-kien-dien-tu/6382615260560127051292.jpg"
"626","21","Tụ tantalum 7343 107C 16V 100uF 7.3x4.3mm TAJD107K016RNJ","NM00470","Tụ tantalum","TAJD107K016RNJ","100 uF","16 V","7.3x4.3mm | 3mm","","","","107C","","","","3,000đ","3000","3,240đ","3240","","Chiếc","CHINA","CHINA","C-128","Linh kiện điện tử","Tụ Tantalium","460","1165","https://linhkienchatluong.vn/urltu-tantalium/tu-tantalum-7343-107c-16v-100uf-73x43mm-tajd107k016rnj_sp460_ct1165.aspx","https://linhkienchatluong.vn/Uploads/pic/prods/Linh-kien-dien-tu/6382623904771484231291.jpg"
"627","21","Tụ tantalum 6032 106E 25V 10uF 6.0x3.2mm TAJC106K025RNJ","NM00990","Tụ tantalum","TAJC106K025RNJ","10 uF","25 V","6.0x3.2mm | 2mm","","","","","","","","2,500đ","2500","2,700đ","2700","","Chiếc","CHINA","CHINA","KE2-670","Linh kiện điện tử","Tụ Tantalium","460","1164","https://linhkienchatluong.vn/urltu-tantalium/tu-tantalum-6032-106e-25v-10uf-60x32mm-tajc106k025rnj_sp460_ct1164.aspx","https://linhkienchatluong.vn/Uploads/pic/prods/Linh-kien-dien-tu/6378985200523199701290.jpg"
"628","21","Tụ tantalum 3528 107A 10V 100uF 3.5x2.8mm TAJB107M010RNJ","NM02187","Tụ tantalum","TAJB107M010RNJ","100 uF","10 V","3.5x2.8mm | 8mm","","","","","","","","2,000đ","2000","2,160đ","2160","Còn hàng","Chiếc","CHINA","CHINA","KE2-664","Linh kiện điện tử","Tụ Tantalium","460","1163","https://linhkienchatluong.vn/urltu-tantalium/tu-tantalum-3528-107a-10v-100uf-35x28mm-tajb107m010rnj_sp460_ct1163.aspx","https://linhkienchatluong.vn/Uploads/pic/prods/Linh-kien-dien-tu/6382615257084067031285.jpg"
"629","21","Tụ tantalum 3528 476C 16V 47uF 3.5x2.8mm TAJB476K016RNJ","CLA1287","Tụ tantalum","TAJB476K016RNJ","47 uF","16 V","3.5x2.8mm | 8mm","","","","476C","","","","2,000đ","2000","đ","","","Chiếc","CHINA","CHINA","KE2-667","Linh kiện điện tử","Tụ Tantalium","460","1162","https://linhkienchatluong.vn/urltu-tantalium/tu-tantalum-3528-476c-16v-47uf-35x28mm-tajb476k016rnj_sp460_ct1162.aspx","https://linhkienchatluong.vn/Uploads/pic/prods/Linh-kien-dien-tu/6378985219979011901287.jpg"
"630","21","Tụ tantalum 3528 226C 16V 22uF 3.5x2.8mm","CLA1286","Tụ tantalum","","22 uF","16 V","3.5x2.8mm | 8mm","","","","226C","","","","3,500đ","3500","đ","","","Chiếc","CHINA","CHINA","KE2-665","Linh kiện điện tử","Tụ Tantalium","460","1161","https://linhkienchatluong.vn/urltu-tantalium/tu-tantalum-3528-226c-16v-22uf-35x28mm_sp460_ct1161.aspx","https://linhkienchatluong.vn/Uploads/pic/prods/Linh-kien-dien-tu/6382615258707886811286.jpg"
"631","22","Tụ tantalum 3528 106E 25V 10uF 3.5x2.8mm TAJB106K025RNJ","NM02186","Tụ tantalum","TAJB106K025RNJ","10 uF","25 V","3.5x2.8mm | 8mm","","","","","","","","1,800đ","1800","1,944đ","1944","Còn hàng","Chiếc","CHINA","CHINA","KE2-669","Linh kiện điện tử","Tụ Tantalium","460","1160","https://linhkienchatluong.vn/urltu-tantalium/tu-tantalum-3528-106e-25v-10uf-35x28mm-tajb106k025rnj_sp460_ct1160.aspx","https://linhkienchatluong.vn/Uploads/pic/prods/Linh-kien-dien-tu/6378985241320975311289.jpg"
"632","22","Tụ tantalum 3528 475E 25V 4.7uF 3.5x2.8mm","CLA1288","Tụ tantalum","","4.7 uF","25 V","3.5x2.8mm | 8mm","","","","","","","","3,500đ","3500","đ","","","Chiếc","CHINA","CHINA","KE2-668","Linh kiện điện tử","Tụ Tantalium","460","1159","https://linhkienchatluong.vn/urltu-tantalium/tu-tantalum-3528-475e-25v-47uf-35x28mm_sp460_ct1159.aspx","https://linhkienchatluong.vn/Uploads/pic/prods/Linh-kien-dien-tu/6378985203610358851288.jpg"
"633","22","Tụ tantalum 3216 226A 10V 22uF 3.2x1.6mm","NM02183","Tụ tantalum","","22 uF","10 V","3.2x1.6mm | 6mm","","","","","","","","1,500đ","1500","1,620đ","1620","Còn hàng","Chiếc","CHINA","CHINA","KE2-659","Linh kiện điện tử","Tụ Tantalium","460","1158","https://linhkienchatluong.vn/urltu-tantalium/tu-tantalum-3216-226a-10v-22uf-32x16mm_sp460_ct1158.aspx","https://linhkienchatluong.vn/Uploads/pic/prods/Linh-kien-dien-tu/6378985222866918151280.jpg"
"634","22","Tụ tantalum 3216 106C 16V 10uF 3.2x1.6mm TAJA106K016RNJ","NM02182","Tụ tantalum","TAJA106K016RNJ","10 uF","16 V","3.2x1.6mm | 6mm","","","","106C","","","","1,500đ","1500","1,620đ","1620","Còn hàng","Chiếc","CHINA","CHINA","KE2-663","Linh kiện điện tử","Tụ Tantalium","460","1157","https://linhkienchatluong.vn/urltu-tantalium/tu-tantalum-3216-106c-16v-10uf-32x16mm-taja106k016rnj_sp460_ct1157.aspx","https://linhkienchatluong.vn/Uploads/pic/prods/Linh-kien-dien-tu/6382623895107948481284.jpg"
"635","22","Tụ tantalum 3216 475C 16V 4.7uF 3.2x1.6mm TAJA475K016RNJ","NM02184","Tụ tantalum","TAJA475K016RNJ","4.7 uF","16 V","3.2x1.6mm | 6mm","","","","475C","","","","1,500đ","1500","1,620đ","1620","Còn hàng","Chiếc","CHINA","CHINA","KE2-662","Linh kiện điện tử","Tụ Tantalium","460","1155","https://linhkienchatluong.vn/urltu-tantalium/tu-tantalum-3216-475c-16v-47uf-32x16mm-taja475k016rnj_sp460_ct1155.aspx","https://linhkienchatluong.vn/Uploads/pic/prods/Linh-kien-dien-tu/6385603670624415631283.jpg"
"636","22","Tụ tantalum 3216 335C 16V 3.3uF 3.2x1.6mm","CLA1282","Tụ tantalum","","3.3 uF","16 V","3.2x1.6mm | 6mm","","","","335C","","","","2,000đ","2000","đ","","","Chiếc","CHINA","CHINA","KE2-661","Linh kiện điện tử","Tụ Tantalium","460","1154","https://linhkienchatluong.vn/urltu-tantalium/tu-tantalum-3216-335c-16v-33uf-32x16mm_sp460_ct1154.aspx","https://linhkienchatluong.vn/Uploads/pic/prods/Linh-kien-dien-tu/6382623901326783991282.jpg"
"637","22","Tụ tantalum 3216 476J 6V 47uF 3.2x1.6mm TAJA476K006RNJ","NM02185","Tụ tantalum","476J | TAJA476K006RNJ","47 uF","6 V","3.2x1.6mm | 6mm","","J","","","","","","1,500đ","1500","1,620đ","1620","Còn hàng","Chiếc","CHINA","CHINA","KE2-658","Linh kiện điện tử","Tụ Tantalium","460","1152","https://linhkienchatluong.vn/urltu-tantalium/tu-tantalum-3216-476j-6v-47uf-32x16mm-taja476k006rnj_sp460_ct1152.aspx","https://linhkienchatluong.vn/Uploads/pic/prods/Linh-kien-dien-tu/6384480077471475381278.jpg"
"638","22","Tụ hiệu chỉnh 473J 47nJ 100V 5mm màu vàng","CLA1167","","473J","","100 V","5mm","","J","","","","","Màu vàng","800đ","800","đ","","","Chiếc","CHINA","Đang cập nhật","C-103","Linh kiện điện tử","Tụ Correction - Tụ hiệu chỉnh","457","1150","https://linhkienchatluong.vn/urltu-correction---tu-hieu-chinh/tu-hieu-chinh-473j-47nj-100v-5mm-mau-vang_sp457_ct1150.aspx","https://linhkienchatluong.vn/Uploads/pic/prods/Linh-kien-dien-tu/638543143087755074473.jpg"
"639","22","Tụ hiệu chỉnh 222J 2.2nF 100V 5mm màu vàng","CLA1161","","222J","2.2 nF","100 V","5mm","","J","","","","","Màu vàng","800đ","800","đ","","","Chiếc","CHINA","Đang cập nhật","C-102","Linh kiện điện tử","Tụ Correction - Tụ hiệu chỉnh","457","1149","https://linhkienchatluong.vn/urltu-correction---tu-hieu-chinh/tu-hieu-chinh-222j-22nf-100v-5mm-mau-vang_sp457_ct1149.aspx","https://linhkienchatluong.vn/Uploads/pic/prods/Linh-kien-dien-tu/638543143266567179222.jpg"
"640","22","Tụ hiệu chỉnh 104J 100nF 0.1uF 100V 5mm màu vàng (10 chiếc)","NM00644","","104J","100 nF | 0.1 uF","100 V","5mm","","J","","10 chiếc","","","Màu vàng","7,000đ","7000","7,560đ","7560","Còn hàng","Túi (10 chiếc)","CHINA","CHINA","C-103","Linh kiện điện tử","Tụ Correction - Tụ hiệu chỉnh","457","1148","https://linhkienchatluong.vn/urltu-correction---tu-hieu-chinh/tu-hieu-chinh-104j-100nf-01uf-100v-5mm-mau-vang-10-chiec_sp457_ct1148.aspx","https://linhkienchatluong.vn/Uploads/pic/prods/Linh-kien-dien-tu/638543143444235683104.jpg"
"641","22","Tụ hiệu chỉnh 103J 10nF 100V 5mm màu vàng (10 chiếc)","NM00643","","103J","10 nF","100 V","5mm","","J","","10 chiếc","","","Màu vàng","7,000đ","7000","7,560đ","7560","Còn hàng","Túi (10 chiếc)","CHINA","CHINA","C-102","Linh kiện điện tử","Tụ Correction - Tụ hiệu chỉnh","457","1147","https://linhkienchatluong.vn/urltu-correction---tu-hieu-chinh/tu-hieu-chinh-103j-10nf-100v-5mm-mau-vang-10-chiec_sp457_ct1147.aspx","https://linhkienchatluong.vn/Uploads/pic/prods/Linh-kien-dien-tu/638543143608019590103.jpg"
"642","22","Tụ hiệu chỉnh 102J 1nF 100V 5mm màu vàng","CLA1160","","102J","1 nF","100 V","5mm","","J","","","","","Màu vàng","800đ","800","đ","","","Chiếc","CHINA","Đang cập nhật","C-102","Linh kiện điện tử","Tụ Correction - Tụ hiệu chỉnh","457","1146","https://linhkienchatluong.vn/urltu-correction---tu-hieu-chinh/tu-hieu-chinh-102j-1nf-100v-5mm-mau-vang_sp457_ct1146.aspx","https://linhkienchatluong.vn/Uploads/pic/prods/Linh-kien-dien-tu/638543143778860862102.jpg"
"643","22","Tụ hiệu chỉnh 223J 22nF 100V 5mm màu vàng","CLA1165","","223J","22 nF","100 V","5mm","","J","","","","","Màu vàng","800đ","800","đ","","","Chiếc","CHINA","Đang cập nhật","C-103","Linh kiện điện tử","Tụ Correction - Tụ hiệu chỉnh","457","1145","https://linhkienchatluong.vn/urltu-correction---tu-hieu-chinh/tu-hieu-chinh-223j-22nf-100v-5mm-mau-vang_sp457_ct1145.aspx","https://linhkienchatluong.vn/Uploads/pic/prods/Linh-kien-dien-tu/638543180749030750223.jpg"
"644","22","Tụ lọc nguồn AC 0.001uF 275V 10mm","CLA1236","Tụ lọc nguồn","","0.001 uF","275 V","10mm","","","","","Lọc nguồn","","","1,000đ","1000","đ","","","Chiếc","Đang cập nhật","Đang cập nhật","C-123","Linh kiện điện tử","Tụ An Toàn - Tụ Lọc Nguồn","456","1137","https://linhkienchatluong.vn/urltu-an-toan---tu-loc-nguon/tu-loc-nguon-ac-0001uf-275v-10mm_sp456_ct1137.aspx","https://linhkienchatluong.vn/Uploads/pic/prods/Linh-kien-dien-tu/6384480098915973640.001.jpg"
"645","22","Tụ lọc nguồn AC 0.47uF 275V chân 22mm","CLA1244","Tụ lọc nguồn","","0.47 uF","275 V","22mm","","","","","Lọc nguồn","","","2,000đ","2000","đ","","","Chiếc","Đang cập nhật","Đang cập nhật","C-125","Linh kiện điện tử","Tụ An Toàn - Tụ Lọc Nguồn","456","1136","https://linhkienchatluong.vn/urltu-an-toan---tu-loc-nguon/tu-loc-nguon-ac-047uf-275v-chan-22mm_sp456_ct1136.aspx","https://linhkienchatluong.vn/Uploads/pic/prods/Linh-kien-dien-tu/6384480269107180030.47.jpg"
"646","22","Tụ lọc nguồn AC 0.33uF 275V 15mm","CLA1243","Tụ lọc nguồn","","0.33 uF","275 V","15mm","","","","","Lọc nguồn","","","1,500đ","1500","đ","","","Chiếc","Đang cập nhật","Đang cập nhật","C-125","Linh kiện điện tử","Tụ An Toàn - Tụ Lọc Nguồn","456","1135","https://linhkienchatluong.vn/urltu-an-toan---tu-loc-nguon/tu-loc-nguon-ac-033uf-275v-15mm_sp456_ct1135.aspx","https://linhkienchatluong.vn/Uploads/pic/prods/Linh-kien-dien-tu/6384480118679200740.33.jpg"
"647","22","Tụ lọc nguồn AC 0.22uF 275V 224K chân 15mm","NM02176","Tụ lọc nguồn","224K","0.22 uF","275 V","15mm","","K","","","Lọc nguồn","","","1,000đ","1000","1,080đ","1080","Còn hàng","Chiếc","Đang cập nhật","Đang cập nhật","C-124","Linh kiện điện tử","Tụ An Toàn - Tụ Lọc Nguồn","456","1134","https://linhkienchatluong.vn/urltu-an-toan---tu-loc-nguon/tu-loc-nguon-ac-022uf-275v-224k-chan-15mm_sp456_ct1134.aspx","https://linhkienchatluong.vn/Uploads/pic/prods/Linh-kien-dien-tu/6384480115539564060.22.jpg"
"648","22","Tụ lọc nguồn AC 0.15uF 275V 15mm","CLA1241","Tụ lọc nguồn","","0.15 uF","275 V","15mm","","","","","Lọc nguồn","","","1,500đ","1500","đ","","","Chiếc","Đang cập nhật","Đang cập nhật","C-124","Linh kiện điện tử","Tụ An Toàn - Tụ Lọc Nguồn","456","1133","https://linhkienchatluong.vn/urltu-an-toan---tu-loc-nguon/tu-loc-nguon-ac-015uf-275v-15mm_sp456_ct1133.aspx","https://linhkienchatluong.vn/Uploads/pic/prods/Linh-kien-dien-tu/6384480111467608340.15.jpg"
"649","22","Tụ lọc nguồn AC 0.1uF 275V 10mm","CLA1239","Tụ lọc nguồn","","0.1 uF","275 V","10mm","","","","","Lọc nguồn","","","1,000đ","1000","đ","","","Chiếc","CHINA","CHINA","C-123","Linh kiện điện tử","Tụ An Toàn - Tụ Lọc Nguồn","456","1132","https://linhkienchatluong.vn/urltu-an-toan---tu-loc-nguon/tu-loc-nguon-ac-01uf-275v-10mm-_sp456_ct1132.aspx","https://linhkienchatluong.vn/Uploads/pic/prods/Linh-kien-dien-tu/6384480133665014891239.jpg"
"650","22","Tụ lọc nguồn AC 0.01uF 275V 10mm","CLA1237","Tụ lọc nguồn","","0.01 uF","275 V","10mm","","","","","Lọc nguồn","","","1,000đ","1000","đ","","","Chiếc","Đang cập nhật","Đang cập nhật","C-123","Linh kiện điện tử","Tụ An Toàn - Tụ Lọc Nguồn","456","1131","https://linhkienchatluong.vn/urltu-an-toan---tu-loc-nguon/tu-loc-nguon-ac-001uf-275v-10mm_sp456_ct1131.aspx","https://linhkienchatluong.vn/Uploads/pic/prods/Linh-kien-dien-tu/6384187304324721981237.jpg"
"651","22","Tụ tantalum 35V 0.47uF 474L chân cắm","CLA1270","Tụ tantalum","","0.47 uF","35 V","","","","Chân cắm","","","","","3,000đ","3000","đ","","","Chiếc","Đang cập nhật","Chính hãng","C-127","Linh kiện điện tử","Tụ Tantalium","460","1007","https://linhkienchatluong.vn/urltu-tantalium/tu-tantalum-35v-047uf-474l-chan-cam_sp460_ct1007.aspx","https://linhkienchatluong.vn/Uploads/pic/prods/Linh-kien-dien-tu/6382614877065249101270.jpg"
"652","22","Tụ tantalum 35V 3.3uF 335L chân cắm","CLA1273","Tụ tantalum","","3.3 uF","35 V","","","","Chân cắm","","","","","3,500đ","3500","đ","","","Chiếc","CHINA","Chính hãng","C-127","Linh kiện điện tử","Tụ Tantalium","460","1006","https://linhkienchatluong.vn/urltu-tantalium/tu-tantalum-35v-33uf-335l-chan-cam_sp460_ct1006.aspx","https://linhkienchatluong.vn/Uploads/pic/prods/Linh-kien-dien-tu/6382614850660261101273.jpg"
"653","22","Tụ tantalum 35V 2.2uF 225L chân cắm","CLA1272","Tụ tantalum","","2.2 uF","35 V","","","","Chân cắm","","","","","4,200đ","4200","đ","","","Chiếc","Đang cập nhật","Chính hãng","C-127","Linh kiện điện tử","Tụ Tantalium","460","1005","https://linhkienchatluong.vn/urltu-tantalium/tu-tantalum-35v-22uf-225l-chan-cam_sp460_ct1005.aspx","https://linhkienchatluong.vn/Uploads/pic/prods/Linh-kien-dien-tu/6382614861741163271272.jpg"
"654","22","Tụ tantalum 35V 1uF 105L chân cắm","CLA1271","Tụ tantalum","","1 uF","35 V","","","","Chân cắm","","","","","3,000đ","3000","đ","","","Chiếc","Đang cập nhật","CHINA","C-127","Linh kiện điện tử","Tụ Tantalium","460","1004","https://linhkienchatluong.vn/urltu-tantalium/tu-tantalum-35v-1uf-105l-chan-cam_sp460_ct1004.aspx","https://linhkienchatluong.vn/Uploads/pic/prods/Linh-kien-dien-tu/6382614891523084371271.jpg"
"655","22","Tụ tantalum 35V 0.22uF 224L chân cắm","CLA1269","Tụ tantalum","","0.22 uF","35 V","","","","Chân cắm","","","","","3,000đ","3000","đ","","Còn hàng","Chiếc","Đang cập nhật","Chính hãng","C-127","Linh kiện điện tử","Tụ Tantalium","460","1003","https://linhkienchatluong.vn/urltu-tantalium/tu-tantalum-35v-022uf-224l-chan-cam_sp460_ct1003.aspx","https://linhkienchatluong.vn/Uploads/pic/prods/Linh-kien-dien-tu/6382614870255304821269.jpg"
"656","22","Tụ tantalum 35V 0.1uF 104L chân cắm","NM02261","Tụ tantalum","","0.1 uF","35 V","","","","Chân cắm","","","","","3,000đ","3000","3,240đ","3240","Còn hàng","Chiếc","CHINA","CHINA","C-127","Linh kiện điện tử","Tụ Tantalium","460","1002","https://linhkienchatluong.vn/urltu-tantalium/tu-tantalum-35v-01uf-104l-chan-cam_sp460_ct1002.aspx","https://linhkienchatluong.vn/Uploads/pic/prods/Linh-kien-dien-tu/6382614852068433311268.jpg"
"657","22","Tụ tantalum 25V 10uF 106H chân cắm","CLA1267","Tụ tantalum","","10 uF","25 V","","","","Chân cắm","","","","","3,200đ","3200","đ","","","Chiếc","Đang cập nhật","Chính hãng","C-127","Linh kiện điện tử","Tụ Tantalium","460","1001","https://linhkienchatluong.vn/urltu-tantalium/tu-tantalum-25v-10uf-106h-chan-cam_sp460_ct1001.aspx","https://linhkienchatluong.vn/Uploads/pic/prods/Linh-kien-dien-tu/6382614858507708881267.jpg"
"658","22","Tụ tantalum 25V 4.7uF 475H chân cắm","CLA1266","Tụ tantalum","","4.7 uF","25 V","","","","Chân cắm","","","","","2,600đ","2600","đ","","","Chiếc","CHINA","Chính hãng","C-127","Linh kiện điện tử","Tụ Tantalium","460","1000","https://linhkienchatluong.vn/urltu-tantalium/tu-tantalum-25v-47uf-475h-chan-cam_sp460_ct1000.aspx","https://linhkienchatluong.vn/Uploads/pic/prods/Linh-kien-dien-tu/6382614847839838011266.jpg"
"659","22","Tụ tantalum 25V 2.2uF 225H chân cắm","CLA1265","Tụ tantalum","","2.2 uF","25 V","","","","Chân cắm","","","","","3,000đ","3000","đ","","","Chiếc","Đang cập nhật","Chính hãng","C-127","Linh kiện điện tử","Tụ Tantalium","460","999","https://linhkienchatluong.vn/urltu-tantalium/tu-tantalum-25v-22uf-225h-chan-cam_sp460_ct999.aspx","https://linhkienchatluong.vn/Uploads/pic/prods/Linh-kien-dien-tu/6382614872078088071265.jpg"
"660","22","Tụ tantalum 25V 1uF 105H chân cắm","CLA1264","Tụ tantalum","","1 uF","25 V","","","","Chân cắm","","","","","3,000đ","3000","đ","","","Chiếc","Đang cập nhật","Chính hãng","C-127","Linh kiện điện tử","Tụ Tantalium","460","998","https://linhkienchatluong.vn/urltu-tantalium/tu-tantalum-25v-1uf-105h-chan-cam_sp460_ct998.aspx","https://linhkienchatluong.vn/Uploads/pic/prods/Linh-kien-dien-tu/6382614867199888091264.jpg"
"661","23","Tụ tantalum 16V 22uF 226F chân cắm","CLA1263","Tụ tantalum","","22 uF","16 V","","","","Chân cắm","","","","","4,000đ","4000","đ","","","Chiếc","Đang cập nhật","Chính hãng","C-127","Linh kiện điện tử","Tụ Tantalium","460","997","https://linhkienchatluong.vn/urltu-tantalium/tu-tantalum-16v-22uf-226f-chan-cam_sp460_ct997.aspx","https://linhkienchatluong.vn/Uploads/pic/prods/Linh-kien-dien-tu/6382614875495391211263.jpg"
"662","23","Tụ tantalum 16V 10uF 106F chân cắm","CLA1262","Tụ tantalum","","10 uF","16 V","","","","Chân cắm","","","","","3,000đ","3000","đ","","","Chiếc","Đang cập nhật","Đang cập nhật","C-127","Linh kiện điện tử","Tụ Tantalium","460","996","https://linhkienchatluong.vn/urltu-tantalium/tu-tantalum-16v-10uf-106f-chan-cam_sp460_ct996.aspx","https://linhkienchatluong.vn/Uploads/pic/prods/Linh-kien-dien-tu/6382614879876458431262.jpg"
"663","23","Tụ tantalum 16V 4.7uF 475F chân cắm","CLA1261","Tụ tantalum","","4.7 uF","16 V","","","","Chân cắm","","","","","3,000đ","3000","đ","","","Chiếc","Đang cập nhật","Chính hãng","C-127","Linh kiện điện tử","Tụ Tantalium","460","995","https://linhkienchatluong.vn/urltu-tantalium/tu-tantalum-16v-47uf-475f-chan-cam_sp460_ct995.aspx","https://linhkienchatluong.vn/Uploads/pic/prods/Linh-kien-dien-tu/6382614873797960191261.jpg"
"664","23","Tụ tantalum 16V 3.3uF 335F chân cắm","CLA1260","Tụ tantalum","","3.3 uF","16 V","","","","Chân cắm","","","","","2,500đ","2500","đ","","","Chiếc","Đang cập nhật","Chính hãng","C-127","Linh kiện điện tử","Tụ Tantalium","460","994","https://linhkienchatluong.vn/urltu-tantalium/tu-tantalum-16v-33uf-335f-chan-cam_sp460_ct994.aspx","https://linhkienchatluong.vn/Uploads/pic/prods/Linh-kien-dien-tu/6382614855403286001260.jpg"
"665","23","Tụ tantalum 16V 2.2uF 225F chân cắm","CLA1259","Tụ tantalum","","2.2 uF","16 V","","","","Chân cắm","","","","","3,000đ","3000","đ","","","Chiếc","Đang cập nhật","Chính hãng","C-127","Linh kiện điện tử","Tụ Tantalium","460","993","https://linhkienchatluong.vn/urltu-tantalium/tu-tantalum-16v-22uf-225f-chan-cam_sp460_ct993.aspx","https://linhkienchatluong.vn/Uploads/pic/prods/Linh-kien-dien-tu/6382614878428967441259.jpg"
"666","23","Tụ nhôm 63V 100uF 10x10mm chân dán SMD","CLA1082","Tụ nhôm","","100 uF","63 V","10x10mm","","","SMD/Dán","","","","","2,200đ","2200","đ","","","Chiếc","VT-CHINA","CHINA","C-083","Linh kiện điện tử","Tụ nhôm - Tụ hóa dán","1612","992","https://linhkienchatluong.vn/urltu-nhom---tu-hoa-dan/tu-nhom-63v-100uf-10x10mm-chan-dan-smd_sp1612_ct992.aspx","https://linhkienchatluong.vn/Uploads/pic/prods/Linh-kien-dien-tu/63853781209353152163v100.jpg"
"667","23","Tụ nhôm 50V 470uF 12x13.5mm chân dán SMD","CLA1081","Tụ nhôm","","470 uF","50 V","12x13.5mm | 5mm","","","SMD/Dán","","","","","6,000đ","6000","đ","","","Chiếc","VT-CHINA","CHINA","C-083","Linh kiện điện tử","Tụ nhôm - Tụ hóa dán","1612","991","https://linhkienchatluong.vn/urltu-nhom---tu-hoa-dan/tu-nhom-50v-470uf-12x135mm-chan-dan-smd_sp1612_ct991.aspx","https://linhkienchatluong.vn/Uploads/pic/prods/Linh-kien-dien-tu/63853781181849955650v470.jpg"
"668","23","Tụ nhôm 50V 220uF 10x10.5mm chân dán SMD","NM02450","Tụ nhôm","","220 uF","50 V","10x10.5mm | 5mm","","","SMD/Dán","","","","","2,000đ","2000","2,160đ","2160","Còn hàng","Chiếc","VT-CHINA","CHINA","C-083","Linh kiện điện tử","Tụ nhôm - Tụ hóa dán","1612","990","https://linhkienchatluong.vn/urltu-nhom---tu-hoa-dan/tu-nhom-50v-220uf-10x105mm-chan-dan-smd_sp1612_ct990.aspx","https://linhkienchatluong.vn/Uploads/pic/prods/Linh-kien-dien-tu/63853781126846359450v220.jpg"
"669","23","Tụ nhôm 50V 100uF 8x10mm chân dán SMD","NM00688","Tụ nhôm","","100 uF","50 V","8x10mm","","","SMD/Dán","","","","","1,300đ","1300","1,404đ","1404","Còn hàng","Chiếc","VT-CHINA","CHINA","C-083","Linh kiện điện tử","Tụ nhôm - Tụ hóa dán","1612","989","https://linhkienchatluong.vn/urltu-nhom---tu-hoa-dan/tu-nhom-50v-100uf-8x10mm-chan-dan-smd_sp1612_ct989.aspx","https://linhkienchatluong.vn/Uploads/pic/prods/Linh-kien-dien-tu/63853781101640520350v100.jpg"
"670","23","Tụ nhôm 50V 47uF 6.3x7.7mm chân dán SMD","CLA1077","Tụ nhôm","","47 uF","50 V","6.3x7.7mm | 7mm","","","SMD/Dán","","","","","1,000đ","1000","đ","","","Chiếc","VT-CHINA","CHINA","C-082","Linh kiện điện tử","Tụ nhôm - Tụ hóa dán","1612","988","https://linhkienchatluong.vn/urltu-nhom---tu-hoa-dan/tu-nhom-50v-47uf-63x77mm-chan-dan-smd_sp1612_ct988.aspx","https://linhkienchatluong.vn/Uploads/pic/prods/Linh-kien-dien-tu/63853781071816976350v47.jpg"
"671","23","Tụ nhôm 50V 33uF 6.3x7.7mm chân dán SMD","CLA1076","Tụ nhôm","","33 uF","50 V","6.3x7.7mm | 7mm","","","SMD/Dán","","","","","800đ","800","đ","","","Chiếc","VT-CHINA","CHINA","C-082","Linh kiện điện tử","Tụ nhôm - Tụ hóa dán","1612","987","https://linhkienchatluong.vn/urltu-nhom---tu-hoa-dan/tu-nhom-50v-33uf-63x77mm--chan-dan-smd_sp1612_ct987.aspx","https://linhkienchatluong.vn/Uploads/pic/prods/Linh-kien-dien-tu/63853781039684952450v33.jpg"
"672","23","Tụ nhôm 50V 22uF 6.3x5.4mm chân dán SMD","CLA1075","Tụ nhôm","","22 uF","50 V","6.3x5.4mm | 4mm","","","SMD/Dán","","","","","1,000đ","1000","đ","","","Chiếc","VT-CHINA","CHINA","C-082","Linh kiện điện tử","Tụ nhôm - Tụ hóa dán","1612","986","https://linhkienchatluong.vn/urltu-nhom---tu-hoa-dan/tu-nhom-50v-22uf-63x54mm-chan-dan-smd_sp1612_ct986.aspx","https://linhkienchatluong.vn/Uploads/pic/prods/Linh-kien-dien-tu/63853780947292881850v22.jpg"
"673","23","Tụ nhôm 50V 10uF 6.3x5.4mm chân dán SMD","CLA1074","Tụ nhôm","","10 uF","50 V","6.3x5.4mm | 4mm","","","SMD/Dán","","","","","800đ","800","đ","","","Chiếc","VT-CHINA","CHINA","C-082","Linh kiện điện tử","Tụ nhôm - Tụ hóa dán","1612","985","https://linhkienchatluong.vn/urltu-nhom---tu-hoa-dan/tu-nhom-50v-10uf-63x54mm-chan-dan-smd_sp1612_ct985.aspx","https://linhkienchatluong.vn/Uploads/pic/prods/Linh-kien-dien-tu/63853780910398621650v10.jpg"
"674","23","Tụ nhôm 50V 4.7uF 4x5.4mm chân dán SMD (10 chiếc)","NM02280","Tụ nhôm","","4.7 uF","50 V","4x5.4mm | 4mm","","","SMD/Dán","10 chiếc","","","","9,000đ","9000","9,720đ","9720","Còn hàng","Dây (10 chiếc)","VT-CHINA","CHINA","C-082","Linh kiện điện tử","Tụ nhôm - Tụ hóa dán","1612","984","https://linhkienchatluong.vn/urltu-nhom---tu-hoa-dan/tu-nhom-50v-47uf-4x54mm-chan-dan-smd-10-chiec_sp1612_ct984.aspx","https://linhkienchatluong.vn/Uploads/pic/prods/Linh-kien-dien-tu/63853780762134246250v4.7.jpg"
"675","23","Tụ nhôm 50V 3.3uF 4x5.4mm chân dán SMD","CLA1072","Tụ nhôm","","3.3 uF","50 V","4x5.4mm | 4mm","","","SMD/Dán","","","","","1,000đ","1000","đ","","","Chiếc","VT-CHINA","CHINA","C-082","Linh kiện điện tử","Tụ nhôm - Tụ hóa dán","1612","983","https://linhkienchatluong.vn/urltu-nhom---tu-hoa-dan/tu-nhom-50v-33uf-4x54mm-chan-dan-smd_sp1612_ct983.aspx","https://linhkienchatluong.vn/Uploads/pic/prods/Linh-kien-dien-tu/63853796523181586750v3.3.jpg"
"676","23","Tụ nhôm 50V 2.2uF 4x5.4mm chân dán SMD","CLA1071","Tụ nhôm","","2.2 uF","50 V","4x5.4mm | 4mm","","","SMD/Dán","","","","","700đ","700","đ","","","Chiếc","VT-CHINA","CHINA","C-081","Linh kiện điện tử","Tụ nhôm - Tụ hóa dán","1612","982","https://linhkienchatluong.vn/urltu-nhom---tu-hoa-dan/tu-nhom-50v-22uf-4x54mm--chan-dan-smd_sp1612_ct982.aspx","https://linhkienchatluong.vn/Uploads/pic/prods/Linh-kien-dien-tu/63853710860668985150v2.2.jpg"
"677","23","Tụ nhôm 50V 1uF 4x5.5mm chân dán SMD","CLA1070","Tụ nhôm","","1 uF","50 V","4x5.5mm | 5mm","","","SMD/Dán","","","","","600đ","600","đ","","","Chiếc","VT-CHINA","CHINA","C-081","Linh kiện điện tử","Tụ nhôm - Tụ hóa dán","1612","981","https://linhkienchatluong.vn/urltu-nhom---tu-hoa-dan/tu-nhom-50v-1uf-4x55mm-chan-dan-smd_sp1612_ct981.aspx","https://linhkienchatluong.vn/Uploads/pic/prods/Linh-kien-dien-tu/63853710832272297750v1.jpg"
"678","23","Tụ nhôm 35V 470uF 10x10.5mm chân dán SMD","NM02449","Tụ nhôm","","470 uF","35 V","10x10.5mm | 5mm","","","SMD/Dán","","","","","2,200đ","2200","2,376đ","2376","Còn hàng","Chiếc","VT-CHINA","CHINA","C-081","Linh kiện điện tử","Tụ nhôm - Tụ hóa dán","1612","980","https://linhkienchatluong.vn/urltu-nhom---tu-hoa-dan/tu-nhom-35v-470uf-10x105mm-chan-dan-smd_sp1612_ct980.aspx","https://linhkienchatluong.vn/Uploads/pic/prods/Linh-kien-dien-tu/63853710776720982535v470.jpg"
"679","23","Tụ nhôm 35V 330uF 10x10.5mm chân dán SMD","CLA1067","Tụ nhôm","","330 uF","35 V","10x10.5mm | 5mm","","","SMD/Dán","","","","","2,500đ","2500","đ","","","Chiếc","VT-CHINA","CHINA","C-081","Linh kiện điện tử","Tụ nhôm - Tụ hóa dán","1612","979","https://linhkienchatluong.vn/urltu-nhom---tu-hoa-dan/tu-nhom-35v-330uf-10x105mm-chan-dan-smd_sp1612_ct979.aspx","https://linhkienchatluong.vn/Uploads/pic/prods/Linh-kien-dien-tu/63853710744393055135v330.jpg"
"680","23","Tụ nhôm 35V 100uF 6.3x7.7mm chân dán SMD","CLA1065","Tụ nhôm","","100 uF","35 V","6.3x7.7mm | 7mm","","","SMD/Dán","","","","","1,000đ","1000","đ","","","Chiếc","VT-CHINA","CHINA","C-080","Linh kiện điện tử","Tụ nhôm - Tụ hóa dán","1612","978","https://linhkienchatluong.vn/urltu-nhom---tu-hoa-dan/tu-nhom-35v-100uf-63x77mm-chan-dan-smd_sp1612_ct978.aspx","https://linhkienchatluong.vn/Uploads/pic/prods/Linh-kien-dien-tu/63853710524893575935v100.jpg"
"681","23","Tụ nhôm 35V 47uF 6.3x5.4mm chân dán SMD (10 chiếc)","NM02279","Tụ nhôm","","47 uF","35 V","6.3x5.4mm | 4mm","","","SMD/Dán","10 chiếc","","","","6,000đ","6000","6,480đ","6480","Còn hàng","Dây (10 chiếc)","VT-CHINA","CHINA","C-080","Linh kiện điện tử","Tụ nhôm - Tụ hóa dán","1612","977","https://linhkienchatluong.vn/urltu-nhom---tu-hoa-dan/tu-nhom-35v-47uf-63x54mm-chan-dan-smd-10-chiec_sp1612_ct977.aspx","https://linhkienchatluong.vn/Uploads/pic/prods/Linh-kien-dien-tu/63853710632248881435v47.jpg"
"682","23","Tụ nhôm 35V 22uF 6.3x5.4mm chân dán SMD","CLA1062","Tụ nhôm","","22 uF","35 V","6.3x5.4mm | 4mm","","","SMD/Dán","","","","","800đ","800","đ","","","Chiếc","VT-CHINA","CHINA","C-080","Linh kiện điện tử","Tụ nhôm - Tụ hóa dán","1612","976","https://linhkienchatluong.vn/urltu-nhom---tu-hoa-dan/tu-nhom-35v-22uf-63x54mm-chan-dan-smd_sp1612_ct976.aspx","https://linhkienchatluong.vn/Uploads/pic/prods/Linh-kien-dien-tu/63853710563397338235v22.jpg"
"683","23","Tụ nhôm 25V 2200uF 16x16.5mm chân dán SMD","CLA1059","Tụ nhôm","","2200 uF","25 V","16x16.5mm | 5mm","","","SMD/Dán","","","","","8,000đ","8000","đ","","","Chiếc","VT-CHINA","CHINA","C-079","Linh kiện điện tử","Tụ nhôm - Tụ hóa dán","1612","974","https://linhkienchatluong.vn/urltu-nhom---tu-hoa-dan/tu-nhom-25v-2200uf-16x165mm-chan-dan-smd_sp1612_ct974.aspx","https://linhkienchatluong.vn/Uploads/pic/prods/Linh-kien-dien-tu/63853710497903569525v2200.jpg"
"684","23","Tụ nhôm 25V 1000uF 12x13mm chân dán SMD","CLA1058","Tụ nhôm","","1000 uF","25 V","12x13mm","","","SMD/Dán","","","","","8,000đ","8000","đ","","","Chiếc","VT-CHINA","CHINA","C-079","Linh kiện điện tử","Tụ nhôm - Tụ hóa dán","1612","973","https://linhkienchatluong.vn/urltu-nhom---tu-hoa-dan/tu-nhom-25v-1000uf-12x13mm-chan-dan-smd_sp1612_ct973.aspx","https://linhkienchatluong.vn/Uploads/pic/prods/Linh-kien-dien-tu/63853710476602824625v1000.jpg"
"685","23","Tụ nhôm 25V 470uF 10x10.5mm chân dán SMD","NM02440","Tụ nhôm","","470 uF","25 V","10x10.5mm | 5mm","","","SMD/Dán","","","","","2,000đ","2000","2,160đ","2160","Còn hàng","Chiếc","VT-CHINA","CHINA","C-079","Linh kiện điện tử","Tụ nhôm - Tụ hóa dán","1612","972","https://linhkienchatluong.vn/urltu-nhom---tu-hoa-dan/tu-nhom-25v-470uf-10x105mm--chan-dan-smd_sp1612_ct972.aspx","https://linhkienchatluong.vn/Uploads/pic/prods/Linh-kien-dien-tu/63853796382536826525v470.jpg"
"686","23","Tụ nhôm 25V 330uF 8x10mm chân dán SMD","CLA1056","Tụ nhôm","","330 uF","25 V","8x10mm","","","SMD/Dán","","","","","1,600đ","1600","đ","","","Chiếc","VT-CHINA","CHINA","C-079","Linh kiện điện tử","Tụ nhôm - Tụ hóa dán","1612","971","https://linhkienchatluong.vn/urltu-nhom---tu-hoa-dan/tu-nhom-25v-330uf-8x10mm-chan-dan-smd_sp1612_ct971.aspx","https://linhkienchatluong.vn/Uploads/pic/prods/Linh-kien-dien-tu/63853710450820128725v330.jpg"
"687","23","Tụ nhôm 25V 220uF 8x10mm chân dán SMD","NM02277","Tụ nhôm","","220 uF","25 V","8x10mm","","","SMD/Dán","","","","","1,500đ","1500","1,620đ","1620","Còn hàng","Chiếc","VT-CHINA","CHINA","C-079","Linh kiện điện tử","Tụ nhôm - Tụ hóa dán","1612","970","https://linhkienchatluong.vn/urltu-nhom---tu-hoa-dan/tu-nhom-25v-220uf-8x10mm-chan-dan-smd_sp1612_ct970.aspx","https://linhkienchatluong.vn/Uploads/pic/prods/Linh-kien-dien-tu/63853780730817552425v220.jpg"
"688","23","Tụ nhôm 25V 100uF 6x7mm chân dán SMD","CLA1054","Tụ nhôm","","100 uF","25 V","6x7mm","","","SMD/Dán","","","","","1,000đ","1000","đ","","","Chiếc","VT-CHINA","CHINA","C-079","Linh kiện điện tử","Tụ nhôm - Tụ hóa dán","1612","969","https://linhkienchatluong.vn/urltu-nhom---tu-hoa-dan/tu-nhom-25v-100uf-6x7mm-chan-dan-smd_sp1612_ct969.aspx","https://linhkienchatluong.vn/Uploads/pic/prods/Linh-kien-dien-tu/63853710412474834625v100.jpg"
"689","23","Tụ nhôm 25V 22uF 5x5.4mm chân dán SMD","CLA1051","Tụ nhôm","","22 uF","25 V","5x5.4mm | 4mm","","","SMD/Dán","","","","","800đ","800","đ","","","Chiếc","VT-CHINA","CHINA","C-078","Linh kiện điện tử","Tụ nhôm - Tụ hóa dán","1612","968","https://linhkienchatluong.vn/urltu-nhom---tu-hoa-dan/tu-nhom-25v-22uf-5x54mm-chan-dan-smd_sp1612_ct968.aspx","https://linhkienchatluong.vn/Uploads/pic/prods/Linh-kien-dien-tu/63853702634157492725v22.jpg"
"690","23","Tụ nhôm 25V 10uF 4x5.5mm chân dán SMD","CLA1050","Tụ nhôm","","10 uF","25 V","4x5.5mm | 5mm","","","SMD/Dán","","","","","600đ","600","đ","","","Chiếc","VT-CHINA","CHINA","C-078","Linh kiện điện tử","Tụ nhôm - Tụ hóa dán","1612","967","https://linhkienchatluong.vn/urltu-nhom---tu-hoa-dan/tu-nhom-25v-10uf-4x55mm-chan-dan-smd_sp1612_ct967.aspx","https://linhkienchatluong.vn/Uploads/pic/prods/Linh-kien-dien-tu/63853702605319562325v10.jpg"
"691","24","Tụ nhôm 16V 1000uF 10x10.5mm chân dán SMD","CLA1049","Tụ nhôm","","1000 uF","16 V","10x10.5mm | 5mm","","","SMD/Dán","","","","","1,800đ","1800","đ","","","Chiếc","VT-CHINA","CHINA","C-078","Linh kiện điện tử","Tụ nhôm - Tụ hóa dán","1612","966","https://linhkienchatluong.vn/urltu-nhom---tu-hoa-dan/tu-nhom-16v-1000uf-10x105mm-chan-dan-smd_sp1612_ct966.aspx","https://linhkienchatluong.vn/Uploads/pic/prods/Linh-kien-dien-tu/6385604521044023271049.jpg"
"692","24","Tụ nhôm 16V 220uF 6.3x7.7mm chân dán SMD (10 chiếc)","NM02276","Tụ nhôm","","220 uF","16 V","6.3x7.7mm | 7mm","","","SMD/Dán","10 chiếc","","","","8,000đ","8000","8,640đ","8640","Còn hàng","Dây (10 chiếc)","VT-CHINA","CHINA","C-077","Linh kiện điện tử","Tụ nhôm - Tụ hóa dán","1612","964","https://linhkienchatluong.vn/urltu-nhom---tu-hoa-dan/tu-nhom-16v-220uf-63x77mm-chan-dan-smd-10-chiec_sp1612_ct964.aspx","https://linhkienchatluong.vn/Uploads/pic/prods/Linh-kien-dien-tu/63853702368757159816v220.jpg"
"693","24","Tụ nhôm 16V 100uF 6.3x5.4mm chân dán SMD","CLA1046","Tụ nhôm","","100 uF","16 V","6.3x5.4mm | 4mm","","","SMD/Dán","","","","","800đ","800","đ","","","Chiếc","VT-CHINA","CHINA","C-077","Linh kiện điện tử","Tụ nhôm - Tụ hóa dán","1612","963","https://linhkienchatluong.vn/urltu-nhom---tu-hoa-dan/tu-nhom-16v-100uf-63x54mm-chan-dan-smd_sp1612_ct963.aspx","https://linhkienchatluong.vn/Uploads/pic/prods/Linh-kien-dien-tu/63853702337786019916v100.jpg"
"694","24","Tụ nhôm 16V 47uF 5x5.5mm chân dán SMD","CLA1045","Tụ nhôm","","47 uF","16 V","5x5.5mm | 5mm","","","SMD/Dán","","","","","700đ","700","đ","","","Chiếc","VT-CHINA","CHINA","C-077","Linh kiện điện tử","Tụ nhôm - Tụ hóa dán","1612","962","https://linhkienchatluong.vn/urltu-nhom---tu-hoa-dan/tu-nhom-16v-47uf-5x55mm-chan-dan-smd_sp1612_ct962.aspx","https://linhkienchatluong.vn/Uploads/pic/prods/Linh-kien-dien-tu/63853702307604104216v47.jpg"
"695","24","Tụ nhôm 16V 22uF 4x5.4mm chân dán SMD","CLA1044","Tụ nhôm","","22 uF","16 V","4x5.4mm | 4mm","","","SMD/Dán","","","","","600đ","600","đ","","","Chiếc","VT-CHINA","CHINA","C-077","Linh kiện điện tử","Tụ nhôm - Tụ hóa dán","1612","961","https://linhkienchatluong.vn/urltu-nhom---tu-hoa-dan/tu-nhom-16v-22uf-4x54mm-chan-dan-smd_sp1612_ct961.aspx","https://linhkienchatluong.vn/Uploads/pic/prods/Linh-kien-dien-tu/63853702281619688916v22.jpg"
"696","24","Tụ nhôm 16V 10uF 4x5.4mm chân dán SMD (10 chiếc)","NM02275","Tụ nhôm","","10 uF","16 V","4x5.4mm | 4mm","","","SMD/Dán","10 chiếc","","","","5,000đ","5000","5,400đ","5400","Còn hàng","Dây (10 chiếc)","VT-CHINA","CHINA","C-076","Linh kiện điện tử","Tụ nhôm - Tụ hóa dán","1612","960","https://linhkienchatluong.vn/urltu-nhom---tu-hoa-dan/tu-nhom-16v-10uf-4x54mm-chan-dan-smd-10-chiec_sp1612_ct960.aspx","https://linhkienchatluong.vn/Uploads/pic/prods/Linh-kien-dien-tu/63853702252847602916v10.jpg"
"697","24","Tụ nhôm 10V 220uF 6.3x5.4mm chân dán SMD","CLA1042","Tụ nhôm","","220 uF","10 V","6.3x5.4mm | 4mm","","","SMD/Dán","","","","","800đ","800","đ","","","Chiếc","VT-CHINA","CHINA","C-076","Linh kiện điện tử","Tụ nhôm - Tụ hóa dán","1612","959","https://linhkienchatluong.vn/urltu-nhom---tu-hoa-dan/tu-nhom-10v-220uf-63x54mm-chan-dan-smd_sp1612_ct959.aspx","https://linhkienchatluong.vn/Uploads/pic/prods/Linh-kien-dien-tu/63853702200870657610v220.jpg"
"698","24","Tụ nhôm 6V 47uF 6.3x5.5mm chân dán SMD","CLA1035","Tụ nhôm","","47 uF","6 V","6.3x5.5mm | 5mm","","","SMD/Dán","","","","","400đ","400","đ","","","Chiếc","VT-CHINA","CHINA","C-075","Linh kiện điện tử","Tụ nhôm - Tụ hóa dán","1612","957","https://linhkienchatluong.vn/urltu-nhom---tu-hoa-dan/tu-nhom-6v-47uf-63x55mm-chan-dan-smd_sp1612_ct957.aspx","https://linhkienchatluong.vn/Uploads/pic/prods/Linh-kien-dien-tu/6385370200523433356v47.jpg"
"699","24","Tụ nhôm 10V 1000uF 8x10mm chân dán SMD","CLA1038","Tụ nhôm","","1000 uF","10 V","8x10mm","","","SMD/Dán","","","","","2,000đ","2000","đ","","","Chiếc","VT-CHINA","CHINA","C-076","Linh kiện điện tử","Tụ nhôm - Tụ hóa dán","1612","956","https://linhkienchatluong.vn/urltu-nhom---tu-hoa-dan/tu-nhom-10v-1000uf-8x10mm-chan-dan-smd_sp1612_ct956.aspx","https://linhkienchatluong.vn/Uploads/pic/prods/Linh-kien-dien-tu/6384099348474669471038.jpg"
"700","24","Tụ hóa 450V 47uF 16x20mm tần số cao","NM00623","","","47 uF","450 V","16x20mm","","","","","","","","5,000đ","5000","5,400đ","5400","Còn hàng","Chiếc","JCCON","CHINA","C-050","Linh kiện điện tử","Tụ hóa có phân cực","1611","955","https://linhkienchatluong.vn/urltu-hoa-co-phan-cuc/tu-hoa-450v-47uf-16x20mm-tan-so-cao_sp1611_ct955.aspx","https://linhkienchatluong.vn/Uploads/pic/prods/Linh-kien-dien-tu/6384730619414287481019.jpg"
"701","24","Tụ hóa 450V 10uF 10x17mm tần số cao","NM02335","","","10 uF","450 V","10x17mm","","","","","","","","2,000đ","2000","2,160đ","2160","Còn hàng","Chiếc","JCCON","Chính hãng","C-048","Linh kiện điện tử","Tụ hóa có phân cực","1611","954","https://linhkienchatluong.vn/urltu-hoa-co-phan-cuc/tu-hoa-450v-10uf-10x17mm-tan-so-cao_sp1611_ct954.aspx","https://linhkienchatluong.vn/Uploads/pic/prods/Linh-kien-dien-tu/6387211245233005221016.jpg"
"702","24","Tụ hóa 450V 4.7uF 10x13mm tần số cao","NM02311","","","4.7 uF","450 V","10x13mm","","","","","","","","1,200đ","1200","1,296đ","1296","Còn hàng","Chiếc","Đang cập nhật","Đang cập nhật","C-047","Linh kiện điện tử","Tụ hóa có phân cực","1611","953","https://linhkienchatluong.vn/urltu-hoa-co-phan-cuc/tu-hoa-450v-47uf-10x13mm-tan-so-cao_sp1611_ct953.aspx","https://linhkienchatluong.vn/Uploads/pic/prods/Linh-kien-dien-tu/6384731877244770371014.jpg"
"703","24","Tụ hóa 400V 47uF 16x25mm tần số cao","CLA1011","","","47 uF","400 V","16x25mm","","","","","","","","5,000đ","5000","đ","","","Chiếc","Đang cập nhật","Chính hãng","C-045","Linh kiện điện tử","Tụ hóa có phân cực","1611","952","https://linhkienchatluong.vn/urltu-hoa-co-phan-cuc/tu-hoa-400v-47uf-16x25mm-tan-so-cao_sp1611_ct952.aspx","https://linhkienchatluong.vn/Uploads/pic/prods/Linh-kien-dien-tu/6387546703623949001011.jpg"
"704","24","Tụ hóa 400V 10uF 10x17mm JCCON tần số cao","CLA1009","","","10 uF","400 V","10x17mm","","","","","","","","1,800đ","1800","đ","","","Chiếc","JCCON","Tháo máy","C-044","Linh kiện điện tử","Tụ hóa có phân cực","1611","951","https://linhkienchatluong.vn/urltu-hoa-co-phan-cuc/tu-hoa-400v-10uf-10x17mm-jccon-tan-so-cao_sp1611_ct951.aspx","https://linhkienchatluong.vn/Uploads/pic/prods/Linh-kien-dien-tu/6387548540064674441009.jpg"
"705","24","Tụ hóa 400V 2.2uF 8x12mm tần số cao (10 chiếc)","NM02269","","","2.2 uF","400 V","8x12mm","","","","10 chiếc","","","","7,000đ","7000","7,560đ","7560","Còn hàng","Túi (10 chiếc)","JCCON","CHINA","C-043","Linh kiện điện tử","Tụ hóa có phân cực","1611","950","https://linhkienchatluong.vn/urltu-hoa-co-phan-cuc/tu-hoa-400v-22uf-8x12mm-tan-so-cao-10-chiec_sp1611_ct950.aspx","https://linhkienchatluong.vn/Uploads/pic/prods/Linh-kien-dien-tu/638159653156346922z4229295531465_24b396ef11b329c5e7dc3c2642f72873.jpg"
"706","24","Tụ hóa 250V 100uF 16x25mm JCCON Audio tần số cao","CLA1002","","","100 uF","250 V","16x25mm","","","","","","","","5,500đ","5500","đ","","","Chiếc","JCCON","Chính hãng","C-040","Linh kiện điện tử","Tụ hóa có phân cực","1611","949","https://linhkienchatluong.vn/urltu-hoa-co-phan-cuc/tu-hoa-250v-100uf-16x25mm-jccon-audio-tan-so-cao_sp1611_ct949.aspx","https://linhkienchatluong.vn/Uploads/pic/prods/Linh-kien-dien-tu/6383228324413940431002.jpg"
"707","24","Tụ hóa 250V 10uF 8x12mm tần số cao","CLA1000","","","10 uF","250 V","8x12mm","","","","","","","","1,000đ","1000","đ","","","Chiếc","HYNCDZ","Chính hãng","C-040","Linh kiện điện tử","Tụ hóa có phân cực","1611","948","https://linhkienchatluong.vn/urltu-hoa-co-phan-cuc/tu-hoa-250v-10uf-8x12mm-tan-so-cao_sp1611_ct948.aspx","https://linhkienchatluong.vn/Uploads/pic/prods/Linh-kien-dien-tu/6381673803802280401000.jpg"
"708","24","Tụ hóa 63V 2200uF 18x35mm JCCON Audio tần số cao","NM00611","","","2200 uF","63 V","18x35mm","","","","","","","","9,000đ","9000","9,720đ","9720","","Chiếc","JCCON","Chính hãng","C-030","Linh kiện điện tử","Tụ hóa có phân cực","1611","947","https://linhkienchatluong.vn/urltu-hoa-co-phan-cuc/tu-hoa-63v-2200uf-18x35mm-jccon-audio-tan-so-cao_sp1611_ct947.aspx","https://linhkienchatluong.vn/Uploads/pic/prods/Linh-kien-dien-tu/638357404553851281z4885878018343_3fcec459b9176ef10cb889ab31cc7447.jpg"
"709","24","Tụ hóa 63V 1000uF 16x25mm tần số cao","NM00632","","","1000 uF","63 V","16x25mm","","","","","","","","4,500đ","4500","4,860đ","4860","","Chiếc","JCCON","Chính hãng","C-030","Linh kiện điện tử","Tụ hóa có phân cực","1611","946","https://linhkienchatluong.vn/urltu-hoa-co-phan-cuc/tu-hoa-63v-1000uf-16x25mm-tan-so-cao_sp1611_ct946.aspx","https://linhkienchatluong.vn/Uploads/pic/prods/Linh-kien-dien-tu/6384480087275225250992.jpg"
"710","24","Tụ hóa 63V 470uF 13x21mm tần số cao","NM02308","","","470 uF","63 V","13x21mm","","","","","","","","2,500đ","2500","2,700đ","2700","Còn hàng","Chiếc","JCCON","Đang cập nhật","C-029","Linh kiện điện tử","Tụ hóa có phân cực","1611","945","https://linhkienchatluong.vn/urltu-hoa-co-phan-cuc/tu-hoa-63v-470uf-13x21mm-tan-so-cao_sp1611_ct945.aspx","https://linhkienchatluong.vn/Uploads/pic/prods/Linh-kien-dien-tu/6384781546634424170990.jpg"
"711","24","Tụ hóa 10V 100uF 5x11mm","CLA0919","","","100 uF","10 V","5x11mm","","","","","","","","350đ","350","đ","","","Chiếc","Đang cập nhật","Đang cập nhật","C-002","Linh kiện điện tử","Tụ hóa có phân cực","1611","943","https://linhkienchatluong.vn/urltu-hoa-co-phan-cuc/tu-hoa-10v-100uf-5x11mm_sp1611_ct943.aspx","https://linhkienchatluong.vn/Uploads/pic/prods/Linh-kien-dien-tu/6384187297037231270919.jpg"
"712","24","Tụ hóa 50V 4700uF 22x35mm","NM02315","","","4700 uF","50 V","22x35mm","","","","","","","","10,000đ","10000","10,800đ","10800","Còn hàng","Chiếc","Đang cập nhật","Chính hãng","C-025","Linh kiện điện tử","Tụ hóa có phân cực","1611","942","https://linhkienchatluong.vn/urltu-hoa-co-phan-cuc/tu-hoa-50v-4700uf-22x35mm_sp1611_ct942.aspx","https://linhkienchatluong.vn/Uploads/pic/prods/Linh-kien-dien-tu/6382736151659299650982.jpg"
"713","24","Tụ hóa 50V 2200uF 16x31 tần số cao","CLA0980","","","2200 uF","50 V","","","","","","","","","5,200đ","5200","đ","","","Chiếc","JCCON","Đang cập nhật","C-024","Linh kiện điện tử","Tụ hóa có phân cực","1611","941","https://linhkienchatluong.vn/urltu-hoa-co-phan-cuc/tu-hoa-50v-2200uf-16x31-tan-so-cao_sp1611_ct941.aspx","https://linhkienchatluong.vn/Uploads/pic/prods/Linh-kien-dien-tu/6384480094223359630980.jpg"
"714","24","Tụ hóa 50V 1000uF 13x25mm tần số cao","NM00626","","","1000 uF","50 V","13x25mm","","","","","","","","3,000đ","3000","3,240đ","3240","","Chiếc","Đang cập nhật","Đang cập nhật","C-023","Linh kiện điện tử","Tụ hóa có phân cực","1611","940","https://linhkienchatluong.vn/urltu-hoa-co-phan-cuc/tu-hoa-50v-1000uf-13x25mm-tan-so-cao_sp1611_ct940.aspx","https://linhkienchatluong.vn/Uploads/pic/prods/Linh-kien-dien-tu/6384781523011938020979.jpg"
"715","24","Tụ hóa 50V 470uF 10x20mm tần số cao","NM02306","","","470 uF","50 V","10x20mm","","","","","","","","1,800đ","1800","1,944đ","1944","Còn hàng","Chiếc","Đang cập nhật","Đang cập nhật","C-022","Linh kiện điện tử","Tụ hóa có phân cực","1611","939","https://linhkienchatluong.vn/urltu-hoa-co-phan-cuc/tu-hoa-50v-470uf-10x20mm-tan-so-cao_sp1611_ct939.aspx","https://linhkienchatluong.vn/Uploads/pic/prods/Linh-kien-dien-tu/6384784375882648260977.jpg"
"716","24","Tụ hóa 50V 100uF 8x12mm tần số cao (10 chiếc)","NM02323","","","100 uF","50 V","8x12mm","","","","10 chiếc","","","","7,000đ","7000","7,560đ","7560","Còn hàng","Túi (10 chiếc)","Đang cập nhật","Đang cập nhật","C-021","Linh kiện điện tử","Tụ hóa có phân cực","1611","938","https://linhkienchatluong.vn/urltu-hoa-co-phan-cuc/tu-hoa-50v-100uf-8x12mm-tan-so-cao-10-chiec_sp1611_ct938.aspx","https://linhkienchatluong.vn/Uploads/pic/prods/Linh-kien-dien-tu/6384790866582271320974.jpg"
"717","24","Tụ hóa 50V 22uF 5x11mm tần số cao","CLA0971","","","22 uF","50 V","5x11mm","","","","","","","","450đ","450","đ","","","Chiếc","Đang cập nhật","Đang cập nhật","C-020","Linh kiện điện tử","Tụ hóa có phân cực","1611","937","https://linhkienchatluong.vn/urltu-hoa-co-phan-cuc/tu-hoa-50v-22uf-5x11mm-tan-so-cao_sp1611_ct937.aspx","https://linhkienchatluong.vn/Uploads/pic/prods/Linh-kien-dien-tu/6384781529433774030971.jpg"
"718","24","Tụ hóa 50V 10uF 5x11mm tần số cao (10 chiếc)o","NM02305","","","10 uF","50 V","5x11mm","","","","10 chiếc","","","","3,500đ","3500","3,780đ","3780","Còn hàng","Túi (10 chiếc)","JCCON","Đang cập nhật","C-019","Linh kiện điện tử","Tụ hóa có phân cực","1611","936","https://linhkienchatluong.vn/urltu-hoa-co-phan-cuc/tu-hoa-50v-10uf-5x11mm-tan-so-cao-10-chieco_sp1611_ct936.aspx","https://linhkienchatluong.vn/Uploads/pic/prods/Linh-kien-dien-tu/6384781520588192310970.jpg"
"719","24","Tụ hóa 50V 4.7uF 5x11mm tần số cao (10 chiếc)","NM00630","","","4.7 uF","50 V","5x11mm","","","","10 chiếc","","","","4,000đ","4000","4,320đ","4320","","Túi (10 chiếc)","JCCON","Chính hãng","C-019","Linh kiện điện tử","Tụ hóa có phân cực","1611","935","https://linhkienchatluong.vn/urltu-hoa-co-phan-cuc/tu-hoa-50v-47uf-5x11mm-tan-so-cao-10-chiec_sp1611_ct935.aspx","https://linhkienchatluong.vn/Uploads/pic/prods/Linh-kien-dien-tu/6384790858311337280969.jpg"
"720","24","Tụ hóa 50V 0.47uF 5x11mm","CLA0966","","","0.47 uF","50 V","5x11mm","","","","","","","","300đ","300","đ","","","Chiếc","Đang cập nhật","CHINA","C-018","Linh kiện điện tử","Tụ hóa có phân cực","1611","934","https://linhkienchatluong.vn/urltu-hoa-co-phan-cuc/tu-hoa-50v-047uf-5x11mm_sp1611_ct934.aspx","https://linhkienchatluong.vn/Uploads/pic/prods/Linh-kien-dien-tu/638314081742538677z4728488557362_ceac41e939d97e266aa9ec55087dd870.jpg"
"721","25","Tụ hóa 50V 0.33uF 5x11mm","CLA0965","","","0.33 uF","50 V","5x11mm","","","","","","","","300đ","300","đ","","","Chiếc","Đang cập nhật","Đang cập nhật","C-018","Linh kiện điện tử","Tụ hóa có phân cực","1611","933","https://linhkienchatluong.vn/urltu-hoa-co-phan-cuc/tu-hoa-50v-033uf-5x11mm_sp1611_ct933.aspx","https://linhkienchatluong.vn/Uploads/pic/prods/Linh-kien-dien-tu/6384730568291455430965.jpg"
"722","25","Tụ hóa 35V 4700uF 18x25mm tần số cao","NM02303","","","4700 uF","35 V","18x25mm","","","","","","","","7,000đ","7000","7,560đ","7560","Còn hàng","Chiếc","JCCON","Đang cập nhật","C-017","Linh kiện điện tử","Tụ hóa có phân cực","1611","932","https://linhkienchatluong.vn/urltu-hoa-co-phan-cuc/tu-hoa-35v-4700uf-18x25mm-tan-so-cao_sp1611_ct932.aspx","https://linhkienchatluong.vn/Uploads/pic/prods/Linh-kien-dien-tu/6386294595305552830962.jpg"
"723","25","Tụ hóa 35V 2200uF 13x25mm tần số cao","CLA0961","","","2200 uF","35 V","13x25mm","","","","","","","","3,200đ","3200","đ","","","Chiếc","JCCON","Đang cập nhật","C-016","Linh kiện điện tử","Tụ hóa có phân cực","1611","931","https://linhkienchatluong.vn/urltu-hoa-co-phan-cuc/tu-hoa-35v-2200uf-13x25mm-tan-so-cao_sp1611_ct931.aspx","https://linhkienchatluong.vn/Uploads/pic/prods/Linh-kien-dien-tu/6384843302539428840961.jpg"
"724","25","Tụ hóa 35V 470uF 10x17mm tần số cao","NM02301","","","470 uF","35 V","10x17mm","","","","","","","","1,200đ","1200","1,296đ","1296","Còn hàng","Chiếc","JCCON","CHINA","C-014","Linh kiện điện tử","Tụ hóa có phân cực","1611","930","https://linhkienchatluong.vn/urltu-hoa-co-phan-cuc/tu-hoa-35v-470uf-10x17mm-tan-so-cao_sp1611_ct930.aspx","https://linhkienchatluong.vn/Uploads/pic/prods/Linh-kien-dien-tu/6383160207991880750958.jpg"
"725","25","Tụ hóa 35V 220uF 8x12mm tần số cao (10 chiếc)","NM00627","","","220 uF","35 V","8x12mm","","","","10 chiếc","","","","7,000đ","7000","7,560đ","7560","","Túi (10 chiếc)","JCCON","Chính hãng","C-013","Linh kiện điện tử","Tụ hóa có phân cực","1611","929","https://linhkienchatluong.vn/urltu-hoa-co-phan-cuc/tu-hoa-35v-220uf-8x12mm-tan-so-cao-10-chiec_sp1611_ct929.aspx","https://linhkienchatluong.vn/Uploads/pic/prods/Linh-kien-dien-tu/6384843300067074050956.jpg"
"726","25","Tụ hóa 35V 100uF 6x11mm tần số cao (10 chiếc)","NM00619","","","100 uF","35 V","6x11mm","","","","10 chiếc","","","","5,000đ","5000","5,400đ","5400","","Túi (10 chiếc)","JCCON","Chính hãng","C-013","Linh kiện điện tử","Tụ hóa có phân cực","1611","928","https://linhkienchatluong.vn/urltu-hoa-co-phan-cuc/tu-hoa-35v-100uf-6x11mm-tan-so-cao-10-chiec_sp1611_ct928.aspx","https://linhkienchatluong.vn/Uploads/pic/prods/Linh-kien-dien-tu/6384782711952015810955.jpg"
"727","25","Tụ hóa 25V 4700uF 16x25mm tần số cao","CLA0953","","","4700 uF","25 V","16x25mm","","","","","","","","4,200đ","4200","đ","","","Chiếc","Đang cập nhật","Đang cập nhật","C-012","Linh kiện điện tử","Tụ hóa có phân cực","1611","927","https://linhkienchatluong.vn/urltu-hoa-co-phan-cuc/tu-hoa-25v-4700uf-16x25mm-tan-so-cao_sp1611_ct927.aspx","https://linhkienchatluong.vn/Uploads/pic/prods/Linh-kien-dien-tu/6384730575239201550953.jpg"
"728","25","Tụ hóa 25V 3300uF 13x25mm tần số cao","CLA0952","","","3300 uF","25 V","13x25mm","","","","","","","","3,000đ","3000","đ","","","Chiếc","JCCON","Đang cập nhật","C-012","Linh kiện điện tử","Tụ hóa có phân cực","1611","926","https://linhkienchatluong.vn/urltu-hoa-co-phan-cuc/tu-hoa-25v-3300uf-13x25mm-tan-so-cao_sp1611_ct926.aspx","https://linhkienchatluong.vn/Uploads/pic/prods/Linh-kien-dien-tu/6381673808147185660952.jpg"
"729","25","Tụ hóa 25V 2200uF 13x21mm tần số cao","NM00617","","","2200 uF","25 V","13x21mm","","","","","","","","2,400đ","2400","2,592đ","2592","","Chiếc","JCCON","Chính hãng","C-011","Linh kiện điện tử","Tụ hóa có phân cực","1611","925","https://linhkienchatluong.vn/urltu-hoa-co-phan-cuc/tu-hoa-25v-2200uf-13x21mm-tan-so-cao_sp1611_ct925.aspx","https://linhkienchatluong.vn/Uploads/pic/prods/Linh-kien-dien-tu/6384781550626915040950.jpg"
"730","25","Tụ hóa 25V 1000uF 10x17mm tần số cao","NM00625","","","1000 uF","25 V","10x17mm","","","","","","","","1,500đ","1500","1,620đ","1620","","Chiếc","JCCON","Chính hãng","C-011","Linh kiện điện tử","Tụ hóa có phân cực","1611","924","https://linhkienchatluong.vn/urltu-hoa-co-phan-cuc/tu-hoa-25v-1000uf-10x17mm-tan-so-cao_sp1611_ct924.aspx","https://linhkienchatluong.vn/Uploads/pic/prods/Linh-kien-dien-tu/6384782722270500560949.jpg"
"731","25","Tụ hóa 25V 470uF 8x12mm tần số cao (10 chiếc)","NM00618","","","470 uF","25 V","8x12mm","","","","10 chiếc","","","","8,000đ","8000","8,640đ","8640","Còn hàng","Túi (10 chiếc)","JCCON","Chính hãng","C-010","Linh kiện điện tử","Tụ hóa có phân cực","1611","923","https://linhkienchatluong.vn/urltu-hoa-co-phan-cuc/tu-hoa-25v-470uf-8x12mm-tan-so-cao-10-chiec_sp1611_ct923.aspx","https://linhkienchatluong.vn/Uploads/pic/prods/Chon-danh-muc/6390323016214223140947.jpg"
"732","25","Tụ hóa 25V 220uF 6x12mm tần số cao (10 chiếc)","NM02300","","","220 uF","25 V","6x12mm","","","","10 chiếc","","","","6,000đ","6000","6,480đ","6480","Còn hàng","Túi (10 chiếc)","JCCON","Đang cập nhật","C-009","Linh kiện điện tử","Tụ hóa có phân cực","1611","922","https://linhkienchatluong.vn/urltu-hoa-co-phan-cuc/tu-hoa-25v-220uf-6x12mm-tan-so-cao-10-chiec_sp1611_ct922.aspx","https://linhkienchatluong.vn/Uploads/pic/prods/Linh-kien-dien-tu/6384843296268372060945.jpg"
"733","25","Tụ hóa 25V 100uF 6x11mm tần số cao (10 chiếc)","NM02299","","","100 uF","25 V","6x11mm","","","","10 chiếc","","","","5,000đ","5000","5,400đ","5400","Còn hàng","Túi (10 chiếc)","JCCON","CHINA","C-009","Linh kiện điện tử","Tụ hóa có phân cực","1611","921","https://linhkienchatluong.vn/urltu-hoa-co-phan-cuc/tu-hoa-25v-100uf-6x11mm-tan-so-cao-10-chiec_sp1611_ct921.aspx","https://linhkienchatluong.vn/Uploads/pic/prods/Linh-kien-dien-tu/6384782707620871790944.jpg"
"734","25","Tụ hóa 25V 10uF 5x11mm","NM02324","","","10 uF","25 V","5x11mm","","","","","","","","3,000đ","3000","3,240đ","3240","Còn hàng","Túi (10 chiếc)","Đang cập nhật","CHINA","C-008","Linh kiện điện tử","Tụ hóa có phân cực","1611","920","https://linhkienchatluong.vn/urltu-hoa-co-phan-cuc/tu-hoa-25v-10uf-5x11mm_sp1611_ct920.aspx","https://linhkienchatluong.vn/Uploads/pic/prods/Linh-kien-dien-tu/6383149455819097500941.jpg"
"735","25","Tụ hóa 25V 47uF 5x11mm tần số cao (10 chiếc)","NM02328","","","47 uF","25 V","5x11mm","","","","10 chiếc","","","","4,000đ","4000","4,320đ","4320","Còn hàng","Túi (10 chiếc)","Đang cập nhật","Đang cập nhật","C-009","Linh kiện điện tử","Tụ hóa có phân cực","1611","919","https://linhkienchatluong.vn/urltu-hoa-co-phan-cuc/tu-hoa-25v-47uf-5x11mm-tan-so-cao-10-chiec_sp1611_ct919.aspx","https://linhkienchatluong.vn/Uploads/pic/prods/Linh-kien-dien-tu/6384731883630347080943.jpg"
"736","25","Tụ CBB 2000V 152J 1.52nF 0.0015uF 20mm","CLA1141","Tụ CBB","152J","1.52 nF | 0.0015 uF","2000 V","20mm","","J","","","","","","2,000đ","2000","đ","","","Chiếc","Đang cập nhật","CHINA","C-096","Linh kiện điện tử","Tụ CBB - Tụ Kẹo","459","918","https://linhkienchatluong.vn/urltu-cbb---tu-keo/tu-cbb-2000v-152j-152nf-00015uf-20mm_sp459_ct918.aspx","https://linhkienchatluong.vn/Uploads/pic/prods/Linh-kien-dien-tu/6382589249814084861141.jpg"
"737","25","Tụ CBB 1600V 682J 6.8nF 0.0068uF 15mm","CLA1138","Tụ CBB","682J","6.8 nF | 0.0068 uF","1600 V","15mm","","J","","","","","","1,800đ","1800","đ","","","Chiếc","Đang cập nhật","Chính hãng","C-095","Linh kiện điện tử","Tụ CBB - Tụ Kẹo","459","917","https://linhkienchatluong.vn/urltu-cbb---tu-keo/tu-cbb-1600v-682j-68nf-00068uf-15mm_sp459_ct917.aspx","https://linhkienchatluong.vn/Uploads/pic/prods/Linh-kien-dien-tu/6382589390345372671138.jpg"
"738","25","Tụ CBB 630V 474J 470nF 0.47uF 20mm","NM02171","Tụ CBB","474J","470 nF | 0.47 uF","630 V","20mm","","J","","","","","","2,000đ","2000","2,160đ","2160","Còn hàng","Chiếc","CHINA","CHINA","C-093","Linh kiện điện tử","Tụ CBB - Tụ Kẹo","459","915","https://linhkienchatluong.vn/urltu-cbb---tu-keo/tu-cbb-630v-474j-470nf-047uf-20mm_sp459_ct915.aspx","https://linhkienchatluong.vn/Uploads/pic/prods/Linh-kien-dien-tu/6382589377086541491131.jpg"
"739","25","Tụ CBB 630V 473J 47nF 0.047uF 10mm (10 chiếc)","NM00640","Tụ CBB","473J","47 nF | 0.047 uF","630 V","10mm","","J","","10 chiếc","","","","8,000đ","8000","8,640đ","8640","Còn hàng","Túi (10 chiếc)","CHINA","CHINA","C-092","Linh kiện điện tử","Tụ CBB - Tụ Kẹo","459","914","https://linhkienchatluong.vn/urltu-cbb---tu-keo/tu-cbb-630v-473j-47nf-0047uf-10mm-10-chiec_sp459_ct914.aspx","https://linhkienchatluong.vn/Uploads/pic/prods/Linh-kien-dien-tu/6382605353242859571127.jpg"
"740","25","Tụ CBB 630V 472J 4.7nF 0.0047uF 10mm","CLA1122","Tụ CBB","472J","4.7 nF | 0.0047 uF","630 V","10mm","","J","","","","","","1,000đ","1000","đ","","","Chiếc","Đang cập nhật","Chính hãng","C-092","Linh kiện điện tử","Tụ CBB - Tụ Kẹo","459","913","https://linhkienchatluong.vn/urltu-cbb---tu-keo/tu-cbb-630v-472j-47nf-00047uf-10mm_sp459_ct913.aspx","https://linhkienchatluong.vn/Uploads/pic/prods/Linh-kien-dien-tu/6382605350643125251122.jpg"
"741","25","Tụ CBB 630V 222J 2.2nF 0.0022uF 10mm","CLA1121","Tụ CBB","222J","2.2 nF | 0.0022 uF","630 V","10mm","","J","","","","","","1,000đ","1000","đ","","","Chiếc","Đang cập nhật","Chính hãng","C-091","Linh kiện điện tử","Tụ CBB - Tụ Kẹo","459","912","https://linhkienchatluong.vn/urltu-cbb---tu-keo/tu-cbb-630v-222j-22nf-00022uf-10mm_sp459_ct912.aspx","https://linhkienchatluong.vn/Uploads/pic/prods/Linh-kien-dien-tu/6382605348567853981121.jpg"
"742","25","Tụ CBB 630V 104J 100nF 0.1uF 15mm","NM02776","Tụ CBB","104J","100 nF | 0.1 uF","630 V","15mm","","J","","","","","","1,000đ","1000","1,080đ","1080","Còn hàng","Chiếc","CHINA","CHINA","C-093","Linh kiện điện tử","Tụ CBB - Tụ Kẹo","459","911","https://linhkienchatluong.vn/urltu-cbb---tu-keo/tu-cbb-630v-104j-100nf-01uf-15mm-_sp459_ct911.aspx","https://linhkienchatluong.vn/Uploads/pic/prods/Linh-kien-dien-tu/6382589381853607611128.jpg"
"743","25","Tụ CBB 630V 102J 1nF 0.001uF 10mm","CLA1120","Tụ CBB","102J","1 nF | 0.001 uF","630 V","10mm","","J","","","","","","1,000đ","1000","đ","","","Chiếc","CHINA","Đang cập nhật","C-091","Linh kiện điện tử","Tụ CBB - Tụ Kẹo","459","910","https://linhkienchatluong.vn/urltu-cbb---tu-keo/tu-cbb-630v-102j-1nf-0001uf-10mm_sp459_ct910.aspx","https://linhkienchatluong.vn/Uploads/pic/prods/Linh-kien-dien-tu/6382563092496065131120.jpg"
"744","25","Tụ CBB 400V 474J 470nF 0.47uF 15mm","NM01065","Tụ CBB","474J","470 nF | 0.47 uF","400 V","15mm","","J","","","","","","1,500đ","1500","1,620đ","1620","","Chiếc","CHINA","CHINA","C-089","Linh kiện điện tử","Tụ CBB - Tụ Kẹo","459","908","https://linhkienchatluong.vn/urltu-cbb---tu-keo/tu-cbb-400v-474j-470nf-047uf-15mm_sp459_ct908.aspx","https://linhkienchatluong.vn/Uploads/pic/prods/Linh-kien-dien-tu/6382589388283649991111.jpg"
"745","25","Tụ CBB 400V 334J 330nF 0.33uF 15mm","CLA1110","Tụ CBB","334J","330 nF | 0.33 uF","400 V","15mm","","J","","","","","","1,400đ","1400","đ","","","Chiếc","CHINA","CHINA","C-089","Linh kiện điện tử","Tụ CBB - Tụ Kẹo","459","907","https://linhkienchatluong.vn/urltu-cbb---tu-keo/tu-cbb-400v-334j-330nf-033uf-15mm-_sp459_ct907.aspx","https://linhkienchatluong.vn/Uploads/pic/prods/Linh-kien-dien-tu/6382589391793069911110.jpg"
"746","25","Tụ CBB 400V 105J 1uF 20mm","NM00639","Tụ CBB","105J","1 uF","400 V","20mm","","J","","","","","","1,500đ","1500","1,620đ","1620","","Chiếc","CHINA","CHINA","C-089","Linh kiện điện tử","Tụ CBB - Tụ Kẹo","459","906","https://linhkienchatluong.vn/urltu-cbb---tu-keo/tu-cbb-400v-105j-1uf-20mm_sp459_ct906.aspx","https://linhkienchatluong.vn/Uploads/pic/prods/Linh-kien-dien-tu/6380436947340346521114.jpg"
"747","25","Tụ CBB 400V 103J 10nF 0.01uF 10mm","CLA1102","Tụ CBB","103J","10 nF | 0.01 uF","400 V","10mm","","J","","","","","","1,000đ","1000","đ","","","Chiếc","CHINA","Đang cập nhật","C-087","Linh kiện điện tử","Tụ CBB - Tụ Kẹo","459","905","https://linhkienchatluong.vn/urltu-cbb---tu-keo/tu-cbb-400v-103j-10nf-001uf-10mm_sp459_ct905.aspx","https://linhkienchatluong.vn/Uploads/pic/prods/Linh-kien-dien-tu/6382563127738963641102.jpg"
"748","25","Tụ CBB 250V 105J 1uF 15mm","NM00646","Tụ CBB","105J","1 uF","250 V","15mm","","J","","","","","","1,500đ","1500","1,620đ","1620","Còn hàng","Chiếc","CHINA","CHINA","C-087","Linh kiện điện tử","Tụ CBB - Tụ Kẹo","459","904","https://linhkienchatluong.vn/urltu-cbb---tu-keo/tu-cbb-250v-105j-1uf-15mm_sp459_ct904.aspx","https://linhkienchatluong.vn/Uploads/pic/prods/Linh-kien-dien-tu/6382605355953410251100.jpg"
"749","25","Tụ CBB 250V 104J 100nF 0.1uF 10mm","NM02168","Tụ CBB","104J","100 nF | 0.1 uF","250 V","10mm","","J","","","","","","1,000đ","1000","1,080đ","1080","Còn hàng","Chiếc","CHINA","CHINA","C-087","Linh kiện điện tử","Tụ CBB - Tụ Kẹo","459","903","https://linhkienchatluong.vn/urltu-cbb---tu-keo/tu-cbb-250v-104j-100nf-01uf-10mm_sp459_ct903.aspx","https://linhkienchatluong.vn/Uploads/pic/prods/Linh-kien-dien-tu/6382589287632339551099.jpg"
"750","25","Tụ CBB 100V 683J 68nF 0.068uF 5mm","CLA1095","Tụ CBB","683J","68 nF | 0.068 uF","100 V","5mm","","J","","","","","","1,000đ","1000","đ","","","Chiếc","Đang cập nhật","CHINA","C-086","Linh kiện điện tử","Tụ CBB - Tụ Kẹo","459","902","https://linhkienchatluong.vn/urltu-cbb---tu-keo/tu-cbb-100v-683j-68nf-0068uf-5mm_sp459_ct902.aspx","https://linhkienchatluong.vn/Uploads/pic/prods/Linh-kien-dien-tu/6382589285221432361095.jpg"
"751","26","Tụ CBB 100V 473J 47nF 0.047uF 5mm","CLA1094","Tụ CBB","473J","47 nF | 0.047 uF","100 V","5mm","","J","","","","","","800đ","800","đ","","","Chiếc","CHINA","Đang cập nhật","C-086","Linh kiện điện tử","Tụ CBB - Tụ Kẹo","459","901","https://linhkienchatluong.vn/urltu-cbb---tu-keo/tu-cbb-100v-473j-47nf-0047uf-5mm_sp459_ct901.aspx","https://linhkienchatluong.vn/Uploads/pic/prods/Linh-kien-dien-tu/6386294608147703181094.jpg"
"752","26","Tụ CBB 100V 333J 33nF 0.033uF 5mm","CLA1093","Tụ CBB","333J","33 nF | 0.033 uF","100 V","5mm","","J","","","","","","1,000đ","1000","đ","","","Chiếc","Đang cập nhật","Chính hãng","C-085","Linh kiện điện tử","Tụ CBB - Tụ Kẹo","459","900","https://linhkienchatluong.vn/urltu-cbb---tu-keo/tu-cbb-100v-333j-33nf-0033uf-5mm_sp459_ct900.aspx","https://linhkienchatluong.vn/Uploads/pic/prods/Linh-kien-dien-tu/6382605552919139781093.jpg"
"753","26","Tụ CBB 100V 223J 22nF 0.022uF 5mm","CLA1092","Tụ CBB","223J","22 nF | 0.022 uF","100 V","5mm","","J","","","","","","700đ","700","đ","","","Chiếc","CHINA","Đang cập nhật","C-085","Linh kiện điện tử","Tụ CBB - Tụ Kẹo","459","899","https://linhkienchatluong.vn/urltu-cbb---tu-keo/tu-cbb-100v-223j-22nf-0022uf-5mm_sp459_ct899.aspx","https://linhkienchatluong.vn/Uploads/pic/prods/Linh-kien-dien-tu/6382563116265777151092.jpg"
"754","26","Tụ CBB 100V 222J 2200pF 2.2nF 5mm","CLA1087","Tụ CBB","222J","2200 pF | 2.2 nF","100 V","5mm","","J","","","","","","700đ","700","đ","","","Chiếc","CHINA","Đang cập nhật","C-084","Linh kiện điện tử","Tụ CBB - Tụ Kẹo","459","898","https://linhkienchatluong.vn/urltu-cbb---tu-keo/tu-cbb-100v-222j-2200pf-22nf-5mm_sp459_ct898.aspx","https://linhkienchatluong.vn/Uploads/pic/prods/Linh-kien-dien-tu/6382563109715829241087.jpg"
"755","26","Tụ CBB 100V 105J 1uF 7.5mm","CLA1098","Tụ CBB","105J","1 uF","100 V","7.5mm","","J","","","","","","2,200đ","2200","đ","","","Chiếc","CHINA","Đang cập nhật","C-086","Linh kiện điện tử","Tụ CBB - Tụ Kẹo","459","897","https://linhkienchatluong.vn/urltu-cbb---tu-keo/tu-cbb-100v-105j-1uf-75mm_sp459_ct897.aspx","https://linhkienchatluong.vn/Uploads/pic/prods/Linh-kien-dien-tu/6382563126391798731098.jpg"
"756","26","Tụ CBB 100V 103J 10nF 0.01uF 5mm","CLA1090","Tụ CBB","103J","10 nF | 0.01 uF","100 V","5mm","","J","","","","","","700đ","700","đ","","","Chiếc","CHINA","Đang cập nhật","C-085","Linh kiện điện tử","Tụ CBB - Tụ Kẹo","459","896","https://linhkienchatluong.vn/urltu-cbb---tu-keo/tu-cbb-100v-103j-10nf-001uf-5mm_sp459_ct896.aspx","https://linhkienchatluong.vn/Uploads/pic/prods/Linh-kien-dien-tu/6382563111244620761090.jpg"
"757","26","Tụ CBB 100V 102J 1000pF 1nF 5mm","CLA1086","Tụ CBB","102J","1000 pF | 1 nF","100 V","5mm","","J","","","","","","700đ","700","đ","","","Chiếc","CHINA","Đang cập nhật","C-084","Linh kiện điện tử","Tụ CBB - Tụ Kẹo","459","895","https://linhkienchatluong.vn/urltu-cbb---tu-keo/tu-cbb-100v-102j-1000pf-1nf-5mm_sp459_ct895.aspx","https://linhkienchatluong.vn/Uploads/pic/prods/Linh-kien-dien-tu/6382563105857526121086.jpg"
"758","26","Tụ CBB 100V 101J 100pF 0.1nF 5mm","CLA1083","Tụ CBB","101J","100 pF | 0.1 nF","100 V","5mm","","J","","","","","","1,000đ","1000","đ","","","Chiếc","CHINA","Đang cập nhật","C-084","Linh kiện điện tử","Tụ CBB - Tụ Kẹo","459","894","https://linhkienchatluong.vn/urltu-cbb---tu-keo/tu-cbb-100v-101j-100pf-01nf-5mm_sp459_ct894.aspx","https://linhkienchatluong.vn/Uploads/pic/prods/Linh-kien-dien-tu/6382563103335949721083.jpg"
"759","26","Tụ hóa 16V 1000uF 10x17mm tần số cao","NM02298","","","1000 uF","16 V","10x17mm","","","","","","","","1,500đ","1500","1,620đ","1620","Còn hàng","Chiếc","JCCON","Đang cập nhật","C-005","Linh kiện điện tử","Tụ hóa có phân cực","1611","833","https://linhkienchatluong.vn/urltu-hoa-co-phan-cuc/tu-hoa-16v-1000uf-10x17mm-tan-so-cao_sp1611_ct833.aspx","https://linhkienchatluong.vn/Uploads/pic/prods/Linh-kien-dien-tu/6384784365905139420934.jpg"
"760","26","Tụ hóa 16V 470uF 8x12mm tần số cao","CLA0932","","","470 uF","16 V","8x12mm","","","","","","","","700đ","700","đ","","","Chiếc","JCCON","Đang cập nhật","C-004","Linh kiện điện tử","Tụ hóa có phân cực","1611","832","https://linhkienchatluong.vn/urltu-hoa-co-phan-cuc/tu-hoa-16v-470uf-8x12mm-tan-so-cao_sp1611_ct832.aspx","https://linhkienchatluong.vn/Uploads/pic/prods/Linh-kien-dien-tu/6384782696989411760932.jpg"
"761","26","Tụ hóa 16V 330uF 6x12mm tần số cao","NM02297","","","330 uF","16 V","6x12mm","","","","","","","","5,000đ","5000","5,400đ","5400","Còn hàng","Túi (10 chiếc)","Đang cập nhật","Đang cập nhật","C-004","Linh kiện điện tử","Tụ hóa có phân cực","1611","831","https://linhkienchatluong.vn/urltu-hoa-co-phan-cuc/tu-hoa-16v-330uf-6x12mm-tan-so-cao_sp1611_ct831.aspx","https://linhkienchatluong.vn/Uploads/pic/prods/Linh-kien-dien-tu/6387548535377243660931.jpg"
"762","26","Tụ hóa 16V 220uF 6x11mm tần số cao (10 chiếc)","NM02296","","","220 uF","16 V","6x11mm","","","","10 chiếc","","","","4,000đ","4000","4,320đ","4320","Còn hàng","Túi (10 chiếc)","JCCON","Đang cập nhật","C-003","Linh kiện điện tử","Tụ hóa có phân cực","1611","830","https://linhkienchatluong.vn/urltu-hoa-co-phan-cuc/tu-hoa-16v-220uf-6x11mm-tan-so-cao-10-chiec_sp1611_ct830.aspx","https://linhkienchatluong.vn/Uploads/pic/prods/Linh-kien-dien-tu/6384782693189562820930.jpg"
"763","26","Tụ hóa 16V 100uF 5x11mm tần số cao (10 chiếc)","NM00631","","","100 uF","16 V","5x11mm","","","","10 chiếc","","","","3,000đ","3000","3,240đ","3240","","Túi (10 chiếc)","JCCON","Chính hãng","C-003","Linh kiện điện tử","Tụ hóa có phân cực","1611","829","https://linhkienchatluong.vn/urltu-hoa-co-phan-cuc/tu-hoa-16v-100uf-5x11mm-tan-so-cao-10-chiec_sp1611_ct829.aspx","https://linhkienchatluong.vn/Uploads/pic/prods/Linh-kien-dien-tu/6381673818265548430929.jpg"
"764","26","Tụ hóa 10V 3300uF 10x20mm tần số cao","NM00628","","","3300 uF","10 V","10x20mm","","","","","","","","1,800đ","1800","1,944đ","1944","Còn hàng","Chiếc","JCCON","Chính hãng","C-003","Linh kiện điện tử","Tụ hóa có phân cực","1611","828","https://linhkienchatluong.vn/urltu-hoa-co-phan-cuc/tu-hoa-10v-3300uf-10x20mm-tan-so-cao_sp1611_ct828.aspx","https://linhkienchatluong.vn/Uploads/pic/prods/Linh-kien-dien-tu/6383228359835457060924.jpg"
"765","26","Tụ hóa 10V 2200uF 10x17mm tần số cao","CLA0923","","","2200 uF","10 V","10x17mm","","","","","","","","1,500đ","1500","đ","","","Chiếc","JCCON","Chính hãng","C-003","Linh kiện điện tử","Tụ hóa có phân cực","1611","827","https://linhkienchatluong.vn/urltu-hoa-co-phan-cuc/tu-hoa-10v-2200uf-10x17mm-tan-so-cao_sp1611_ct827.aspx","https://linhkienchatluong.vn/Uploads/pic/prods/Linh-kien-dien-tu/6381673805215079890923.jpg"
"766","26","Tụ hóa 10V 1000uF 8x12mm tần số cao (10 chiếc)","NM02321","","","1000 uF","10 V","8x12mm","","","","10 chiếc","","","","8,000đ","8000","8,640đ","8640","Còn hàng","Túi (10 chiếc)","JCCON","Đang cập nhật","C-002","Linh kiện điện tử","Tụ hóa có phân cực","1611","826","https://linhkienchatluong.vn/urltu-hoa-co-phan-cuc/tu-hoa-10v-1000uf-8x12mm-tan-so-cao-10-chiec_sp1611_ct826.aspx","https://linhkienchatluong.vn/Uploads/pic/prods/Linh-kien-dien-tu/6387548533116603210922.jpg"
"767","26","Tụ hóa 6.3V 1000uF 8x12mm tần số cao","CLA0915","","","1000 uF","6.3 V","8x12mm","","","","","","","","1,000đ","1000","đ","","","Chiếc","Đang cập nhật","Chính hãng","C-001","Linh kiện điện tử","Tụ hóa có phân cực","1611","823","https://linhkienchatluong.vn/urltu-hoa-co-phan-cuc/tu-hoa-63v-1000uf-8x12mm-tan-so-cao_sp1611_ct823.aspx","https://linhkienchatluong.vn/Uploads/pic/prods/Linh-kien-dien-tu/6379468694853789140915.jpg"