This is pdfTeX, Version 3.141592653-2.6-1.40.29 (MiKTeX 26.2) (preloaded format=pdflatex 2026.4.9)  23 APR 2026 01:06
entering extended mode
 restricted \write18 enabled.
 file:line:error style messages enabled.
 %&-line parsing enabled.
**e:/anmh1205/IoT_Vehicle_Tracking_System/resources/reports/thesis/final/thesis
-final-report-condensed.tex

(e:/anmh1205/IoT_Vehicle_Tracking_System/resources/reports/thesis/final/thesis-
final-report-condensed.tex
LaTeX2e <2025-11-01>
L3 programming layer <2026-01-19>

(C:\Users\Admin\AppData\Local\Programs\MiKTeX\tex/latex/extsizes\extarticle.cls
Document Class: extarticle 1996/10/08 v1.0 Non Standard LaTeX document class
(C:\Users\Admin\AppData\Local\Programs\MiKTeX\tex/latex/base\size10.clo
File: size10.clo 2025/01/22 v1.4n Standard LaTeX file (size option)
)
(C:\Users\Admin\AppData\Local\Programs\MiKTeX\tex/latex/base\exscale.sty
Package: exscale 2025/06/05 v2.1i Standard LaTeX package exscale
LaTeX Font Info:    Redeclaring symbol font `largesymbols' on input line 57.
LaTeX Font Info:    Overwriting symbol font `largesymbols' in version `normal'
(Font)                  OMX/cmex/m/n --> OMX/cmex/m/n on input line 57.
LaTeX Font Info:    Overwriting symbol font `largesymbols' in version `bold'
(Font)                  OMX/cmex/m/n --> OMX/cmex/m/n on input line 57.
\big@size=\dimen148
)
\c@part=\count275
\c@section=\count276
\c@subsection=\count277
\c@subsubsection=\count278
\c@paragraph=\count279
\c@subparagraph=\count280
\c@figure=\count281
\c@table=\count282
\abovecaptionskip=\skip49
\belowcaptionskip=\skip50
\bibindent=\dimen149
)
(C:\Users\Admin\AppData\Local\Programs\MiKTeX\tex/latex/base\fix-cm.sty
Package: fix-cm 2020/11/24 v1.1t fixes to LaTeX

(C:\Users\Admin\AppData\Local\Programs\MiKTeX\tex/latex/base\ts1enc.def
File: ts1enc.def 2001/06/05 v3.0e (jk/car/fm) Standard LaTeX file
LaTeX Font Info:    Redeclaring font encoding TS1 on input line 47.
LaTeX Encoding Info:    Redeclaring text command \capitalcedilla (encoding TS1)
 on input line 49.
LaTeX Encoding Info:    Redeclaring text command \capitalogonek (encoding TS1) 
on input line 52.
LaTeX Encoding Info:    Redeclaring text command \capitalgrave (encoding TS1) o
n input line 55.
LaTeX Encoding Info:    Redeclaring text command \capitalacute (encoding TS1) o
n input line 56.
LaTeX Encoding Info:    Redeclaring text command \capitalcircumflex (encoding T
S1) on input line 57.
LaTeX Encoding Info:    Redeclaring text command \capitaltilde (encoding TS1) o
n input line 58.
LaTeX Encoding Info:    Redeclaring text command \capitaldieresis (encoding TS1
) on input line 59.
LaTeX Encoding Info:    Redeclaring text command \capitalhungarumlaut (encoding
 TS1) on input line 60.
LaTeX Encoding Info:    Redeclaring text command \capitalring (encoding TS1) on
 input line 61.
LaTeX Encoding Info:    Redeclaring text command \capitalcaron (encoding TS1) o
n input line 62.
LaTeX Encoding Info:    Redeclaring text command \capitalbreve (encoding TS1) o
n input line 63.
LaTeX Encoding Info:    Redeclaring text command \capitalmacron (encoding TS1) 
on input line 64.
LaTeX Encoding Info:    Redeclaring text command \capitaldotaccent (encoding TS
1) on input line 65.
LaTeX Encoding Info:    Redeclaring text command \t (encoding TS1) on input lin
e 66.
LaTeX Encoding Info:    Redeclaring text command \capitaltie (encoding TS1) on 
input line 67.
LaTeX Encoding Info:    Redeclaring text command \newtie (encoding TS1) on inpu
t line 68.
LaTeX Encoding Info:    Redeclaring text command \capitalnewtie (encoding TS1) 
on input line 69.
LaTeX Encoding Info:    Redeclaring text symbol \textcapitalcompwordmark (encod
ing TS1) on input line 70.
LaTeX Encoding Info:    Redeclaring text symbol \textascendercompwordmark (enco
ding TS1) on input line 71.
LaTeX Encoding Info:    Redeclaring text symbol \textquotestraightbase (encodin
g TS1) on input line 72.
LaTeX Encoding Info:    Redeclaring text symbol \textquotestraightdblbase (enco
ding TS1) on input line 73.
LaTeX Encoding Info:    Redeclaring text symbol \texttwelveudash (encoding TS1)
 on input line 74.
LaTeX Encoding Info:    Redeclaring text symbol \textthreequartersemdash (encod
ing TS1) on input line 75.
LaTeX Encoding Info:    Redeclaring text symbol \textleftarrow (encoding TS1) o
n input line 76.
LaTeX Encoding Info:    Redeclaring text symbol \textrightarrow (encoding TS1) 
on input line 77.
LaTeX Encoding Info:    Redeclaring text symbol \textblank (encoding TS1) on in
put line 78.
LaTeX Encoding Info:    Redeclaring text symbol \textdollar (encoding TS1) on i
nput line 79.
LaTeX Encoding Info:    Redeclaring text symbol \textquotesingle (encoding TS1)
 on input line 80.
LaTeX Encoding Info:    Redeclaring text command \textasteriskcentered (encodin
g TS1) on input line 81.
LaTeX Encoding Info:    Redeclaring text symbol \textdblhyphen (encoding TS1) o
n input line 92.
LaTeX Encoding Info:    Redeclaring text symbol \textfractionsolidus (encoding 
TS1) on input line 93.
LaTeX Encoding Info:    Redeclaring text symbol \textzerooldstyle (encoding TS1
) on input line 94.
LaTeX Encoding Info:    Redeclaring text symbol \textoneoldstyle (encoding TS1)
 on input line 95.
LaTeX Encoding Info:    Redeclaring text symbol \texttwooldstyle (encoding TS1)
 on input line 96.
LaTeX Encoding Info:    Redeclaring text symbol \textthreeoldstyle (encoding TS
1) on input line 97.
LaTeX Encoding Info:    Redeclaring text symbol \textfouroldstyle (encoding TS1
) on input line 98.
LaTeX Encoding Info:    Redeclaring text symbol \textfiveoldstyle (encoding TS1
) on input line 99.
LaTeX Encoding Info:    Redeclaring text symbol \textsixoldstyle (encoding TS1)
 on input line 100.
LaTeX Encoding Info:    Redeclaring text symbol \textsevenoldstyle (encoding TS
1) on input line 101.
LaTeX Encoding Info:    Redeclaring text symbol \texteightoldstyle (encoding TS
1) on input line 102.
LaTeX Encoding Info:    Redeclaring text symbol \textnineoldstyle (encoding TS1
) on input line 103.
LaTeX Encoding Info:    Redeclaring text symbol \textlangle (encoding TS1) on i
nput line 104.
LaTeX Encoding Info:    Redeclaring text symbol \textminus (encoding TS1) on in
put line 105.
LaTeX Encoding Info:    Redeclaring text symbol \textrangle (encoding TS1) on i
nput line 106.
LaTeX Encoding Info:    Redeclaring text symbol \textmho (encoding TS1) on inpu
t line 107.
LaTeX Encoding Info:    Redeclaring text symbol \textbigcircle (encoding TS1) o
n input line 108.
LaTeX Encoding Info:    Redeclaring text command \textcircled (encoding TS1) on
 input line 109.
LaTeX Encoding Info:    Redeclaring text symbol \textohm (encoding TS1) on inpu
t line 115.
LaTeX Encoding Info:    Redeclaring text symbol \textlbrackdbl (encoding TS1) o
n input line 116.
LaTeX Encoding Info:    Redeclaring text symbol \textrbrackdbl (encoding TS1) o
n input line 117.
LaTeX Encoding Info:    Redeclaring text symbol \textuparrow (encoding TS1) on 
input line 118.
LaTeX Encoding Info:    Redeclaring text symbol \textdownarrow (encoding TS1) o
n input line 119.
LaTeX Encoding Info:    Redeclaring text symbol \textasciigrave (encoding TS1) 
on input line 120.
LaTeX Encoding Info:    Redeclaring text symbol \textborn (encoding TS1) on inp
ut line 121.
LaTeX Encoding Info:    Redeclaring text symbol \textdivorced (encoding TS1) on
 input line 122.
LaTeX Encoding Info:    Redeclaring text symbol \textdied (encoding TS1) on inp
ut line 123.
LaTeX Encoding Info:    Redeclaring text symbol \textleaf (encoding TS1) on inp
ut line 124.
LaTeX Encoding Info:    Redeclaring text symbol \textmarried (encoding TS1) on 
input line 125.
LaTeX Encoding Info:    Redeclaring text symbol \textmusicalnote (encoding TS1)
 on input line 126.
LaTeX Encoding Info:    Redeclaring text symbol \texttildelow (encoding TS1) on
 input line 127.
LaTeX Encoding Info:    Redeclaring text symbol \textdblhyphenchar (encoding TS
1) on input line 128.
LaTeX Encoding Info:    Redeclaring text symbol \textasciibreve (encoding TS1) 
on input line 129.
LaTeX Encoding Info:    Redeclaring text symbol \textasciicaron (encoding TS1) 
on input line 130.
LaTeX Encoding Info:    Redeclaring text symbol \textacutedbl (encoding TS1) on
 input line 131.
LaTeX Encoding Info:    Redeclaring text symbol \textgravedbl (encoding TS1) on
 input line 132.
LaTeX Encoding Info:    Redeclaring text symbol \textdagger (encoding TS1) on i
nput line 133.
LaTeX Encoding Info:    Redeclaring text symbol \textdaggerdbl (encoding TS1) o
n input line 134.
LaTeX Encoding Info:    Redeclaring text symbol \textbardbl (encoding TS1) on i
nput line 135.
LaTeX Encoding Info:    Redeclaring text symbol \textperthousand (encoding TS1)
 on input line 136.
LaTeX Encoding Info:    Redeclaring text symbol \textbullet (encoding TS1) on i
nput line 137.
LaTeX Encoding Info:    Redeclaring text symbol \textcelsius (encoding TS1) on 
input line 138.
LaTeX Encoding Info:    Redeclaring text symbol \textdollaroldstyle (encoding T
S1) on input line 139.
LaTeX Encoding Info:    Redeclaring text symbol \textcentoldstyle (encoding TS1
) on input line 140.
LaTeX Encoding Info:    Redeclaring text symbol \textflorin (encoding TS1) on i
nput line 141.
LaTeX Encoding Info:    Redeclaring text symbol \textcolonmonetary (encoding TS
1) on input line 142.
LaTeX Encoding Info:    Redeclaring text symbol \textwon (encoding TS1) on inpu
t line 143.
LaTeX Encoding Info:    Redeclaring text symbol \textnaira (encoding TS1) on in
put line 144.
LaTeX Encoding Info:    Redeclaring text symbol \textguarani (encoding TS1) on 
input line 145.
LaTeX Encoding Info:    Redeclaring text symbol \textpeso (encoding TS1) on inp
ut line 146.
LaTeX Encoding Info:    Redeclaring text symbol \textlira (encoding TS1) on inp
ut line 147.
LaTeX Encoding Info:    Redeclaring text symbol \textrecipe (encoding TS1) on i
nput line 148.
LaTeX Encoding Info:    Redeclaring text symbol \textinterrobang (encoding TS1)
 on input line 149.
LaTeX Encoding Info:    Redeclaring text symbol \textinterrobangdown (encoding 
TS1) on input line 150.
LaTeX Encoding Info:    Redeclaring text symbol \textdong (encoding TS1) on inp
ut line 151.
LaTeX Encoding Info:    Redeclaring text symbol \texttrademark (encoding TS1) o
n input line 152.
LaTeX Encoding Info:    Redeclaring text symbol \textpertenthousand (encoding T
S1) on input line 153.
LaTeX Encoding Info:    Redeclaring text symbol \textpilcrow (encoding TS1) on 
input line 154.
LaTeX Encoding Info:    Redeclaring text symbol \textbaht (encoding TS1) on inp
ut line 155.
LaTeX Encoding Info:    Redeclaring text symbol \textnumero (encoding TS1) on i
nput line 156.
LaTeX Encoding Info:    Redeclaring text symbol \textdiscount (encoding TS1) on
 input line 157.
LaTeX Encoding Info:    Redeclaring text symbol \textestimated (encoding TS1) o
n input line 158.
LaTeX Encoding Info:    Redeclaring text symbol \textopenbullet (encoding TS1) 
on input line 159.
LaTeX Encoding Info:    Redeclaring text symbol \textservicemark (encoding TS1)
 on input line 160.
LaTeX Encoding Info:    Redeclaring text symbol \textlquill (encoding TS1) on i
nput line 161.
LaTeX Encoding Info:    Redeclaring text symbol \textrquill (encoding TS1) on i
nput line 162.
LaTeX Encoding Info:    Redeclaring text symbol \textcent (encoding TS1) on inp
ut line 163.
LaTeX Encoding Info:    Redeclaring text symbol \textsterling (encoding TS1) on
 input line 164.
LaTeX Encoding Info:    Redeclaring text symbol \textcurrency (encoding TS1) on
 input line 165.
LaTeX Encoding Info:    Redeclaring text symbol \textyen (encoding TS1) on inpu
t line 166.
LaTeX Encoding Info:    Redeclaring text symbol \textbrokenbar (encoding TS1) o
n input line 167.
LaTeX Encoding Info:    Redeclaring text symbol \textsection (encoding TS1) on 
input line 168.
LaTeX Encoding Info:    Redeclaring text symbol \textasciidieresis (encoding TS
1) on input line 169.
LaTeX Encoding Info:    Redeclaring text symbol \textcopyright (encoding TS1) o
n input line 170.
LaTeX Encoding Info:    Redeclaring text symbol \textordfeminine (encoding TS1)
 on input line 171.
LaTeX Encoding Info:    Redeclaring text symbol \textcopyleft (encoding TS1) on
 input line 172.
LaTeX Encoding Info:    Redeclaring text symbol \textlnot (encoding TS1) on inp
ut line 173.
LaTeX Encoding Info:    Redeclaring text symbol \textcircledP (encoding TS1) on
 input line 174.
LaTeX Encoding Info:    Redeclaring text symbol \textregistered (encoding TS1) 
on input line 175.
LaTeX Encoding Info:    Redeclaring text symbol \textasciimacron (encoding TS1)
 on input line 176.
LaTeX Encoding Info:    Redeclaring text symbol \textdegree (encoding TS1) on i
nput line 177.
LaTeX Encoding Info:    Redeclaring text symbol \textpm (encoding TS1) on input
 line 178.
LaTeX Encoding Info:    Redeclaring text symbol \texttwosuperior (encoding TS1)
 on input line 179.
LaTeX Encoding Info:    Redeclaring text symbol \textthreesuperior (encoding TS
1) on input line 180.
LaTeX Encoding Info:    Redeclaring text symbol \textasciiacute (encoding TS1) 
on input line 181.
LaTeX Encoding Info:    Redeclaring text symbol \textmu (encoding TS1) on input
 line 182.
LaTeX Encoding Info:    Redeclaring text symbol \textparagraph (encoding TS1) o
n input line 183.
LaTeX Encoding Info:    Redeclaring text symbol \textperiodcentered (encoding T
S1) on input line 184.
LaTeX Encoding Info:    Redeclaring text symbol \textreferencemark (encoding TS
1) on input line 185.
LaTeX Encoding Info:    Redeclaring text symbol \textonesuperior (encoding TS1)
 on input line 186.
LaTeX Encoding Info:    Redeclaring text symbol \textordmasculine (encoding TS1
) on input line 187.
LaTeX Encoding Info:    Redeclaring text symbol \textsurd (encoding TS1) on inp
ut line 188.
LaTeX Encoding Info:    Redeclaring text symbol \textonequarter (encoding TS1) 
on input line 189.
LaTeX Encoding Info:    Redeclaring text symbol \textonehalf (encoding TS1) on 
input line 190.
LaTeX Encoding Info:    Redeclaring text symbol \textthreequarters (encoding TS
1) on input line 191.
LaTeX Encoding Info:    Redeclaring text symbol \texteuro (encoding TS1) on inp
ut line 192.
LaTeX Encoding Info:    Redeclaring text symbol \texttimes (encoding TS1) on in
put line 193.
LaTeX Encoding Info:    Redeclaring text symbol \textdiv (encoding TS1) on inpu
t line 194.
))
(C:\Users\Admin\AppData\Local\Programs\MiKTeX\tex/latex/koma-script\scrextend.s
ty
Package: scrextend 2026/02/02 v3.49.2 KOMA-Script package (extend other classes
 with features of KOMA-Script classes)

(C:\Users\Admin\AppData\Local\Programs\MiKTeX\tex/latex/koma-script\scrkbase.st
y
Package: scrkbase 2026/02/02 v3.49.2 KOMA-Script package (KOMA-Script-dependent
 basics and keyval usage)

(C:\Users\Admin\AppData\Local\Programs\MiKTeX\tex/latex/koma-script\scrbase.sty
Package: scrbase 2026/02/02 v3.49.2 KOMA-Script package (KOMA-Script-independen
t basics and keyval usage)

(C:\Users\Admin\AppData\Local\Programs\MiKTeX\tex/latex/koma-script\scrlfile.st
y
Package: scrlfile 2026/02/02 v3.49.2 KOMA-Script package (file load hooks)

(C:\Users\Admin\AppData\Local\Programs\MiKTeX\tex/latex/koma-script\scrlfile-ho
ok.sty
Package: scrlfile-hook 2026/02/02 v3.49.2 KOMA-Script package (using LaTeX hook
s)

(C:\Users\Admin\AppData\Local\Programs\MiKTeX\tex/latex/koma-script\scrlogo.sty
Package: scrlogo 2026/02/02 v3.49.2 KOMA-Script package (logo)
))) (C:\Users\Admin\AppData\Local\Programs\MiKTeX\tex/latex/graphics\keyval.sty
Package: keyval 2022/05/29 v1.15 key=value parser (DPC)
\KV@toks@=\toks17
)
Applying: [2021/05/01] Usage of raw or classic option list on input line 254.
Already applied: [0000/00/00] Usage of raw or classic option list on input line
 370.
))) (C:\Users\Admin\AppData\Local\Programs\MiKTeX\tex/latex/xcolor\xcolor.sty
Package: xcolor 2024/09/29 v3.02 LaTeX color extensions (UK)

(C:\Users\Admin\AppData\Local\Programs\MiKTeX\tex/latex/graphics-cfg\color.cfg
File: color.cfg 2016/01/02 v1.6 sample color configuration
)
Package xcolor Info: Driver file: pdftex.def on input line 274.

(C:\Users\Admin\AppData\Local\Programs\MiKTeX\tex/latex/graphics-def\pdftex.def
File: pdftex.def 2025/09/29 v1.2d Graphics/color driver for pdftex
)
(C:\Users\Admin\AppData\Local\Programs\MiKTeX\tex/latex/graphics\mathcolor.ltx)
Package xcolor Info: Model `cmy' substituted by `cmy0' on input line 1349.
Package xcolor Info: Model `hsb' substituted by `rgb' on input line 1353.
Package xcolor Info: Model `RGB' extended on input line 1365.
Package xcolor Info: Model `HTML' substituted by `rgb' on input line 1367.
Package xcolor Info: Model `Hsb' substituted by `hsb' on input line 1368.
Package xcolor Info: Model `tHsb' substituted by `hsb' on input line 1369.
Package xcolor Info: Model `HSB' substituted by `hsb' on input line 1370.
Package xcolor Info: Model `Gray' substituted by `gray' on input line 1371.
Package xcolor Info: Model `wave' substituted by `hsb' on input line 1372.
) (C:\Users\Admin\AppData\Local\Programs\MiKTeX\tex/latex/geometry\geometry.sty
Package: geometry 2026/03/07 v6.0 Page Geometry
(C:\Users\Admin\AppData\Local\Programs\MiKTeX\tex/generic/iftex\ifvtex.sty
Package: ifvtex 2019/10/25 v1.7 ifvtex legacy package. Use iftex instead.

(C:\Users\Admin\AppData\Local\Programs\MiKTeX\tex/generic/iftex\iftex.sty
Package: iftex 2024/12/12 v1.0g TeX engine tests
))
\Gm@cnth=\count283
\Gm@cntv=\count284
\c@Gm@tempcnt=\count285
\Gm@bindingoffset=\dimen150
\Gm@wd@mp=\dimen151
\Gm@odd@mp=\dimen152
\Gm@even@mp=\dimen153
\Gm@layoutwidth=\dimen154
\Gm@layoutheight=\dimen155
\Gm@layouthoffset=\dimen156
\Gm@layoutvoffset=\dimen157
\Gm@dimlist=\toks18

(C:\Users\Admin\AppData\Local\Programs\MiKTeX\tex/latex/geometry\geometry.cfg))
(C:\Users\Admin\AppData\Local\Programs\MiKTeX\tex/latex/amsmath\amsmath.sty
Package: amsmath 2025/07/09 v2.17z AMS math features
\@mathmargin=\skip51

For additional information on amsmath, use the `?' option.
(C:\Users\Admin\AppData\Local\Programs\MiKTeX\tex/latex/amsmath\amstext.sty
Package: amstext 2024/11/17 v2.01 AMS text

(C:\Users\Admin\AppData\Local\Programs\MiKTeX\tex/latex/amsmath\amsgen.sty
File: amsgen.sty 1999/11/30 v2.0 generic functions
\@emptytoks=\toks19
\ex@=\dimen158
))
(C:\Users\Admin\AppData\Local\Programs\MiKTeX\tex/latex/amsmath\amsbsy.sty
Package: amsbsy 1999/11/29 v1.2d Bold Symbols
\pmbraise@=\dimen159
)
(C:\Users\Admin\AppData\Local\Programs\MiKTeX\tex/latex/amsmath\amsopn.sty
Package: amsopn 2022/04/08 v2.04 operator names
)
\inf@bad=\count286
LaTeX Info: Redefining \frac on input line 233.
\uproot@=\count287
\leftroot@=\count288
LaTeX Info: Redefining \overline on input line 398.
LaTeX Info: Redefining \colon on input line 409.
\classnum@=\count289
\DOTSCASE@=\count290
LaTeX Info: Redefining \ldots on input line 495.
LaTeX Info: Redefining \dots on input line 498.
LaTeX Info: Redefining \cdots on input line 619.
\Mathstrutbox@=\box53
\strutbox@=\box54
LaTeX Info: Redefining \big on input line 721.
LaTeX Info: Redefining \Big on input line 722.
LaTeX Info: Redefining \bigg on input line 723.
LaTeX Info: Redefining \Bigg on input line 724.
\big@size=\dimen160
LaTeX Font Info:    Redeclaring font encoding OML on input line 742.
LaTeX Font Info:    Redeclaring font encoding OMS on input line 743.
\macc@depth=\count291
LaTeX Info: Redefining \bmod on input line 904.
LaTeX Info: Redefining \pmod on input line 909.
LaTeX Info: Redefining \smash on input line 939.
LaTeX Info: Redefining \relbar on input line 969.
LaTeX Info: Redefining \Relbar on input line 970.
\c@MaxMatrixCols=\count292
\dotsspace@=\muskip17
\c@parentequation=\count293
\dspbrk@lvl=\count294
\tag@help=\toks20
\row@=\count295
\column@=\count296
\maxfields@=\count297
\andhelp@=\toks21
\eqnshift@=\dimen161
\alignsep@=\dimen162
\tagshift@=\dimen163
\tagwidth@=\dimen164
\totwidth@=\dimen165
\lineht@=\dimen166
\@envbody=\toks22
\multlinegap=\skip52
\multlinetaggap=\skip53
\mathdisplay@stack=\toks23
LaTeX Info: Redefining \[ on input line 2950.
LaTeX Info: Redefining \] on input line 2951.
)
(C:\Users\Admin\AppData\Local\Programs\MiKTeX\tex/latex/amsfonts\amssymb.sty
Package: amssymb 2013/01/14 v3.01 AMS font symbols

(C:\Users\Admin\AppData\Local\Programs\MiKTeX\tex/latex/amsfonts\amsfonts.sty
Package: amsfonts 2013/01/14 v3.01 Basic AMSFonts support
\symAMSa=\mathgroup4
\symAMSb=\mathgroup5
LaTeX Font Info:    Redeclaring math symbol \hbar on input line 98.
LaTeX Font Info:    Overwriting math alphabet `\mathfrak' in version `bold'
(Font)                  U/euf/m/n --> U/euf/b/n on input line 106.
)) (C:\Users\Admin\AppData\Local\Programs\MiKTeX\tex/latex/base\fontenc.sty
Package: fontenc 2025/07/18 v2.1d Standard LaTeX package

(C:\Users\Admin\AppData\Local\Programs\MiKTeX\tex/latex/vntex\t5enc.def
File: t5enc.def 2006/11/21 v1.4 Vietnamese T5 encoding
Now handling font encoding T5 ...
... processing UTF-8 mapping file for font encoding T5

(C:\Users\Admin\AppData\Local\Programs\MiKTeX\tex/latex/vntex\t5enc.dfu
File: t5enc.dfu 2006/08/19 v1.1 UTF8 support for Vietnamese
   defining Unicode char U+00AB (decimal 171)
   defining Unicode char U+00BB (decimal 187)
   defining Unicode char U+00C0 (decimal 192)
   defining Unicode char U+00C1 (decimal 193)
   defining Unicode char U+00C2 (decimal 194)
   defining Unicode char U+00C3 (decimal 195)
   defining Unicode char U+00C8 (decimal 200)
   defining Unicode char U+00C9 (decimal 201)
   defining Unicode char U+00CA (decimal 202)
   defining Unicode char U+00CC (decimal 204)
   defining Unicode char U+00CD (decimal 205)
   defining Unicode char U+00D2 (decimal 210)
   defining Unicode char U+00D3 (decimal 211)
   defining Unicode char U+00D4 (decimal 212)
   defining Unicode char U+00D5 (decimal 213)
   defining Unicode char U+00D9 (decimal 217)
   defining Unicode char U+00DA (decimal 218)
   defining Unicode char U+00DD (decimal 221)
   defining Unicode char U+00E0 (decimal 224)
   defining Unicode char U+00E1 (decimal 225)
   defining Unicode char U+00E2 (decimal 226)
   defining Unicode char U+00E3 (decimal 227)
   defining Unicode char U+00E8 (decimal 232)
   defining Unicode char U+00E9 (decimal 233)
   defining Unicode char U+00EA (decimal 234)
   defining Unicode char U+00EC (decimal 236)
   defining Unicode char U+00ED (decimal 237)
   defining Unicode char U+00F2 (decimal 242)
   defining Unicode char U+00F3 (decimal 243)
   defining Unicode char U+00F4 (decimal 244)
   defining Unicode char U+00F5 (decimal 245)
   defining Unicode char U+00F9 (decimal 249)
   defining Unicode char U+00FA (decimal 250)
   defining Unicode char U+00FD (decimal 253)
   defining Unicode char U+0102 (decimal 258)
   defining Unicode char U+0103 (decimal 259)
   defining Unicode char U+0110 (decimal 272)
   defining Unicode char U+0111 (decimal 273)
   defining Unicode char U+0128 (decimal 296)
   defining Unicode char U+0129 (decimal 297)
   defining Unicode char U+0131 (decimal 305)
   defining Unicode char U+0168 (decimal 360)
   defining Unicode char U+0169 (decimal 361)
   defining Unicode char U+01A0 (decimal 416)
   defining Unicode char U+01A1 (decimal 417)
   defining Unicode char U+01AF (decimal 431)
   defining Unicode char U+01B0 (decimal 432)
   defining Unicode char U+1EA0 (decimal 7840)
   defining Unicode char U+1EA1 (decimal 7841)
   defining Unicode char U+1EA2 (decimal 7842)
   defining Unicode char U+1EA3 (decimal 7843)
   defining Unicode char U+1EA4 (decimal 7844)
   defining Unicode char U+1EA5 (decimal 7845)
   defining Unicode char U+1EA6 (decimal 7846)
   defining Unicode char U+1EA7 (decimal 7847)
   defining Unicode char U+1EA8 (decimal 7848)
   defining Unicode char U+1EA9 (decimal 7849)
   defining Unicode char U+1EAA (decimal 7850)
   defining Unicode char U+1EAB (decimal 7851)
   defining Unicode char U+1EAC (decimal 7852)
   defining Unicode char U+1EAD (decimal 7853)
   defining Unicode char U+1EAE (decimal 7854)
   defining Unicode char U+1EAF (decimal 7855)
   defining Unicode char U+1EB0 (decimal 7856)
   defining Unicode char U+1EB1 (decimal 7857)
   defining Unicode char U+1EB2 (decimal 7858)
   defining Unicode char U+1EB3 (decimal 7859)
   defining Unicode char U+1EB4 (decimal 7860)
   defining Unicode char U+1EB5 (decimal 7861)
   defining Unicode char U+1EB6 (decimal 7862)
   defining Unicode char U+1EB7 (decimal 7863)
   defining Unicode char U+1EB8 (decimal 7864)
   defining Unicode char U+1EB9 (decimal 7865)
   defining Unicode char U+1EBA (decimal 7866)
   defining Unicode char U+1EBB (decimal 7867)
   defining Unicode char U+1EBC (decimal 7868)
   defining Unicode char U+1EBD (decimal 7869)
   defining Unicode char U+1EBE (decimal 7870)
   defining Unicode char U+1EBF (decimal 7871)
   defining Unicode char U+1EC0 (decimal 7872)
   defining Unicode char U+1EC1 (decimal 7873)
   defining Unicode char U+1EC2 (decimal 7874)
   defining Unicode char U+1EC3 (decimal 7875)
   defining Unicode char U+1EC4 (decimal 7876)
   defining Unicode char U+1EC5 (decimal 7877)
   defining Unicode char U+1EC6 (decimal 7878)
   defining Unicode char U+1EC7 (decimal 7879)
   defining Unicode char U+1EC8 (decimal 7880)
   defining Unicode char U+1EC9 (decimal 7881)
   defining Unicode char U+1ECA (decimal 7882)
   defining Unicode char U+1ECB (decimal 7883)
   defining Unicode char U+1ECC (decimal 7884)
   defining Unicode char U+1ECD (decimal 7885)
   defining Unicode char U+1ECE (decimal 7886)
   defining Unicode char U+1ECF (decimal 7887)
   defining Unicode char U+1ED0 (decimal 7888)
   defining Unicode char U+1ED1 (decimal 7889)
   defining Unicode char U+1ED2 (decimal 7890)
   defining Unicode char U+1ED3 (decimal 7891)
   defining Unicode char U+1ED4 (decimal 7892)
   defining Unicode char U+1ED5 (decimal 7893)
   defining Unicode char U+1ED6 (decimal 7894)
   defining Unicode char U+1ED7 (decimal 7895)
   defining Unicode char U+1ED8 (decimal 7896)
   defining Unicode char U+1ED9 (decimal 7897)
   defining Unicode char U+1EDA (decimal 7898)
   defining Unicode char U+1EDB (decimal 7899)
   defining Unicode char U+1EDC (decimal 7900)
   defining Unicode char U+1EDD (decimal 7901)
   defining Unicode char U+1EDE (decimal 7902)
   defining Unicode char U+1EDF (decimal 7903)
   defining Unicode char U+1EE0 (decimal 7904)
   defining Unicode char U+1EE1 (decimal 7905)
   defining Unicode char U+1EE2 (decimal 7906)
   defining Unicode char U+1EE3 (decimal 7907)
   defining Unicode char U+1EE4 (decimal 7908)
   defining Unicode char U+1EE5 (decimal 7909)
   defining Unicode char U+1EE6 (decimal 7910)
   defining Unicode char U+1EE7 (decimal 7911)
   defining Unicode char U+1EE8 (decimal 7912)
   defining Unicode char U+1EE9 (decimal 7913)
   defining Unicode char U+1EEA (decimal 7914)
   defining Unicode char U+1EEB (decimal 7915)
   defining Unicode char U+1EEC (decimal 7916)
   defining Unicode char U+1EED (decimal 7917)
   defining Unicode char U+1EEE (decimal 7918)
   defining Unicode char U+1EEF (decimal 7919)
   defining Unicode char U+1EF0 (decimal 7920)
   defining Unicode char U+1EF1 (decimal 7921)
   defining Unicode char U+1EF2 (decimal 7922)
   defining Unicode char U+1EF3 (decimal 7923)
   defining Unicode char U+1EF4 (decimal 7924)
   defining Unicode char U+1EF5 (decimal 7925)
   defining Unicode char U+1EF6 (decimal 7926)
   defining Unicode char U+1EF7 (decimal 7927)
   defining Unicode char U+1EF8 (decimal 7928)
   defining Unicode char U+1EF9 (decimal 7929)
   defining Unicode char U+200C (decimal 8204)
   defining Unicode char U+2013 (decimal 8211)
   defining Unicode char U+2014 (decimal 8212)
   defining Unicode char U+2018 (decimal 8216)
   defining Unicode char U+2019 (decimal 8217)
   defining Unicode char U+201A (decimal 8218)
   defining Unicode char U+201C (decimal 8220)
   defining Unicode char U+201D (decimal 8221)
   defining Unicode char U+201E (decimal 8222)
   defining Unicode char U+2030 (decimal 8240)
   defining Unicode char U+2031 (decimal 8241)
   defining Unicode char U+2039 (decimal 8249)
   defining Unicode char U+203A (decimal 8250)
   defining Unicode char U+2423 (decimal 9251)
)))
(C:\Users\Admin\AppData\Local\Programs\MiKTeX\tex/latex/base\inputenc.sty
Package: inputenc 2024/02/08 v1.3d Input encoding file
\inpenc@prehook=\toks24
\inpenc@posthook=\toks25
)
(C:\Users\Admin\AppData\Local\Programs\MiKTeX\tex/latex/base\textcomp.sty
Package: textcomp 2024/04/24 v2.1b Standard LaTeX package
)
(C:\Users\Admin\AppData\Local\Programs\MiKTeX\tex/latex/newtx\newtxtext.sty
Package: newtxtext 2024/04/01 v1.744(Michael Sharpe) latex and unicode latex su
pport for TeXGyreTermesX

`newtxtext' v1.744, 2024/04/01 Text macros taking advantage of TeXGyre Termes a
nd its extensions (msharpe)
(C:\Users\Admin\AppData\Local\Programs\MiKTeX\tex/latex/xpatch\xpatch.sty
(C:\Users\Admin\AppData\Local\Programs\MiKTeX\tex/latex/l3kernel\expl3.sty
Package: expl3 2026-01-19 L3 programming layer (loader) 

(C:\Users\Admin\AppData\Local\Programs\MiKTeX\tex/latex/l3backend\l3backend-pdf
tex.def
File: l3backend-pdftex.def 2025-10-09 L3 backend support: PDF output (pdfTeX)
\l__color_backend_stack_int=\count298
))
Package: xpatch 2020/03/25 v0.3a Extending etoolbox patching commands

(C:\Users\Admin\AppData\Local\Programs\MiKTeX\tex/latex/l3packages/xparse\xpars
e.sty
Package: xparse 2025-10-09 L3 Experimental document command parser
)
(C:\Users\Admin\AppData\Local\Programs\MiKTeX\tex/latex/etoolbox\etoolbox.sty
Package: etoolbox 2025/10/02 v2.5m e-TeX tools for LaTeX (JAW)
\etb@tempcnta=\count299
)) (C:\Users\Admin\AppData\Local\Programs\MiKTeX\tex/latex/xkeyval\xkeyval.sty
Package: xkeyval 2022/06/16 v2.9 package option processing (HA)

(C:\Users\Admin\AppData\Local\Programs\MiKTeX\tex/generic/xkeyval\xkeyval.tex
(C:\Users\Admin\AppData\Local\Programs\MiKTeX\tex/generic/xkeyval\xkvutils.tex
\XKV@toks=\toks26
\XKV@tempa@toks=\toks27
)
\XKV@depth=\count300
File: xkeyval.tex 2014/12/03 v2.7a key=value parser (HA)
)) (C:\Users\Admin\AppData\Local\Programs\MiKTeX\tex/latex/xstring\xstring.sty
(C:\Users\Admin\AppData\Local\Programs\MiKTeX\tex/generic/xstring\xstring.tex
\xs_counta=\count301
\xs_countb=\count302
)
Package: xstring 2023/08/22 v1.86 String manipulations (CT)
) (C:\Users\Admin\AppData\Local\Programs\MiKTeX\tex/latex/base\ifthen.sty
Package: ifthen 2024/03/16 v1.1e Standard LaTeX ifthen package (DPC)
)
(C:\Users\Admin\AppData\Local\Programs\MiKTeX\tex/latex/carlisle\scalefnt.sty)
LaTeX Font Info:    Setting ntxLF sub-encoding to TS1/0 on input line 24.
LaTeX Font Info:    Setting ntxTLF sub-encoding to TS1/0 on input line 24.
LaTeX Font Info:    Setting ntxOsF sub-encoding to TS1/0 on input line 24.
LaTeX Font Info:    Setting ntxTOsF sub-encoding to TS1/0 on input line 24.

(C:\Users\Admin\AppData\Local\Programs\MiKTeX\tex/generic/binhex\binhex.tex)
\ntx@tmpcnta=\count303
\ntx@cnt=\count304

(C:\Users\Admin\AppData\Local\Programs\MiKTeX\tex/latex/fontaxes\fontaxes.sty
Package: fontaxes 2026-01-02 v2.0.2 Font selection axes (deprecated)
Applying: [2024-11-01] Use figureversions if present on input line 74.

(C:\Users\Admin\AppData\Local\Programs\MiKTeX\tex/latex/figureversions\figureve
rsions.sty
Package: figureversions 2025-04-29 v1.0.1 Figure versions
)
Already applied: [0000-00-00] Fall back to v1 on input line 76.
)
\tx@sixem=\dimen167
\tx@y=\dimen168
\tx@x=\dimen169
\tx@tmpdima=\dimen170
\tx@tmpdimb=\dimen171
\tx@tmpdimc=\dimen172
\tx@tmpdimd=\dimen173
\tx@tmpdime=\dimen174
\tx@tmpdimf=\dimen175
\tx@dimA=\dimen176
\tx@dimAA=\dimen177
\tx@dimB=\dimen178
\tx@dimBB=\dimen179
\tx@dimC=\dimen180
LaTeX Info: Redefining \oldstylenums on input line 902.
)
(C:\Users\Admin\AppData\Local\Programs\MiKTeX\tex/latex/newtx\newtxmath.sty
Package: newtxmath 2024/09/22 v1.754

`newtxmath' v1.754, 2024/09/22 Math macros based originally on txfonts (msharpe
)
(C:\Users\Admin\AppData\Local\Programs\MiKTeX\tex/latex/oberdiek\centernot.sty
Package: centernot 2016/05/16 v1.4 Centers the not symbol horizontally (HO)
)
\tx@cntz=\count305
(C:\Users\Admin\AppData\Local\Programs\MiKTeX\tex/generic/binhex\binhex.tex)
\tx@Isdigit=\count306
\tx@IsAlNum=\count307
\tx@tA=\toks28
\tx@tB=\toks29
\tx@su=\read2

amsthm NOT loaded
LaTeX Font Info:    Redeclaring symbol font `operators' on input line 402.
LaTeX Font Info:    Overwriting symbol font `operators' in version `normal'
(Font)                  OT1/cmr/m/n --> OT1/minntx/m/n on input line 402.
LaTeX Font Info:    Overwriting symbol font `operators' in version `bold'
(Font)                  OT1/cmr/bx/n --> OT1/minntx/m/n on input line 402.
LaTeX Font Info:    Overwriting symbol font `operators' in version `bold'
(Font)                  OT1/minntx/m/n --> OT1/minntx/b/n on input line 403.
LaTeX Font Info:    Redeclaring math alphabet \mathsf on input line 410.
LaTeX Font Info:    Overwriting math alphabet `\mathsf' in version `normal'
(Font)                  OT1/cmss/m/n --> OT1/qhv/m/n on input line 410.
LaTeX Font Info:    Overwriting math alphabet `\mathsf' in version `bold'
(Font)                  OT1/cmss/bx/n --> OT1/qhv/m/n on input line 410.
LaTeX Font Info:    Overwriting math alphabet `\mathsf' in version `bold'
(Font)                  OT1/qhv/m/n --> OT1/qhv/b/n on input line 412.
LaTeX Font Info:    Redeclaring math alphabet \mathit on input line 419.
LaTeX Font Info:    Overwriting math alphabet `\mathit' in version `normal'
(Font)                  OT1/cmr/m/it --> OT1/minntx/m/it on input line 419.
LaTeX Font Info:    Overwriting math alphabet `\mathit' in version `bold'
(Font)                  OT1/cmr/bx/it --> OT1/minntx/m/it on input line 419.
LaTeX Font Info:    Redeclaring math alphabet \mathtt on input line 420.
LaTeX Font Info:    Overwriting math alphabet `\mathtt' in version `normal'
(Font)                  OT1/cmtt/m/n --> T1/ntxtt/m/n on input line 420.
LaTeX Font Info:    Overwriting math alphabet `\mathtt' in version `bold'
(Font)                  OT1/cmtt/m/n --> T1/ntxtt/m/n on input line 420.
LaTeX Font Info:    Redeclaring math alphabet \mathbf on input line 422.
LaTeX Font Info:    Overwriting math alphabet `\mathbf' in version `normal'
(Font)                  OT1/cmr/bx/n --> OT1/minntx/b/n on input line 422.
LaTeX Font Info:    Overwriting math alphabet `\mathbf' in version `bold'
(Font)                  OT1/cmr/bx/n --> OT1/minntx/b/n on input line 422.
LaTeX Font Info:    Overwriting math alphabet `\mathit' in version `bold'
(Font)                  OT1/minntx/m/it --> OT1/minntx/b/it on input line 423.
LaTeX Font Info:    Overwriting math alphabet `\mathtt' in version `bold'
(Font)                  T1/ntxtt/m/n --> T1/ntxtt/b/n on input line 426.
LaTeX Font Info:    Redeclaring symbol font `letters' on input line 534.
LaTeX Font Info:    Overwriting symbol font `letters' in version `normal'
(Font)                  OML/cmm/m/it --> OML/ntxmi/m/it on input line 534.
LaTeX Font Info:    Overwriting symbol font `letters' in version `bold'
(Font)                  OML/cmm/b/it --> OML/ntxmi/m/it on input line 534.
LaTeX Font Info:    Overwriting symbol font `letters' in version `bold'
(Font)                  OML/ntxmi/m/it --> OML/ntxmi/b/it on input line 535.
\symlettersA=\mathgroup6
LaTeX Font Info:    Overwriting symbol font `lettersA' in version `bold'
(Font)                  U/ntxmia/m/it --> U/ntxmia/b/it on input line 582.
LaTeX Font Info:    Redeclaring math alphabet \mathfrak on input line 584.
Now handling font encoding LMS ...
... no UTF-8 mapping file for font encoding LMS
LaTeX Font Info:    Redeclaring symbol font `symbols' on input line 604.
LaTeX Font Info:    Encoding `OMS' has changed to `LMS' for symbol font
(Font)              `symbols' in the math version `normal' on input line 604.
LaTeX Font Info:    Overwriting symbol font `symbols' in version `normal'
(Font)                  OMS/cmsy/m/n --> LMS/ntxsy/m/n on input line 604.
LaTeX Font Info:    Encoding `OMS' has changed to `LMS' for symbol font
(Font)              `symbols' in the math version `bold' on input line 604.
LaTeX Font Info:    Overwriting symbol font `symbols' in version `bold'
(Font)                  OMS/cmsy/b/n --> LMS/ntxsy/m/n on input line 604.
LaTeX Font Info:    Overwriting symbol font `symbols' in version `bold'
(Font)                  LMS/ntxsy/m/n --> LMS/ntxsy/b/n on input line 605.
\symAMSm=\mathgroup7
LaTeX Font Info:    Overwriting symbol font `AMSm' in version `bold'
(Font)                  U/ntxsym/m/n --> U/ntxsym/b/n on input line 630.
\symsymbolsC=\mathgroup8
LaTeX Font Info:    Overwriting symbol font `symbolsC' in version `bold'
(Font)                  U/ntxsyc/m/n --> U/ntxsyc/b/n on input line 651.
Now handling font encoding LMX ...
... no UTF-8 mapping file for font encoding LMX
LaTeX Font Info:    Redeclaring symbol font `largesymbols' on input line 664.
LaTeX Font Info:    Encoding `OMX' has changed to `LMX' for symbol font
(Font)              `largesymbols' in the math version `normal' on input line 6
64.
LaTeX Font Info:    Overwriting symbol font `largesymbols' in version `normal'
(Font)                  OMX/cmex/m/n --> LMX/ntxexx/m/n on input line 664.
LaTeX Font Info:    Encoding `OMX' has changed to `LMX' for symbol font
(Font)              `largesymbols' in the math version `bold' on input line 664
.
LaTeX Font Info:    Overwriting symbol font `largesymbols' in version `bold'
(Font)                  OMX/cmex/m/n --> LMX/ntxexx/m/n on input line 664.
LaTeX Font Info:    Overwriting symbol font `largesymbols' in version `bold'
(Font)                  LMX/ntxexx/m/n --> LMX/ntxexx/b/n on input line 665.
\symlargesymbolsTXA=\mathgroup9
LaTeX Font Info:    Overwriting symbol font `largesymbolsTXA' in version `bold'

(Font)                  U/ntxexa/m/n --> U/ntxexa/b/n on input line 679.
\tx@sbptoks=\toks30
LaTeX Font Info:    Redeclaring math delimiter \lfloor on input line 902.
LaTeX Font Info:    Redeclaring math delimiter \rfloor on input line 903.
LaTeX Font Info:    Redeclaring math delimiter \lceil on input line 904.
LaTeX Font Info:    Redeclaring math delimiter \rceil on input line 905.
LaTeX Font Info:    Redeclaring math delimiter \lbrace on input line 910.
LaTeX Font Info:    Redeclaring math delimiter \rbrace on input line 911.
LaTeX Font Info:    Redeclaring math delimiter \langle on input line 913.
LaTeX Font Info:    Redeclaring math delimiter \rangle on input line 915.
LaTeX Font Info:    Redeclaring math delimiter \arrowvert on input line 919.
LaTeX Font Info:    Redeclaring math delimiter \vert on input line 920.
LaTeX Font Info:    Redeclaring math accent \dot on input line 991.
LaTeX Font Info:    Redeclaring math accent \ddot on input line 992.
LaTeX Font Info:    Redeclaring math accent \vec on input line 2057.
LaTeX Info: Redefining \Bbbk on input line 2847.
LaTeX Info: Redefining \not on input line 2995.
) (C:\Users\Admin\AppData\Local\Programs\MiKTeX\tex/latex/upquote\upquote.sty
Package: upquote 2012/04/19 v1.3 upright-quote and grave-accent glyphs in verba
tim
)
(C:\Users\Admin\AppData\Local\Programs\MiKTeX\tex/latex/microtype\microtype.sty
Package: microtype 2026/03/01 v3.2d Micro-typographical refinements (RS)
\MT@toks=\toks31
\MT@tempbox=\box55
\MT@count=\count308
LaTeX Info: Redefining \noprotrusionifhmode on input line 1084.
LaTeX Info: Redefining \leftprotrusion on input line 1085.
\MT@prot@toks=\toks32
LaTeX Info: Redefining \rightprotrusion on input line 1104.
LaTeX Info: Redefining \textls on input line 1449.
\MT@outer@kern=\dimen181
LaTeX Info: Redefining \microtypecontext on input line 2053.
LaTeX Info: Redefining \textmicrotypecontext on input line 2070.
\MT@listname@count=\count309

(C:\Users\Admin\AppData\Local\Programs\MiKTeX\tex/latex/microtype\microtype-pdf
tex.def
File: microtype-pdftex.def 2026/03/01 v3.2d Definitions specific to pdftex (RS)

LaTeX Info: Redefining \lsstyle on input line 944.
LaTeX Info: Redefining \lslig on input line 944.
\MT@outer@space=\skip54
)
Package microtype Info: Loading configuration file microtype.cfg.

(C:\Users\Admin\AppData\Local\Programs\MiKTeX\tex/latex/microtype\microtype.cfg
File: microtype.cfg 2026/03/01 v3.2d microtype main configuration file (RS)
)
LaTeX Info: Redefining \microtypesetup on input line 3065.
) (C:\Users\Admin\AppData\Local\Programs\MiKTeX\tex/latex/parskip\parskip.sty
Package: parskip 2021-03-14 v2.0h non-zero parskip adjustments

(C:\Users\Admin\AppData\Local\Programs\MiKTeX\tex/latex/kvoptions\kvoptions.sty
Package: kvoptions 2022-06-15 v3.15 Key value format for package options (HO)
(C:\Users\Admin\AppData\Local\Programs\MiKTeX\tex/generic/ltxcmds\ltxcmds.sty
Package: ltxcmds 2023-12-04 v1.26 LaTeX kernel commands for general use (HO)
)
(C:\Users\Admin\AppData\Local\Programs\MiKTeX\tex/latex/kvsetkeys\kvsetkeys.sty
Package: kvsetkeys 2022-10-05 v1.19 Key value parser (HO)
)))
(C:\Users\Admin\AppData\Local\Programs\MiKTeX\tex/latex/fancyvrb\fancyvrb.sty
Package: fancyvrb 2025/07/28 4.6 verbatim text (tvz,hv)
\FV@CodeLineNo=\count310
\FV@InFile=\read3
\FV@TabBox=\box56
\c@FancyVerbLine=\count311
\FV@StepNumber=\count312
\FV@OutFile=\write3
)
(C:\Users\Admin\AppData\Local\Programs\MiKTeX\tex/latex/tools\longtable.sty
Package: longtable 2025-10-13 v4.24 Multi-page Table package (DPC)
\LTleft=\skip55
\LTright=\skip56
\LTpre=\skip57
\LTpost=\skip58
\LTchunksize=\count313
\LTcapwidth=\dimen182
\LT@head=\box57
\LT@firsthead=\box58
\LT@foot=\box59
\LT@lastfoot=\box60
\LT@gbox=\box61
\LT@cols=\count314
\LT@rows=\count315
\c@LT@tables=\count316
\c@LT@chunks=\count317
\LT@p@ftn=\toks33
)
(C:\Users\Admin\AppData\Local\Programs\MiKTeX\tex/latex/booktabs\booktabs.sty
Package: booktabs 2020/01/12 v1.61803398 Publication quality tables
\heavyrulewidth=\dimen183
\lightrulewidth=\dimen184
\cmidrulewidth=\dimen185
\belowrulesep=\dimen186
\belowbottomsep=\dimen187
\aboverulesep=\dimen188
\abovetopsep=\dimen189
\cmidrulesep=\dimen190
\cmidrulekern=\dimen191
\defaultaddspace=\dimen192
\@cmidla=\count318
\@cmidlb=\count319
\@aboverulesep=\dimen193
\@belowrulesep=\dimen194
\@thisruleclass=\count320
\@lastruleclass=\count321
\@thisrulewidth=\dimen195
)
(C:\Users\Admin\AppData\Local\Programs\MiKTeX\tex/latex/tools\array.sty
Package: array 2025/09/25 v2.6n Tabular extension package (FMi)
\col@sep=\dimen196
\ar@mcellbox=\box62
\extrarowheight=\dimen197
\NC@list=\toks34
\extratabsurround=\skip59
\backup@length=\skip60
\ar@cellbox=\box63
)
(C:\Users\Admin\AppData\Local\Programs\MiKTeX\tex/latex/caption\caption.sty
Package: caption 2023/08/05 v3.6o Customizing captions (AR)

(C:\Users\Admin\AppData\Local\Programs\MiKTeX\tex/latex/caption\caption3.sty
Package: caption3 2023/07/31 v2.4d caption3 kernel (AR)
\caption@tempdima=\dimen198
\captionmargin=\dimen199
\caption@leftmargin=\dimen256
\caption@rightmargin=\dimen257
\caption@width=\dimen258
\caption@indent=\dimen259
\caption@parindent=\dimen260
\caption@hangindent=\dimen261
Package caption Info: Standard document class detected.
)
\c@caption@flags=\count322
\c@continuedfloat=\count323
Package caption Info: longtable package is loaded.

(C:\Users\Admin\AppData\Local\Programs\MiKTeX\tex/latex/caption\ltcaption.sty
Package: ltcaption 2021/01/08 v1.4c longtable captions (AR)
)
Package caption Info: scrextend package is loaded.
\caption@addmargin@hsize=\dimen262
\caption@addmargin@linewidth=\dimen263
)
\c@none=\count324
(C:\Users\Admin\AppData\Local\Programs\MiKTeX\tex/latex/tools\calc.sty
Package: calc 2025/03/01 v4.3b Infix arithmetic (KKT,FJ)
\calc@Acount=\count325
\calc@Bcount=\count326
\calc@Adimen=\dimen264
\calc@Bdimen=\dimen265
\calc@Askip=\skip61
\calc@Bskip=\skip62
LaTeX Info: Redefining \setlength on input line 86.
LaTeX Info: Redefining \addtolength on input line 87.
\calc@Ccount=\count327
\calc@Cskip=\skip63
)
(C:\Users\Admin\AppData\Local\Programs\MiKTeX\tex/latex/footnotehyper\footnoteh
yper.sty
Package: footnotehyper 2025/11/15 v1.1f hyperref aware footnote.sty (JFB)
\FNH@notes=\box64
\FNH@width=\dimen266
\FNH@toks=\toks35
)
\thesisdefaulttabcolsep=\skip64

(C:\Users\Admin\AppData\Local\Programs\MiKTeX\tex/latex/graphics\graphicx.sty
Package: graphicx 2024/12/31 v1.2e Enhanced LaTeX Graphics (DPC,SPQR)

(C:\Users\Admin\AppData\Local\Programs\MiKTeX\tex/latex/graphics\graphics.sty
Package: graphics 2024/08/06 v1.4g Standard LaTeX Graphics (DPC,SPQR)

(C:\Users\Admin\AppData\Local\Programs\MiKTeX\tex/latex/graphics\trig.sty
Package: trig 2023/12/02 v1.11 sin cos tan (DPC)
)
(C:\Users\Admin\AppData\Local\Programs\MiKTeX\tex/latex/graphics-cfg\graphics.c
fg
File: graphics.cfg 2016/06/04 v1.11 sample graphics configuration
)
Package graphics Info: Driver file: pdftex.def on input line 106.
)
\Gin@req@height=\dimen267
\Gin@req@width=\dimen268
)
(C:\Users\Admin\AppData\Local\Programs\MiKTeX\tex/latex/pgf/frontendlayer\tikz.
sty
(C:\Users\Admin\AppData\Local\Programs\MiKTeX\tex/latex/pgf/basiclayer\pgf.sty
(C:\Users\Admin\AppData\Local\Programs\MiKTeX\tex/latex/pgf/utilities\pgfrcs.st
y
(C:\Users\Admin\AppData\Local\Programs\MiKTeX\tex/generic/pgf/utilities\pgfutil
-common.tex
\pgfutil@everybye=\toks36
\pgfutil@tempdima=\dimen269
\pgfutil@tempdimb=\dimen270
)
(C:\Users\Admin\AppData\Local\Programs\MiKTeX\tex/generic/pgf/utilities\pgfutil
-latex.def
\pgfutil@abb=\box65
)
(C:\Users\Admin\AppData\Local\Programs\MiKTeX\tex/generic/pgf/utilities\pgfrcs.
code.tex
(C:\Users\Admin\AppData\Local\Programs\MiKTeX\tex/generic/pgf\pgf.revision.tex)
Package: pgfrcs 2025-08-29 v3.1.11a (3.1.11a)
))
Package: pgf 2025-08-29 v3.1.11a (3.1.11a)

(C:\Users\Admin\AppData\Local\Programs\MiKTeX\tex/latex/pgf/basiclayer\pgfcore.
sty
(C:\Users\Admin\AppData\Local\Programs\MiKTeX\tex/latex/pgf/systemlayer\pgfsys.
sty
(C:\Users\Admin\AppData\Local\Programs\MiKTeX\tex/generic/pgf/systemlayer\pgfsy
s.code.tex
Package: pgfsys 2025-08-29 v3.1.11a (3.1.11a)

(C:\Users\Admin\AppData\Local\Programs\MiKTeX\tex/generic/pgf/utilities\pgfkeys
.code.tex
\pgfkeys@pathtoks=\toks37
\pgfkeys@temptoks=\toks38

(C:\Users\Admin\AppData\Local\Programs\MiKTeX\tex/generic/pgf/utilities\pgfkeys
libraryfiltered.code.tex
\pgfkeys@tmptoks=\toks39
))
\pgf@x=\dimen271
\pgf@y=\dimen272
\pgf@xa=\dimen273
\pgf@ya=\dimen274
\pgf@xb=\dimen275
\pgf@yb=\dimen276
\pgf@xc=\dimen277
\pgf@yc=\dimen278
\pgf@xd=\dimen279
\pgf@yd=\dimen280
\w@pgf@writea=\write4
\r@pgf@reada=\read4
\c@pgf@counta=\count328
\c@pgf@countb=\count329
\c@pgf@countc=\count330
\c@pgf@countd=\count331
\t@pgf@toka=\toks40
\t@pgf@tokb=\toks41
\t@pgf@tokc=\toks42
\pgf@sys@id@count=\count332

(C:\Users\Admin\AppData\Local\Programs\MiKTeX\tex/generic/pgf/systemlayer\pgf.c
fg
File: pgf.cfg 2025-08-29 v3.1.11a (3.1.11a)
)
Driver file for pgf: pgfsys-pdftex.def

(C:\Users\Admin\AppData\Local\Programs\MiKTeX\tex/generic/pgf/systemlayer\pgfsy
s-pdftex.def
File: pgfsys-pdftex.def 2025-08-29 v3.1.11a (3.1.11a)

(C:\Users\Admin\AppData\Local\Programs\MiKTeX\tex/generic/pgf/systemlayer\pgfsy
s-common-pdf.def
File: pgfsys-common-pdf.def 2025-08-29 v3.1.11a (3.1.11a)
)))
(C:\Users\Admin\AppData\Local\Programs\MiKTeX\tex/generic/pgf/systemlayer\pgfsy
ssoftpath.code.tex
File: pgfsyssoftpath.code.tex 2025-08-29 v3.1.11a (3.1.11a)
\pgfsyssoftpath@smallbuffer@items=\count333
\pgfsyssoftpath@bigbuffer@items=\count334
)
(C:\Users\Admin\AppData\Local\Programs\MiKTeX\tex/generic/pgf/systemlayer\pgfsy
sprotocol.code.tex
File: pgfsysprotocol.code.tex 2025-08-29 v3.1.11a (3.1.11a)
))
(C:\Users\Admin\AppData\Local\Programs\MiKTeX\tex/generic/pgf/basiclayer\pgfcor
e.code.tex
Package: pgfcore 2025-08-29 v3.1.11a (3.1.11a)

(C:\Users\Admin\AppData\Local\Programs\MiKTeX\tex/generic/pgf/math\pgfmath.code
.tex
(C:\Users\Admin\AppData\Local\Programs\MiKTeX\tex/generic/pgf/math\pgfmathutil.
code.tex)
(C:\Users\Admin\AppData\Local\Programs\MiKTeX\tex/generic/pgf/math\pgfmathparse
r.code.tex
\pgfmath@dimen=\dimen281
\pgfmath@count=\count335
\pgfmath@box=\box66
\pgfmath@toks=\toks43
\pgfmath@stack@operand=\toks44
\pgfmath@stack@operation=\toks45
)
(C:\Users\Admin\AppData\Local\Programs\MiKTeX\tex/generic/pgf/math\pgfmathfunct
ions.code.tex)
(C:\Users\Admin\AppData\Local\Programs\MiKTeX\tex/generic/pgf/math\pgfmathfunct
ions.basic.code.tex)
(C:\Users\Admin\AppData\Local\Programs\MiKTeX\tex/generic/pgf/math\pgfmathfunct
ions.trigonometric.code.tex)
(C:\Users\Admin\AppData\Local\Programs\MiKTeX\tex/generic/pgf/math\pgfmathfunct
ions.random.code.tex)
(C:\Users\Admin\AppData\Local\Programs\MiKTeX\tex/generic/pgf/math\pgfmathfunct
ions.comparison.code.tex)
(C:\Users\Admin\AppData\Local\Programs\MiKTeX\tex/generic/pgf/math\pgfmathfunct
ions.base.code.tex)
(C:\Users\Admin\AppData\Local\Programs\MiKTeX\tex/generic/pgf/math\pgfmathfunct
ions.round.code.tex)
(C:\Users\Admin\AppData\Local\Programs\MiKTeX\tex/generic/pgf/math\pgfmathfunct
ions.misc.code.tex)
(C:\Users\Admin\AppData\Local\Programs\MiKTeX\tex/generic/pgf/math\pgfmathfunct
ions.integerarithmetics.code.tex)
(C:\Users\Admin\AppData\Local\Programs\MiKTeX\tex/generic/pgf/math\pgfmathcalc.
code.tex)
(C:\Users\Admin\AppData\Local\Programs\MiKTeX\tex/generic/pgf/math\pgfmathfloat
.code.tex
\c@pgfmathroundto@lastzeros=\count336
))
(C:\Users\Admin\AppData\Local\Programs\MiKTeX\tex/generic/pgf/math\pgfint.code.
tex)
(C:\Users\Admin\AppData\Local\Programs\MiKTeX\tex/generic/pgf/basiclayer\pgfcor
epoints.code.tex
File: pgfcorepoints.code.tex 2025-08-29 v3.1.11a (3.1.11a)
\pgf@picminx=\dimen282
\pgf@picmaxx=\dimen283
\pgf@picminy=\dimen284
\pgf@picmaxy=\dimen285
\pgf@pathminx=\dimen286
\pgf@pathmaxx=\dimen287
\pgf@pathminy=\dimen288
\pgf@pathmaxy=\dimen289
\pgf@xx=\dimen290
\pgf@xy=\dimen291
\pgf@yx=\dimen292
\pgf@yy=\dimen293
\pgf@zx=\dimen294
\pgf@zy=\dimen295
)
(C:\Users\Admin\AppData\Local\Programs\MiKTeX\tex/generic/pgf/basiclayer\pgfcor
epathconstruct.code.tex
File: pgfcorepathconstruct.code.tex 2025-08-29 v3.1.11a (3.1.11a)
\pgf@path@lastx=\dimen296
\pgf@path@lasty=\dimen297
)
(C:\Users\Admin\AppData\Local\Programs\MiKTeX\tex/generic/pgf/basiclayer\pgfcor
epathusage.code.tex
File: pgfcorepathusage.code.tex 2025-08-29 v3.1.11a (3.1.11a)
\pgf@shorten@end@additional=\dimen298
\pgf@shorten@start@additional=\dimen299
)
(C:\Users\Admin\AppData\Local\Programs\MiKTeX\tex/generic/pgf/basiclayer\pgfcor
escopes.code.tex
File: pgfcorescopes.code.tex 2025-08-29 v3.1.11a (3.1.11a)
\pgfpic=\box67
\pgf@hbox=\box68
\pgf@layerbox@main=\box69
\pgf@picture@serial@count=\count337
)
(C:\Users\Admin\AppData\Local\Programs\MiKTeX\tex/generic/pgf/basiclayer\pgfcor
egraphicstate.code.tex
File: pgfcoregraphicstate.code.tex 2025-08-29 v3.1.11a (3.1.11a)
\pgflinewidth=\dimen300
)
(C:\Users\Admin\AppData\Local\Programs\MiKTeX\tex/generic/pgf/basiclayer\pgfcor
etransformations.code.tex
File: pgfcoretransformations.code.tex 2025-08-29 v3.1.11a (3.1.11a)
\pgf@pt@x=\dimen301
\pgf@pt@y=\dimen302
\pgf@pt@temp=\dimen303
)
(C:\Users\Admin\AppData\Local\Programs\MiKTeX\tex/generic/pgf/basiclayer\pgfcor
equick.code.tex
File: pgfcorequick.code.tex 2025-08-29 v3.1.11a (3.1.11a)
)
(C:\Users\Admin\AppData\Local\Programs\MiKTeX\tex/generic/pgf/basiclayer\pgfcor
eobjects.code.tex
File: pgfcoreobjects.code.tex 2025-08-29 v3.1.11a (3.1.11a)
)
(C:\Users\Admin\AppData\Local\Programs\MiKTeX\tex/generic/pgf/basiclayer\pgfcor
epathprocessing.code.tex
File: pgfcorepathprocessing.code.tex 2025-08-29 v3.1.11a (3.1.11a)
)
(C:\Users\Admin\AppData\Local\Programs\MiKTeX\tex/generic/pgf/basiclayer\pgfcor
earrows.code.tex
File: pgfcorearrows.code.tex 2025-08-29 v3.1.11a (3.1.11a)
\pgfarrowsep=\dimen304
)
(C:\Users\Admin\AppData\Local\Programs\MiKTeX\tex/generic/pgf/basiclayer\pgfcor
eshade.code.tex
File: pgfcoreshade.code.tex 2025-08-29 v3.1.11a (3.1.11a)
\pgf@max=\dimen305
\pgf@sys@shading@range@num=\count338
\pgf@shadingcount=\count339
)
(C:\Users\Admin\AppData\Local\Programs\MiKTeX\tex/generic/pgf/basiclayer\pgfcor
eimage.code.tex
File: pgfcoreimage.code.tex 2025-08-29 v3.1.11a (3.1.11a)
)
(C:\Users\Admin\AppData\Local\Programs\MiKTeX\tex/generic/pgf/basiclayer\pgfcor
eexternal.code.tex
File: pgfcoreexternal.code.tex 2025-08-29 v3.1.11a (3.1.11a)
\pgfexternal@startupbox=\box70
)
(C:\Users\Admin\AppData\Local\Programs\MiKTeX\tex/generic/pgf/basiclayer\pgfcor
elayers.code.tex
File: pgfcorelayers.code.tex 2025-08-29 v3.1.11a (3.1.11a)
)
(C:\Users\Admin\AppData\Local\Programs\MiKTeX\tex/generic/pgf/basiclayer\pgfcor
etransparency.code.tex
File: pgfcoretransparency.code.tex 2025-08-29 v3.1.11a (3.1.11a)
)
(C:\Users\Admin\AppData\Local\Programs\MiKTeX\tex/generic/pgf/basiclayer\pgfcor
epatterns.code.tex
File: pgfcorepatterns.code.tex 2025-08-29 v3.1.11a (3.1.11a)
)
(C:\Users\Admin\AppData\Local\Programs\MiKTeX\tex/generic/pgf/basiclayer\pgfcor
erdf.code.tex
File: pgfcorerdf.code.tex 2025-08-29 v3.1.11a (3.1.11a)
)))
(C:\Users\Admin\AppData\Local\Programs\MiKTeX\tex/generic/pgf/modules\pgfmodule
shapes.code.tex
File: pgfmoduleshapes.code.tex 2025-08-29 v3.1.11a (3.1.11a)
\pgfnodeparttextbox=\box71
)
(C:\Users\Admin\AppData\Local\Programs\MiKTeX\tex/generic/pgf/modules\pgfmodule
plot.code.tex
File: pgfmoduleplot.code.tex 2025-08-29 v3.1.11a (3.1.11a)
)
(C:\Users\Admin\AppData\Local\Programs\MiKTeX\tex/latex/pgf/compatibility\pgfco
mp-version-0-65.sty
Package: pgfcomp-version-0-65 2025-08-29 v3.1.11a (3.1.11a)
\pgf@nodesepstart=\dimen306
\pgf@nodesepend=\dimen307
)
(C:\Users\Admin\AppData\Local\Programs\MiKTeX\tex/latex/pgf/compatibility\pgfco
mp-version-1-18.sty
Package: pgfcomp-version-1-18 2025-08-29 v3.1.11a (3.1.11a)
))
(C:\Users\Admin\AppData\Local\Programs\MiKTeX\tex/latex/pgf/utilities\pgffor.st
y
(C:\Users\Admin\AppData\Local\Programs\MiKTeX\tex/latex/pgf/utilities\pgfkeys.s
ty
(C:\Users\Admin\AppData\Local\Programs\MiKTeX\tex/generic/pgf/utilities\pgfkeys
.code.tex))
(C:\Users\Admin\AppData\Local\Programs\MiKTeX\tex/latex/pgf/math\pgfmath.sty
(C:\Users\Admin\AppData\Local\Programs\MiKTeX\tex/generic/pgf/math\pgfmath.code
.tex))
(C:\Users\Admin\AppData\Local\Programs\MiKTeX\tex/generic/pgf/utilities\pgffor.
code.tex
Package: pgffor 2025-08-29 v3.1.11a (3.1.11a)
\pgffor@iter=\dimen308
\pgffor@skip=\dimen309
\pgffor@stack=\toks46
\pgffor@toks=\toks47
))
(C:\Users\Admin\AppData\Local\Programs\MiKTeX\tex/generic/pgf/frontendlayer/tik
z\tikz.code.tex
Package: tikz 2025-08-29 v3.1.11a (3.1.11a)

(C:\Users\Admin\AppData\Local\Programs\MiKTeX\tex/generic/pgf/libraries\pgflibr
aryplothandlers.code.tex
File: pgflibraryplothandlers.code.tex 2025-08-29 v3.1.11a (3.1.11a)
\pgf@plot@mark@count=\count340
\pgfplotmarksize=\dimen310
)
\tikz@lastx=\dimen311
\tikz@lasty=\dimen312
\tikz@lastxsaved=\dimen313
\tikz@lastysaved=\dimen314
\tikz@lastmovetox=\dimen315
\tikz@lastmovetoy=\dimen316
\tikzleveldistance=\dimen317
\tikzsiblingdistance=\dimen318
\tikz@figbox=\box72
\tikz@figbox@bg=\box73
\tikz@tempbox=\box74
\tikz@tempbox@bg=\box75
\tikztreelevel=\count341
\tikznumberofchildren=\count342
\tikznumberofcurrentchild=\count343
\tikz@fig@count=\count344

(C:\Users\Admin\AppData\Local\Programs\MiKTeX\tex/generic/pgf/modules\pgfmodule
matrix.code.tex
File: pgfmodulematrix.code.tex 2025-08-29 v3.1.11a (3.1.11a)
\pgfmatrixcurrentrow=\count345
\pgfmatrixcurrentcolumn=\count346
\pgf@matrix@numberofcolumns=\count347
)
\tikz@expandcount=\count348

(C:\Users\Admin\AppData\Local\Programs\MiKTeX\tex/generic/pgf/frontendlayer/tik
z/libraries\tikzlibrarytopaths.code.tex
File: tikzlibrarytopaths.code.tex 2025-08-29 v3.1.11a (3.1.11a)
)))
(C:\Users\Admin\AppData\Local\Programs\MiKTeX\tex/generic/pgf/frontendlayer/tik
z/libraries\tikzlibrarycalc.code.tex
File: tikzlibrarycalc.code.tex 2025-08-29 v3.1.11a (3.1.11a)
)
\pandoc@box=\box76

(C:\Users\Admin\AppData\Local\Programs\MiKTeX\tex/latex/setspace\setspace.sty
Package: setspace 2022/12/04 v6.7b set line spacing
)
(C:\Users\Admin\AppData\Local\Programs\MiKTeX\tex/latex/titlesec\titlesec.sty
Package: titlesec 2025/01/04 v2.17 Sectioning titles
\ttl@box=\box77
\beforetitleunit=\skip65
\aftertitleunit=\skip66
\ttl@plus=\dimen319
\ttl@minus=\dimen320
\ttl@toksa=\toks48
\titlewidth=\dimen321
\titlewidthlast=\dimen322
\titlewidthfirst=\dimen323
)
\c@ieeeref=\count349

(C:\Users\Admin\AppData\Local\Programs\MiKTeX\tex/latex/bookmark\bookmark.sty
Package: bookmark 2023-12-10 v1.31 PDF bookmarks (HO)

(C:\Users\Admin\AppData\Local\Programs\MiKTeX\tex/latex/hyperref\hyperref.sty
Package: hyperref 2026-01-29 v7.01p Hypertext links for LaTeX

(C:\Users\Admin\AppData\Local\Programs\MiKTeX\tex/generic/kvdefinekeys\kvdefine
keys.sty
Package: kvdefinekeys 2019-12-19 v1.6 Define keys (HO)
)
(C:\Users\Admin\AppData\Local\Programs\MiKTeX\tex/generic/pdfescape\pdfescape.s
ty
Package: pdfescape 2019/12/09 v1.15 Implements pdfTeX's escape features (HO)

(C:\Users\Admin\AppData\Local\Programs\MiKTeX\tex/generic/pdftexcmds\pdftexcmds
.sty
Package: pdftexcmds 2020-06-27 v0.33 Utility functions of pdfTeX for LuaTeX (HO
)

(C:\Users\Admin\AppData\Local\Programs\MiKTeX\tex/generic/infwarerr\infwarerr.s
ty
Package: infwarerr 2019/12/03 v1.5 Providing info/warning/error messages (HO)
)
Package pdftexcmds Info: \pdf@primitive is available.
Package pdftexcmds Info: \pdf@ifprimitive is available.
Package pdftexcmds Info: \pdfdraftmode found.
))
(C:\Users\Admin\AppData\Local\Programs\MiKTeX\tex/latex/hycolor\hycolor.sty
Package: hycolor 2020-01-27 v1.10 Color options for hyperref/bookmark (HO)
)
(C:\Users\Admin\AppData\Local\Programs\MiKTeX\tex/latex/hyperref\nameref.sty
Package: nameref 2026-01-29 v2.58 Cross-referencing by name of section

(C:\Users\Admin\AppData\Local\Programs\MiKTeX\tex/latex/refcount\refcount.sty
Package: refcount 2019/12/15 v3.6 Data extraction from label references (HO)
)
(C:\Users\Admin\AppData\Local\Programs\MiKTeX\tex/generic/gettitlestring\gettit
lestring.sty
Package: gettitlestring 2019/12/15 v1.6 Cleanup title references (HO)
)
\c@section@level=\count350
)
(C:\Users\Admin\AppData\Local\Programs\MiKTeX\tex/generic/stringenc\stringenc.s
ty
Package: stringenc 2019/11/29 v1.12 Convert strings between diff. encodings (HO
)
)
\@linkdim=\dimen324
\Hy@linkcounter=\count351
\Hy@pagecounter=\count352
 (C:\Users\Admin\AppData\Local\Programs\MiKTeX\tex/latex/hyperref\pd1enc.def
File: pd1enc.def 2026-01-29 v7.01p Hyperref: PDFDocEncoding definition (HO)
Now handling font encoding PD1 ...
... no UTF-8 mapping file for font encoding PD1
) (C:\Users\Admin\AppData\Local\Programs\MiKTeX\tex/generic/intcalc\intcalc.sty
Package: intcalc 2019/12/15 v1.3 Expandable calculations with integers (HO)
)
\Hy@SavedSpaceFactor=\count353
 (C:\Users\Admin\AppData\Local\Programs\MiKTeX\tex/latex/hyperref\puenc.def
File: puenc.def 2026-01-29 v7.01p Hyperref: PDF Unicode definition (HO)
Now handling font encoding PU ...
... no UTF-8 mapping file for font encoding PU
)
Package hyperref Info: Option `unicode' set `true' on input line 4072.
Package hyperref Info: Hyper figures OFF on input line 4201.
Package hyperref Info: Link nesting OFF on input line 4206.
Package hyperref Info: Hyper index ON on input line 4209.
Package hyperref Info: Plain pages OFF on input line 4216.
Package hyperref Info: Backreferencing OFF on input line 4221.
Package hyperref Info: Implicit mode ON; LaTeX internals redefined.
Package hyperref Info: Bookmarks ON on input line 4468.
\c@Hy@tempcnt=\count354

(C:\Users\Admin\AppData\Local\Programs\MiKTeX\tex/latex/url\url.sty
\Urlmuskip=\muskip18
Package: url 2013/09/16  ver 3.4  Verb mode for urls, etc.
)
LaTeX Info: Redefining \url on input line 4807.
\XeTeXLinkMargin=\dimen325

(C:\Users\Admin\AppData\Local\Programs\MiKTeX\tex/generic/bitset\bitset.sty
Package: bitset 2019/12/09 v1.3 Handle bit-vector datatype (HO)

(C:\Users\Admin\AppData\Local\Programs\MiKTeX\tex/generic/bigintcalc\bigintcalc
.sty
Package: bigintcalc 2019/12/15 v1.5 Expandable calculations on big integers (HO
)
))
\Fld@menulength=\count355
\Field@Width=\dimen326
\Fld@charsize=\dimen327
Package hyperref Info: Hyper figures OFF on input line 6084.
Package hyperref Info: Link nesting OFF on input line 6089.
Package hyperref Info: Hyper index ON on input line 6092.
Package hyperref Info: backreferencing OFF on input line 6099.
Package hyperref Info: Link coloring OFF on input line 6104.
Package hyperref Info: Link coloring with OCG OFF on input line 6109.
Package hyperref Info: PDF/A mode OFF on input line 6114.
\Hy@abspage=\count356
\c@Item=\count357
\c@Hfootnote=\count358
)
Package hyperref Info: Driver (autodetected): hpdftex.

(C:\Users\Admin\AppData\Local\Programs\MiKTeX\tex/latex/hyperref\hpdftex.def
File: hpdftex.def 2026-01-29 v7.01p Hyperref driver for pdfTeX
\Fld@listcount=\count359
\c@bookmark@seq@number=\count360

(C:\Users\Admin\AppData\Local\Programs\MiKTeX\tex/latex/rerunfilecheck\rerunfil
echeck.sty
Package: rerunfilecheck 2025-06-21 v1.11 Rerun checks for auxiliary files (HO)

(C:\Users\Admin\AppData\Local\Programs\MiKTeX\tex/generic/uniquecounter\uniquec
ounter.sty
Package: uniquecounter 2019/12/15 v1.4 Provide unlimited unique counter (HO)
)
Package uniquecounter Info: New unique counter `rerunfilecheck' on input line 2
84.
)
\Hy@SectionHShift=\skip67
)
(C:\Users\Admin\AppData\Local\Programs\MiKTeX\tex/latex/bookmark\bkm-pdftex.def
File: bkm-pdftex.def 2023-12-10 v1.31 bookmark driver for pdfTeX and luaTeX (HO
)
\BKM@id=\count361
)) (C:\Users\Admin\AppData\Local\Programs\MiKTeX\tex/latex/xurl\xurl.sty
Package: xurl 2022/01/09 v 0.10 modify URL breaks
)
Package hyperref Info: Option `bookmarksnumbered' set `true' on input line 334.

LaTeX Font Info:    Trying to load font information for T1+ntxtlf on input line
 339.

(C:\Users\Admin\AppData\Local\Programs\MiKTeX\tex/latex/newtx\t1ntxtlf.fd
File: t1ntxtlf.fd 2021/05/24 v1.1 font definition file for T1/ntx/tlf
)
LaTeX Font Info:    Font shape `T1/ntxtlf/m/n' will be
(Font)              scaled to size 13.0pt on input line 339.

(thesis-final-report-condensed.aux)
\openout1 = `thesis-final-report-condensed.aux'.

LaTeX Font Info:    Checking defaults for OML/ntxmi/m/it on input line 339.
LaTeX Font Info:    Trying to load font information for OML+ntxmi on input line
 339.

(C:\Users\Admin\AppData\Local\Programs\MiKTeX\tex/latex/newtx\omlntxmi.fd
File: omlntxmi.fd 2015/08/25 Fontinst v1.933 font definitions for OML/ntxmi.
)
LaTeX Font Info:    ... okay on input line 339.
LaTeX Font Info:    Checking defaults for OMS/cmsy/m/n on input line 339.
LaTeX Font Info:    ... okay on input line 339.
LaTeX Font Info:    Checking defaults for OT1/cmr/m/n on input line 339.
LaTeX Font Info:    ... okay on input line 339.
LaTeX Font Info:    Checking defaults for T1/cmr/m/n on input line 339.
LaTeX Font Info:    ... okay on input line 339.
LaTeX Font Info:    Checking defaults for TS1/cmr/m/n on input line 339.
LaTeX Font Info:    ... okay on input line 339.
LaTeX Font Info:    Checking defaults for OMX/cmex/m/n on input line 339.
LaTeX Font Info:    ... okay on input line 339.
LaTeX Font Info:    Checking defaults for U/ntxexa/m/n on input line 339.
LaTeX Font Info:    Trying to load font information for U+ntxexa on input line 
339.

(C:\Users\Admin\AppData\Local\Programs\MiKTeX\tex/latex/newtx\untxexa.fd
File: untxexa.fd 2012/04/16 Fontinst v1.933 font definitions for U/ntxexa.
)
LaTeX Font Info:    ... okay on input line 339.
LaTeX Font Info:    Checking defaults for T5/cmr/m/n on input line 339.
LaTeX Font Info:    Trying to load font information for T5+cmr on input line 33
9.

(C:\Users\Admin\AppData\Local\Programs\MiKTeX\tex/latex/vntex\t5cmr.fd
File: t5cmr.fd 1999/05/25 v2.5h Standard LaTeX font definitions
)
LaTeX Font Info:    ... okay on input line 339.
LaTeX Font Info:    Checking defaults for LMS/ntxsy/m/n on input line 339.
LaTeX Font Info:    Trying to load font information for LMS+ntxsy on input line
 339.

(C:\Users\Admin\AppData\Local\Programs\MiKTeX\tex/latex/newtx\lmsntxsy.fd
File: lmsntxsy.fd 2016/07/02 Fontinst v1.933 font definitions for LMS/ntxsy.
)
LaTeX Font Info:    ... okay on input line 339.
LaTeX Font Info:    Checking defaults for LMX/ntxexx/m/n on input line 339.
LaTeX Font Info:    Trying to load font information for LMX+ntxexx on input lin
e 339.

(C:\Users\Admin\AppData\Local\Programs\MiKTeX\tex/latex/newtx\lmxntxexx.fd
File: lmxntxexx.fd 2016/07/03 Fontinst v1.933 font definitions for LMX/ntxexx.
)
LaTeX Font Info:    ... okay on input line 339.
LaTeX Font Info:    Checking defaults for PD1/pdf/m/n on input line 339.
LaTeX Font Info:    ... okay on input line 339.
LaTeX Font Info:    Checking defaults for PU/pdf/m/n on input line 339.
LaTeX Font Info:    ... okay on input line 339.

(C:\Users\Admin\AppData\Local\Programs\MiKTeX\tex/context/base/mkii\supp-pdf.mk
ii
[Loading MPS to PDF converter (version 2006.09.02).]
\scratchcounter=\count362
\scratchdimen=\dimen328
\scratchbox=\box78
\nofMPsegments=\count363
\nofMParguments=\count364
\everyMPshowfont=\toks49
\MPscratchCnt=\count365
\MPscratchDim=\dimen329
\MPnumerator=\count366
\makeMPintoPDFobject=\count367
\everyMPtoPDFconversion=\toks50
)
(C:\Users\Admin\AppData\Local\Programs\MiKTeX\tex/latex/epstopdf-pkg\epstopdf-b
ase.sty
Package: epstopdf-base 2020-01-24 v2.11 Base part for package epstopdf
Package epstopdf-base Info: Redefining graphics rule for `.eps' on input line 4
85.

(C:\Users\Admin\AppData\Local\Programs\MiKTeX\tex/latex/00miktex\epstopdf-sys.c
fg
File: epstopdf-sys.cfg 2021/03/18 v2.0 Configuration of epstopdf for MiKTeX
))
*geometry* driver: auto-detecting
*geometry* detected driver: pdftex
*geometry* verbose mode - [ preamble ] result:
* driver: pdftex
* paper: a4paper
* layout: <same size as paper>
* layoutoffset:(h,v)=(0.0pt,0.0pt)
* modes: 
* h-part:(L,W,R)=(71.13188pt, 455.24411pt, 71.13188pt)
* v-part:(T,H,B)=(71.13188pt, 702.78308pt, 71.13188pt)
* \paperwidth=597.50787pt
* \paperheight=845.04684pt
* \textwidth=455.24411pt
* \textheight=702.78308pt
* \oddsidemargin=-1.1381pt
* \evensidemargin=-1.1381pt
* \topmargin=-50.9304pt
* \headheight=35.56593pt
* \headsep=14.22636pt
* \topskip=10.0pt
* \footskip=35.56593pt
* \marginparwidth=57.0pt
* \marginparsep=11.0pt
* \columnsep=10.0pt
* \skip\footins=11.69997pt plus 5.19942pt minus 2.60054pt
* \hoffset=0.0pt
* \voffset=0.0pt
* \mag=1000
* \@twocolumnfalse
* \@twosidefalse
* \@mparswitchfalse
* \@reversemarginfalse
* (1in=72.27pt=25.4mm, 1cm=28.453pt)

LaTeX Info: Command `\dddot' is already robust on input line 339.
LaTeX Info: Command `\ddddot' is already robust on input line 339.
\c@mv@tabular=\count368
\c@mv@boldtabular=\count369
LaTeX Info: Redefining \microtypecontext on input line 339.
Package microtype Info: Applying patch `item' on input line 339.
Package microtype Info: Applying patch `toc' on input line 339.
Package microtype Info: Applying patch `eqnum' on input line 339.
Package microtype Info: Applying patch `footnote' on input line 339.
Package microtype Info: Applying patch `verbatim' on input line 339.
LaTeX Info: Redefining \microtypesetup on input line 339.
Package microtype Info: Generating PDF output.
Package microtype Info: Character protrusion enabled (level 2).
Package microtype Info: Using protrusion set `basicmath'.
Package microtype Info: Automatic font expansion enabled (level 2),
(microtype)             stretch: 20, shrink: 20, step: 1, non-selected.
Package microtype Info: Using default expansion set `alltext-nott'.
Package microtype Info: Patching command `\showhyphens'.
Package microtype Info: No adjustment of tracking.
Package microtype Info: No adjustment of interword spacing.
Package microtype Info: No adjustment of character kerning.
(C:\Users\Admin\AppData\Local\Programs\MiKTeX\tex/latex/microtype\mt-ptm.cfg
File: mt-ptm.cfg 2006/04/20 v1.7 microtype config. file: Times (RS)
)
Package caption Info: Begin \AtBeginDocument code.
Package caption Info: hyperref package is loaded.
Package caption Info: End \AtBeginDocument code.
Package hyperref Info: Link coloring OFF on input line 339.
Package hyperref Info: Option `pageanchor' set `false' on input line 340.
*geometry* verbose mode - [ newgeometry ] result:
* driver: pdftex
* paper: a4paper
* layout: <same size as paper>
* layoutoffset:(h,v)=(0.0pt,0.0pt)
* modes: 
* h-part:(L,W,R)=(45.52458pt, 506.45871pt, 45.52458pt)
* v-part:(T,H,B)=(42.67912pt, 759.6886pt, 42.67912pt)
* \paperwidth=597.50787pt
* \paperheight=845.04684pt
* \textwidth=506.45871pt
* \textheight=759.6886pt
* \oddsidemargin=-26.7454pt
* \evensidemargin=-26.7454pt
* \topmargin=-79.38316pt
* \headheight=35.56593pt
* \headsep=14.22636pt
* \topskip=10.0pt
* \footskip=35.56593pt
* \marginparwidth=57.0pt
* \marginparsep=11.0pt
* \columnsep=10.0pt
* \skip\footins=11.69997pt plus 5.19942pt minus 2.60054pt
* \hoffset=0.0pt
* \voffset=0.0pt
* \mag=1000
* \@twocolumnfalse
* \@twosidefalse
* \@mparswitchfalse
* \@reversemarginfalse
* (1in=72.27pt=25.4mm, 1cm=28.453pt)

LaTeX Font Info:    Font shape `T1/ntxtlf/b/n' will be
(Font)              scaled to size 13.0pt on input line 349.
LaTeX Font Info:    Font shape `T1/ntxtlf/b/n' will be
(Font)              scaled to size 18.72003pt on input line 349.
LaTeX Font Info:    Font shape `T1/ntxtlf/b/n' will be
(Font)              scaled to size 15.59996pt on input line 350.


e:/anmh1205/IoT_Vehicle_Tracking_System/resources/reports/thesis/final/thesis-f
inal-report-condensed.tex:350: LaTeX Error: Command \ACIRCUMFLEX unavailable in
 encoding T1.

See the LaTeX manual or LaTeX Companion for explanation.
Type  H <return>  for immediate help.
 ...                                              
                                                  
l.350 ...bf{\large KỸ THUẬT CƠ ĐIỆN TỬ}}
                                                  
Your command was ignored.
Type  I <command> <return>  to replace it with another command,
or  <return>  to continue without it.


e:/anmh1205/IoT_Vehicle_Tracking_System/resources/reports/thesis/final/thesis-f
inal-report-condensed.tex:350: LaTeX Error: Command \OHORN unavailable in encod
ing T1.

See the LaTeX manual or LaTeX Companion for explanation.
Type  H <return>  for immediate help.
 ...                                              
                                                  
l.350 ...bf{\large KỸ THUẬT CƠ ĐIỆN TỬ}}
                                                  
Your command was ignored.
Type  I <command> <return>  to replace it with another command,
or  <return>  to continue without it.


e:/anmh1205/IoT_Vehicle_Tracking_System/resources/reports/thesis/final/thesis-f
inal-report-condensed.tex:350: LaTeX Error: Command \ECIRCUMFLEX unavailable in
 encoding T1.

See the LaTeX manual or LaTeX Companion for explanation.
Type  H <return>  for immediate help.
 ...                                              
                                                  
l.350 ...bf{\large KỸ THUẬT CƠ ĐIỆN TỬ}}
                                                  
Your command was ignored.
Type  I <command> <return>  to replace it with another command,
or  <return>  to continue without it.


e:/anmh1205/IoT_Vehicle_Tracking_System/resources/reports/thesis/final/thesis-f
inal-report-condensed.tex:350: LaTeX Error: Command \h unavailable in encoding 
T1.

See the LaTeX manual or LaTeX Companion for explanation.
Type  H <return>  for immediate help.
 ...                                              
                                                  
l.350 ...bf{\large KỸ THUẬT CƠ ĐIỆN TỬ}}
                                                  
Your command was ignored.
Type  I <command> <return>  to replace it with another command,
or  <return>  to continue without it.


e:/anmh1205/IoT_Vehicle_Tracking_System/resources/reports/thesis/final/thesis-f
inal-report-condensed.tex:350: LaTeX Error: Command \UHORN unavailable in encod
ing T1.

See the LaTeX manual or LaTeX Companion for explanation.
Type  H <return>  for immediate help.
 ...                                              
                                                  
l.350 ...bf{\large KỸ THUẬT CƠ ĐIỆN TỬ}}
                                                  
Your command was ignored.
Type  I <command> <return>  to replace it with another command,
or  <return>  to continue without it.


e:/anmh1205/IoT_Vehicle_Tracking_System/resources/reports/thesis/final/thesis-f
inal-report-condensed.tex:354: LaTeX Error: Command \OCIRCUMFLEX unavailable in
 encoding T1.

See the LaTeX manual or LaTeX Companion for explanation.
Type  H <return>  for immediate help.
 ...                                              
                                                  
l.354 ...{\Large BỘ GIÁO DỤC VÀ ĐÀO TẠO}
                                                  \\[0.2cm]
Your command was ignored.
Type  I <command> <return>  to replace it with another command,
or  <return>  to continue without it.

<./assets/brand/phenikaa-university-logo.jpeg, id=6, 963.6pt x 963.6pt>
File: ./assets/brand/phenikaa-university-logo.jpeg Graphic file (type jpg)
<use ./assets/brand/phenikaa-university-logo.jpeg>
Package pdftex.def Info: ./assets/brand/phenikaa-university-logo.jpeg  used on 
input line 359.
(pdftex.def)             Requested size: 140.39136pt x 140.38742pt.
LaTeX Font Info:    Font shape `T1/ntxtlf/m/n' will be
(Font)              scaled to size 28.0pt on input line 362.
LaTeX Font Info:    Font shape `T1/ntxtlf/b/n' will be
(Font)              scaled to size 28.0pt on input line 362.

e:/anmh1205/IoT_Vehicle_Tracking_System/resources/reports/thesis/final/thesis-f
inal-report-condensed.tex:362: LaTeX Error: Command \OCIRCUMFLEX unavailable in
 encoding T1.

See the LaTeX manual or LaTeX Companion for explanation.
Type  H <return>  for immediate help.
 ...                                              
                                                  
l.362 ...lectfont\textbf{ĐỒ ÁN TỐT NGHIỆP}
                                                  }\\[1.0cm]
Your command was ignored.
Type  I <command> <return>  to replace it with another command,
or  <return>  to continue without it.


e:/anmh1205/IoT_Vehicle_Tracking_System/resources/reports/thesis/final/thesis-f
inal-report-condensed.tex:362: LaTeX Error: Command \OCIRCUMFLEX unavailable in
 encoding T1.

See the LaTeX manual or LaTeX Companion for explanation.
Type  H <return>  for immediate help.
 ...                                              
                                                  
l.362 ...lectfont\textbf{ĐỒ ÁN TỐT NGHIỆP}
                                                  }\\[1.0cm]
Your command was ignored.
Type  I <command> <return>  to replace it with another command,
or  <return>  to continue without it.


e:/anmh1205/IoT_Vehicle_Tracking_System/resources/reports/thesis/final/thesis-f
inal-report-condensed.tex:362: LaTeX Error: Command \OCIRCUMFLEX unavailable in
 encoding T1.

See the LaTeX manual or LaTeX Companion for explanation.
Type  H <return>  for immediate help.
 ...                                              
                                                  
l.362 ...lectfont\textbf{ĐỒ ÁN TỐT NGHIỆP}
                                                  }\\[1.0cm]
Your command was ignored.
Type  I <command> <return>  to replace it with another command,
or  <return>  to continue without it.


e:/anmh1205/IoT_Vehicle_Tracking_System/resources/reports/thesis/final/thesis-f
inal-report-condensed.tex:362: LaTeX Error: Command \OCIRCUMFLEX unavailable in
 encoding T1.

See the LaTeX manual or LaTeX Companion for explanation.
Type  H <return>  for immediate help.
 ...                                              
                                                  
l.362 ...lectfont\textbf{ĐỒ ÁN TỐT NGHIỆP}
                                                  }\\[1.0cm]
Your command was ignored.
Type  I <command> <return>  to replace it with another command,
or  <return>  to continue without it.


e:/anmh1205/IoT_Vehicle_Tracking_System/resources/reports/thesis/final/thesis-f
inal-report-condensed.tex:362: LaTeX Error: Command \ECIRCUMFLEX unavailable in
 encoding T1.

See the LaTeX manual or LaTeX Companion for explanation.
Type  H <return>  for immediate help.
 ...                                              
                                                  
l.362 ...lectfont\textbf{ĐỒ ÁN TỐT NGHIỆP}
                                                  }\\[1.0cm]
Your command was ignored.
Type  I <command> <return>  to replace it with another command,
or  <return>  to continue without it.

LaTeX Font Info:    Font shape `T1/ntxtlf/m/n' will be
(Font)              scaled to size 17.0pt on input line 363.
LaTeX Font Info:    Font shape `T1/ntxtlf/b/n' will be
(Font)              scaled to size 17.0pt on input line 363.

e:/anmh1205/IoT_Vehicle_Tracking_System/resources/reports/thesis/final/thesis-f
inal-report-condensed.tex:363: LaTeX Error: Command \ECIRCUMFLEX unavailable in
 encoding T1.

See the LaTeX manual or LaTeX Companion for explanation.
Type  H <return>  for immediate help.
 ...                                              
                                                  
l.363 ... ỨNG DỤNG QUẢN LÝ PHƯƠNG TIỆN}
                                                  }\\
Your command was ignored.
Type  I <command> <return>  to replace it with another command,
or  <return>  to continue without it.


e:/anmh1205/IoT_Vehicle_Tracking_System/resources/reports/thesis/final/thesis-f
inal-report-condensed.tex:363: LaTeX Error: Command \ECIRCUMFLEX unavailable in
 encoding T1.

See the LaTeX manual or LaTeX Companion for explanation.
Type  H <return>  for immediate help.
 ...                                              
                                                  
l.363 ... ỨNG DỤNG QUẢN LÝ PHƯƠNG TIỆN}
                                                  }\\
Your command was ignored.
Type  I <command> <return>  to replace it with another command,
or  <return>  to continue without it.


e:/anmh1205/IoT_Vehicle_Tracking_System/resources/reports/thesis/final/thesis-f
inal-report-condensed.tex:363: LaTeX Error: Command \ECIRCUMFLEX unavailable in
 encoding T1.

See the LaTeX manual or LaTeX Companion for explanation.
Type  H <return>  for immediate help.
 ...                                              
                                                  
l.363 ... ỨNG DỤNG QUẢN LÝ PHƯƠNG TIỆN}
                                                  }\\
Your command was ignored.
Type  I <command> <return>  to replace it with another command,
or  <return>  to continue without it.


e:/anmh1205/IoT_Vehicle_Tracking_System/resources/reports/thesis/final/thesis-f
inal-report-condensed.tex:363: LaTeX Error: Command \ECIRCUMFLEX unavailable in
 encoding T1.

See the LaTeX manual or LaTeX Companion for explanation.
Type  H <return>  for immediate help.
 ...                                              
                                                  
l.363 ... ỨNG DỤNG QUẢN LÝ PHƯƠNG TIỆN}
                                                  }\\
Your command was ignored.
Type  I <command> <return>  to replace it with another command,
or  <return>  to continue without it.


e:/anmh1205/IoT_Vehicle_Tracking_System/resources/reports/thesis/final/thesis-f
inal-report-condensed.tex:363: LaTeX Error: Command \ECIRCUMFLEX unavailable in
 encoding T1.

See the LaTeX manual or LaTeX Companion for explanation.
Type  H <return>  for immediate help.
 ...                                              
                                                  
l.363 ... ỨNG DỤNG QUẢN LÝ PHƯƠNG TIỆN}
                                                  }\\
Your command was ignored.
Type  I <command> <return>  to replace it with another command,
or  <return>  to continue without it.


e:/anmh1205/IoT_Vehicle_Tracking_System/resources/reports/thesis/final/thesis-f
inal-report-condensed.tex:363: LaTeX Error: Command \OCIRCUMFLEX unavailable in
 encoding T1.

See the LaTeX manual or LaTeX Companion for explanation.
Type  H <return>  for immediate help.
 ...                                              
                                                  
l.363 ... ỨNG DỤNG QUẢN LÝ PHƯƠNG TIỆN}
                                                  }\\
Your command was ignored.
Type  I <command> <return>  to replace it with another command,
or  <return>  to continue without it.


e:/anmh1205/IoT_Vehicle_Tracking_System/resources/reports/thesis/final/thesis-f
inal-report-condensed.tex:363: LaTeX Error: Command \OCIRCUMFLEX unavailable in
 encoding T1.

See the LaTeX manual or LaTeX Companion for explanation.
Type  H <return>  for immediate help.
 ...                                              
                                                  
l.363 ... ỨNG DỤNG QUẢN LÝ PHƯƠNG TIỆN}
                                                  }\\
Your command was ignored.
Type  I <command> <return>  to replace it with another command,
or  <return>  to continue without it.


e:/anmh1205/IoT_Vehicle_Tracking_System/resources/reports/thesis/final/thesis-f
inal-report-condensed.tex:363: LaTeX Error: Command \UHORN unavailable in encod
ing T1.

See the LaTeX manual or LaTeX Companion for explanation.
Type  H <return>  for immediate help.
 ...                                              
                                                  
l.363 ... ỨNG DỤNG QUẢN LÝ PHƯƠNG TIỆN}
                                                  }\\
Your command was ignored.
Type  I <command> <return>  to replace it with another command,
or  <return>  to continue without it.


e:/anmh1205/IoT_Vehicle_Tracking_System/resources/reports/thesis/final/thesis-f
inal-report-condensed.tex:363: LaTeX Error: Command \UHORN unavailable in encod
ing T1.

See the LaTeX manual or LaTeX Companion for explanation.
Type  H <return>  for immediate help.
 ...                                              
                                                  
l.363 ... ỨNG DỤNG QUẢN LÝ PHƯƠNG TIỆN}
                                                  }\\
Your command was ignored.
Type  I <command> <return>  to replace it with another command,
or  <return>  to continue without it.


e:/anmh1205/IoT_Vehicle_Tracking_System/resources/reports/thesis/final/thesis-f
inal-report-condensed.tex:363: LaTeX Error: Command \h unavailable in encoding 
T1.

See the LaTeX manual or LaTeX Companion for explanation.
Type  H <return>  for immediate help.
 ...                                              
                                                  
l.363 ... ỨNG DỤNG QUẢN LÝ PHƯƠNG TIỆN}
                                                  }\\
Your command was ignored.
Type  I <command> <return>  to replace it with another command,
or  <return>  to continue without it.


e:/anmh1205/IoT_Vehicle_Tracking_System/resources/reports/thesis/final/thesis-f
inal-report-condensed.tex:363: LaTeX Error: Command \UHORN unavailable in encod
ing T1.

See the LaTeX manual or LaTeX Companion for explanation.
Type  H <return>  for immediate help.
 ...                                              
                                                  
l.363 ... ỨNG DỤNG QUẢN LÝ PHƯƠNG TIỆN}
                                                  }\\
Your command was ignored.
Type  I <command> <return>  to replace it with another command,
or  <return>  to continue without it.


e:/anmh1205/IoT_Vehicle_Tracking_System/resources/reports/thesis/final/thesis-f
inal-report-condensed.tex:363: LaTeX Error: Command \OHORN unavailable in encod
ing T1.

See the LaTeX manual or LaTeX Companion for explanation.
Type  H <return>  for immediate help.
 ...                                              
                                                  
l.363 ... ỨNG DỤNG QUẢN LÝ PHƯƠNG TIỆN}
                                                  }\\
Your command was ignored.
Type  I <command> <return>  to replace it with another command,
or  <return>  to continue without it.


e:/anmh1205/IoT_Vehicle_Tracking_System/resources/reports/thesis/final/thesis-f
inal-report-condensed.tex:363: LaTeX Error: Command \ECIRCUMFLEX unavailable in
 encoding T1.

See the LaTeX manual or LaTeX Companion for explanation.
Type  H <return>  for immediate help.
 ...                                              
                                                  
l.363 ... ỨNG DỤNG QUẢN LÝ PHƯƠNG TIỆN}
                                                  }\\
Your command was ignored.
Type  I <command> <return>  to replace it with another command,
or  <return>  to continue without it.


e:/anmh1205/IoT_Vehicle_Tracking_System/resources/reports/thesis/final/thesis-f
inal-report-condensed.tex:364: LaTeX Error: Command \UHORN unavailable in encod
ing T1.

See the LaTeX manual or LaTeX Companion for explanation.
Type  H <return>  for immediate help.
 ...                                              
                                                  
l.364 ...TRONG LĨNH VỰC CHO THUÊ XE TỰ LÁI}
                                                  }\par
Your command was ignored.
Type  I <command> <return>  to replace it with another command,
or  <return>  to continue without it.


e:/anmh1205/IoT_Vehicle_Tracking_System/resources/reports/thesis/final/thesis-f
inal-report-condensed.tex:364: LaTeX Error: Command \UHORN unavailable in encod
ing T1.

See the LaTeX manual or LaTeX Companion for explanation.
Type  H <return>  for immediate help.
 ...                                              
                                                  
l.364 ...TRONG LĨNH VỰC CHO THUÊ XE TỰ LÁI}
                                                  }\par
Your command was ignored.
Type  I <command> <return>  to replace it with another command,
or  <return>  to continue without it.


e:/anmh1205/IoT_Vehicle_Tracking_System/resources/reports/thesis/final/thesis-f
inal-report-condensed.tex:370: LaTeX Error: Command \ocircumflex unavailable in
 encoding T1.

See the LaTeX manual or LaTeX Companion for explanation.
Type  H <return>  for immediate help.
 ...                                              
                                                  
l.370     \textbf{Mã số sinh viên:}
                                        21010389 \hfill \textbf{Khóa:} K15\...

Your command was ignored.
Type  I <command> <return>  to replace it with another command,
or  <return>  to continue without it.


e:/anmh1205/IoT_Vehicle_Tracking_System/resources/reports/thesis/final/thesis-f
inal-report-condensed.tex:370: LaTeX Error: Command \ocircumflex unavailable in
 encoding T1.

See the LaTeX manual or LaTeX Companion for explanation.
Type  H <return>  for immediate help.
 ...                                              
                                                  
l.370     \textbf{Mã số sinh viên:}
                                        21010389 \hfill \textbf{Khóa:} K15\...

Your command was ignored.
Type  I <command> <return>  to replace it with another command,
or  <return>  to continue without it.


e:/anmh1205/IoT_Vehicle_Tracking_System/resources/reports/thesis/final/thesis-f
inal-report-condensed.tex:371: LaTeX Error: Command \acircumflex unavailable in
 encoding T1.

See the LaTeX manual or LaTeX Companion for explanation.
Type  H <return>  for immediate help.
 ...                                              
                                                  
l.371     \textbf{Ngành:} Kỹ thuậ
                                      t Cơ Điện tử \hfill \textbf{Hệ...

Your command was ignored.
Type  I <command> <return>  to replace it with another command,
or  <return>  to continue without it.


e:/anmh1205/IoT_Vehicle_Tracking_System/resources/reports/thesis/final/thesis-f
inal-report-condensed.tex:371: LaTeX Error: Command \ohorn unavailable in encod
ing T1.

See the LaTeX manual or LaTeX Companion for explanation.
Type  H <return>  for immediate help.
 ...                                              
                                                  
l.371     \textbf{Ngành:} Kỹ thuật Cơ
                                            Điện tử \hfill \textbf{Hệ...

Your command was ignored.
Type  I <command> <return>  to replace it with another command,
or  <return>  to continue without it.


e:/anmh1205/IoT_Vehicle_Tracking_System/resources/reports/thesis/final/thesis-f
inal-report-condensed.tex:371: LaTeX Error: Command \ecircumflex unavailable in
 encoding T1.

See the LaTeX manual or LaTeX Companion for explanation.
Type  H <return>  for immediate help.
 ...                                              
                                                  
l.371     \textbf{Ngành:} Kỹ thuật Cơ Điệ
                                                  n tử \hfill \textbf{Hệ...

Your command was ignored.
Type  I <command> <return>  to replace it with another command,
or  <return>  to continue without it.


e:/anmh1205/IoT_Vehicle_Tracking_System/resources/reports/thesis/final/thesis-f
inal-report-condensed.tex:371: LaTeX Error: Command \h unavailable in encoding 
T1.

See the LaTeX manual or LaTeX Companion for explanation.
Type  H <return>  for immediate help.
 ...                                              
                                                  
l.371 ...bf{Ngành:} Kỹ thuật Cơ Điện tử
                                                   \hfill \textbf{Hệ:} Đ�...

Your command was ignored.
Type  I <command> <return>  to replace it with another command,
or  <return>  to continue without it.


e:/anmh1205/IoT_Vehicle_Tracking_System/resources/reports/thesis/final/thesis-f
inal-report-condensed.tex:371: LaTeX Error: Command \uhorn unavailable in encod
ing T1.

See the LaTeX manual or LaTeX Companion for explanation.
Type  H <return>  for immediate help.
 ...                                              
                                                  
l.371 ...bf{Ngành:} Kỹ thuật Cơ Điện tử
                                                   \hfill \textbf{Hệ:} Đ�...

Your command was ignored.
Type  I <command> <return>  to replace it with another command,
or  <return>  to continue without it.


e:/anmh1205/IoT_Vehicle_Tracking_System/resources/reports/thesis/final/thesis-f
inal-report-condensed.tex:371: LaTeX Error: Command \ecircumflex unavailable in
 encoding T1.

See the LaTeX manual or LaTeX Companion for explanation.
Type  H <return>  for immediate help.
 ...                                              
                                                  
l.371 ...�t Cơ Điện tử \hfill \textbf{Hệ:}
                                                   Đại học chính quy\\...

Your command was ignored.
Type  I <command> <return>  to replace it with another command,
or  <return>  to continue without it.


e:/anmh1205/IoT_Vehicle_Tracking_System/resources/reports/thesis/final/thesis-f
inal-report-condensed.tex:372: LaTeX Error: Command \h unavailable in encoding 
T1.

See the LaTeX manual or LaTeX Companion for explanation.
Type  H <return>  for immediate help.
 ...                                              
                                                  
l.372     \textbf{Giảng viên hướng dẫn:}
                                                 TS. Nguyễn Đức Nam
Your command was ignored.
Type  I <command> <return>  to replace it with another command,
or  <return>  to continue without it.


e:/anmh1205/IoT_Vehicle_Tracking_System/resources/reports/thesis/final/thesis-f
inal-report-condensed.tex:372: LaTeX Error: Command \uhorn unavailable in encod
ing T1.

See the LaTeX manual or LaTeX Companion for explanation.
Type  H <return>  for immediate help.
 ...                                              
                                                  
l.372     \textbf{Giảng viên hướng dẫn:}
                                                 TS. Nguyễn Đức Nam
Your command was ignored.
Type  I <command> <return>  to replace it with another command,
or  <return>  to continue without it.


e:/anmh1205/IoT_Vehicle_Tracking_System/resources/reports/thesis/final/thesis-f
inal-report-condensed.tex:372: LaTeX Error: Command \ohorn unavailable in encod
ing T1.

See the LaTeX manual or LaTeX Companion for explanation.
Type  H <return>  for immediate help.
 ...                                              
                                                  
l.372     \textbf{Giảng viên hướng dẫn:}
                                                 TS. Nguyễn Đức Nam
Your command was ignored.
Type  I <command> <return>  to replace it with another command,
or  <return>  to continue without it.


e:/anmh1205/IoT_Vehicle_Tracking_System/resources/reports/thesis/final/thesis-f
inal-report-condensed.tex:372: LaTeX Error: Command \ohorn unavailable in encod
ing T1.

See the LaTeX manual or LaTeX Companion for explanation.
Type  H <return>  for immediate help.
 ...                                              
                                                  
l.372     \textbf{Giảng viên hướng dẫn:}
                                                 TS. Nguyễn Đức Nam
Your command was ignored.
Type  I <command> <return>  to replace it with another command,
or  <return>  to continue without it.


e:/anmh1205/IoT_Vehicle_Tracking_System/resources/reports/thesis/final/thesis-f
inal-report-condensed.tex:372: LaTeX Error: Command \acircumflex unavailable in
 encoding T1.

See the LaTeX manual or LaTeX Companion for explanation.
Type  H <return>  for immediate help.
 ...                                              
                                                  
l.372     \textbf{Giảng viên hướng dẫn:}
                                                 TS. Nguyễn Đức Nam
Your command was ignored.
Type  I <command> <return>  to replace it with another command,
or  <return>  to continue without it.


e:/anmh1205/IoT_Vehicle_Tracking_System/resources/reports/thesis/final/thesis-f
inal-report-condensed.tex:372: LaTeX Error: Command \acircumflex unavailable in
 encoding T1.

See the LaTeX manual or LaTeX Companion for explanation.
Type  H <return>  for immediate help.
 ...                                              
                                                  
l.372     \textbf{Giảng viên hướng dẫn:}
                                                 TS. Nguyễn Đức Nam
Your command was ignored.
Type  I <command> <return>  to replace it with another command,
or  <return>  to continue without it.


e:/anmh1205/IoT_Vehicle_Tracking_System/resources/reports/thesis/final/thesis-f
inal-report-condensed.tex:372: LaTeX Error: Command \ecircumflex unavailable in
 encoding T1.

See the LaTeX manual or LaTeX Companion for explanation.
Type  H <return>  for immediate help.
 ...                                              
                                                  
l.372 ...iảng viên hướng dẫn:} TS. Nguyễ
                                                  n Đức Nam
Your command was ignored.
Type  I <command> <return>  to replace it with another command,
or  <return>  to continue without it.


e:/anmh1205/IoT_Vehicle_Tracking_System/resources/reports/thesis/final/thesis-f
inal-report-condensed.tex:372: LaTeX Error: Command \ecircumflex unavailable in
 encoding T1.

See the LaTeX manual or LaTeX Companion for explanation.
Type  H <return>  for immediate help.
 ...                                              
                                                  
l.372 ...iảng viên hướng dẫn:} TS. Nguyễ
                                                  n Đức Nam
Your command was ignored.
Type  I <command> <return>  to replace it with another command,
or  <return>  to continue without it.


e:/anmh1205/IoT_Vehicle_Tracking_System/resources/reports/thesis/final/thesis-f
inal-report-condensed.tex:372: LaTeX Error: Command \uhorn unavailable in encod
ing T1.

See the LaTeX manual or LaTeX Companion for explanation.
Type  H <return>  for immediate help.
 ...                                              
                                                  
l.372 ...viên hướng dẫn:} TS. Nguyễn Đứ
                                                  c Nam
Your command was ignored.
Type  I <command> <return>  to replace it with another command,
or  <return>  to continue without it.


e:/anmh1205/IoT_Vehicle_Tracking_System/resources/reports/thesis/final/thesis-f
inal-report-condensed.tex:372: LaTeX Error: Command \uhorn unavailable in encod
ing T1.

See the LaTeX manual or LaTeX Companion for explanation.
Type  H <return>  for immediate help.
 ...                                              
                                                  
l.372 ...viên hướng dẫn:} TS. Nguyễn Đứ
                                                  c Nam
Your command was ignored.
Type  I <command> <return>  to replace it with another command,
or  <return>  to continue without it.

LaTeX Font Info:    Calculating math sizes for size <13> on input line 373.
LaTeX Font Info:    Trying to load font information for OT1+minntx on input lin
e 373.
(C:\Users\Admin\AppData\Local\Programs\MiKTeX\tex/latex/newtx\ot1minntx.fd
File: ot1minntx.fd 2023/09/09 v1.1 font definition file for OT1/minntx
)
LaTeX Font Info:    Font shape `OT1/minntx/m/n' will be
(Font)              scaled to size 13.0pt on input line 373.
LaTeX Font Info:    Font shape `OT1/minntx/m/n' will be
(Font)              scaled to size 9.48994pt on input line 373.
LaTeX Font Info:    Font shape `OT1/minntx/m/n' will be
(Font)              scaled to size 7.15004pt on input line 373.
LaTeX Font Info:    Font shape `OML/ntxmi/m/it' will be
(Font)              scaled to size 13.0pt on input line 373.
LaTeX Font Info:    Font shape `OML/ntxmi/m/it' will be
(Font)              scaled to size 9.48994pt on input line 373.
LaTeX Font Info:    Font shape `OML/ntxmi/m/it' will be
(Font)              scaled to size 7.15004pt on input line 373.
LaTeX Font Info:    Font shape `LMS/ntxsy/m/n' will be
(Font)              scaled to size 13.0pt on input line 373.
LaTeX Font Info:    Font shape `LMS/ntxsy/m/n' will be
(Font)              scaled to size 9.48994pt on input line 373.
LaTeX Font Info:    Font shape `LMS/ntxsy/m/n' will be
(Font)              scaled to size 7.15004pt on input line 373.
LaTeX Font Info:    Font shape `LMX/ntxexx/m/n' will be
(Font)              scaled to size 13.0pt on input line 373.
LaTeX Font Info:    Font shape `LMX/ntxexx/m/n' will be
(Font)              scaled to size 9.48994pt on input line 373.
LaTeX Font Info:    Font shape `LMX/ntxexx/m/n' will be
(Font)              scaled to size 7.15004pt on input line 373.
LaTeX Font Info:    Trying to load font information for U+msa on input line 373
.

(C:\Users\Admin\AppData\Local\Programs\MiKTeX\tex/latex/amsfonts\umsa.fd
File: umsa.fd 2013/01/14 v3.01 AMS symbols A
)
(C:\Users\Admin\AppData\Local\Programs\MiKTeX\tex/latex/microtype\mt-msa.cfg
File: mt-msa.cfg 2006/02/04 v1.1 microtype config. file: AMS symbols (a) (RS)
)
LaTeX Font Info:    Trying to load font information for U+msb on input line 373
.

(C:\Users\Admin\AppData\Local\Programs\MiKTeX\tex/latex/amsfonts\umsb.fd
File: umsb.fd 2013/01/14 v3.01 AMS symbols B
)
(C:\Users\Admin\AppData\Local\Programs\MiKTeX\tex/latex/microtype\mt-msb.cfg
File: mt-msb.cfg 2005/06/01 v1.0 microtype config. file: AMS symbols (b) (RS)
)
LaTeX Font Info:    Trying to load font information for U+ntxmia on input line 
373.

(C:\Users\Admin\AppData\Local\Programs\MiKTeX\tex/latex/newtx\untxmia.fd
File: untxmia.fd 2024/04/09 Fontinst v1.933 font definitions for U/ntxmia.
)
LaTeX Font Info:    Font shape `U/ntxmia/m/it' will be
(Font)              scaled to size 13.0pt on input line 373.
LaTeX Font Info:    Font shape `U/ntxmia/m/it' will be
(Font)              scaled to size 9.48994pt on input line 373.
LaTeX Font Info:    Font shape `U/ntxmia/m/it' will be
(Font)              scaled to size 7.15004pt on input line 373.
LaTeX Font Info:    Trying to load font information for U+ntxsym on input line 
373.

(C:\Users\Admin\AppData\Local\Programs\MiKTeX\tex/latex/newtx\untxsym.fd
File: untxsym.fd 2023/08/16 Fontinst v1.933 font definitions for U/ntxsym.
)
LaTeX Font Info:    Font shape `U/ntxsym/m/n' will be
(Font)              scaled to size 13.0pt on input line 373.
LaTeX Font Info:    Font shape `U/ntxsym/m/n' will be
(Font)              scaled to size 9.48994pt on input line 373.
LaTeX Font Info:    Font shape `U/ntxsym/m/n' will be
(Font)              scaled to size 7.15004pt on input line 373.
LaTeX Font Info:    Trying to load font information for U+ntxsyc on input line 
373.

(C:\Users\Admin\AppData\Local\Programs\MiKTeX\tex/latex/newtx\untxsyc.fd
File: untxsyc.fd 2012/04/12 Fontinst v1.933 font definitions for U/ntxsyc.
)
LaTeX Font Info:    Font shape `U/ntxsyc/m/n' will be
(Font)              scaled to size 13.0pt on input line 373.
LaTeX Font Info:    Font shape `U/ntxsyc/m/n' will be
(Font)              scaled to size 9.48994pt on input line 373.
LaTeX Font Info:    Font shape `U/ntxsyc/m/n' will be
(Font)              scaled to size 7.15004pt on input line 373.
LaTeX Font Info:    Font shape `U/ntxexa/m/n' will be
(Font)              scaled to size 13.0pt on input line 373.
LaTeX Font Info:    Font shape `U/ntxexa/m/n' will be
(Font)              scaled to size 9.48994pt on input line 373.
LaTeX Font Info:    Font shape `U/ntxexa/m/n' will be
(Font)              scaled to size 7.15004pt on input line 373.


e:/anmh1205/IoT_Vehicle_Tracking_System/resources/reports/thesis/final/thesis-f
inal-report-condensed.tex:376: LaTeX Error: Command \ocircumflex unavailable in
 encoding T1.

See the LaTeX manual or LaTeX Companion for explanation.
Type  H <return>  for immediate help.
 ...                                              
                                                  
l.376   \textbf{\Large Hà Nội - 2026}
                                        \par
Your command was ignored.
Type  I <command> <return>  to replace it with another command,
or  <return>  to continue without it.

[1



{C:/Users/Admin/AppData/Local/MiKTeX/fonts/map/pdftex/pdftex.map}{C:/Users/Admi
n/AppData/Local/Programs/MiKTeX/fonts/enc/dvips/newtx/ntx-ec-tlf.enc} <./assets
/brand/phenikaa-university-logo.jpeg>]
*geometry* verbose mode - [ newgeometry ] result:
* driver: pdftex
* paper: a4paper
* layout: <same size as paper>
* layoutoffset:(h,v)=(0.0pt,0.0pt)
* modes: 
* h-part:(L,W,R)=(45.52458pt, 506.45871pt, 45.52458pt)
* v-part:(T,H,B)=(42.67912pt, 759.6886pt, 42.67912pt)
* \paperwidth=597.50787pt
* \paperheight=845.04684pt
* \textwidth=506.45871pt
* \textheight=759.6886pt
* \oddsidemargin=-26.7454pt
* \evensidemargin=-26.7454pt
* \topmargin=-79.38316pt
* \headheight=35.56593pt
* \headsep=14.22636pt
* \topskip=10.0pt
* \footskip=35.56593pt
* \marginparwidth=57.0pt
* \marginparsep=11.0pt
* \columnsep=10.0pt
* \skip\footins=11.69997pt plus 5.19942pt minus 2.60054pt
* \hoffset=0.0pt
* \voffset=0.0pt
* \mag=1000
* \@twocolumnfalse
* \@twosidefalse
* \@mparswitchfalse
* \@reversemarginfalse
* (1in=72.27pt=25.4mm, 1cm=28.453pt)



e:/anmh1205/IoT_Vehicle_Tracking_System/resources/reports/thesis/final/thesis-f
inal-report-condensed.tex:383: LaTeX Error: Command \OCIRCUMFLEX unavailable in
 encoding T1.

See the LaTeX manual or LaTeX Companion for explanation.
Type  H <return>  for immediate help.
 ...                                              
                                                  
l.383 ...{\Large BỘ GIÁO DỤC VÀ ĐÀO TẠO}
                                                  \\[0.15cm]
Your command was ignored.
Type  I <command> <return>  to replace it with another command,
or  <return>  to continue without it.

File: ./assets/brand/phenikaa-university-logo.jpeg Graphic file (type jpg)
<use ./assets/brand/phenikaa-university-logo.jpeg>
Package pdftex.def Info: ./assets/brand/phenikaa-university-logo.jpeg  used on 
input line 388.
(pdftex.def)             Requested size: 151.93915pt x 151.92953pt.
LaTeX Font Info:    Font shape `T1/ntxtlf/m/n' will be
(Font)              scaled to size 27.0pt on input line 391.
LaTeX Font Info:    Font shape `T1/ntxtlf/b/n' will be
(Font)              scaled to size 27.0pt on input line 391.

e:/anmh1205/IoT_Vehicle_Tracking_System/resources/reports/thesis/final/thesis-f
inal-report-condensed.tex:391: LaTeX Error: Command \OCIRCUMFLEX unavailable in
 encoding T1.

See the LaTeX manual or LaTeX Companion for explanation.
Type  H <return>  for immediate help.
 ...                                              
                                                  
l.391 ...lectfont\textbf{ĐỒ ÁN TỐT NGHIỆP}
                                                  }\\[0.9cm]
Your command was ignored.
Type  I <command> <return>  to replace it with another command,
or  <return>  to continue without it.


e:/anmh1205/IoT_Vehicle_Tracking_System/resources/reports/thesis/final/thesis-f
inal-report-condensed.tex:391: LaTeX Error: Command \OCIRCUMFLEX unavailable in
 encoding T1.

See the LaTeX manual or LaTeX Companion for explanation.
Type  H <return>  for immediate help.
 ...                                              
                                                  
l.391 ...lectfont\textbf{ĐỒ ÁN TỐT NGHIỆP}
                                                  }\\[0.9cm]
Your command was ignored.
Type  I <command> <return>  to replace it with another command,
or  <return>  to continue without it.


e:/anmh1205/IoT_Vehicle_Tracking_System/resources/reports/thesis/final/thesis-f
inal-report-condensed.tex:391: LaTeX Error: Command \OCIRCUMFLEX unavailable in
 encoding T1.

See the LaTeX manual or LaTeX Companion for explanation.
Type  H <return>  for immediate help.
 ...                                              
                                                  
l.391 ...lectfont\textbf{ĐỒ ÁN TỐT NGHIỆP}
                                                  }\\[0.9cm]
Your command was ignored.
Type  I <command> <return>  to replace it with another command,
or  <return>  to continue without it.


e:/anmh1205/IoT_Vehicle_Tracking_System/resources/reports/thesis/final/thesis-f
inal-report-condensed.tex:391: LaTeX Error: Command \OCIRCUMFLEX unavailable in
 encoding T1.

See the LaTeX manual or LaTeX Companion for explanation.
Type  H <return>  for immediate help.
 ...                                              
                                                  
l.391 ...lectfont\textbf{ĐỒ ÁN TỐT NGHIỆP}
                                                  }\\[0.9cm]
Your command was ignored.
Type  I <command> <return>  to replace it with another command,
or  <return>  to continue without it.


e:/anmh1205/IoT_Vehicle_Tracking_System/resources/reports/thesis/final/thesis-f
inal-report-condensed.tex:391: LaTeX Error: Command \ECIRCUMFLEX unavailable in
 encoding T1.

See the LaTeX manual or LaTeX Companion for explanation.
Type  H <return>  for immediate help.
 ...                                              
                                                  
l.391 ...lectfont\textbf{ĐỒ ÁN TỐT NGHIỆP}
                                                  }\\[0.9cm]
Your command was ignored.
Type  I <command> <return>  to replace it with another command,
or  <return>  to continue without it.

LaTeX Font Info:    Font shape `T1/ntxtlf/m/n' will be
(Font)              scaled to size 18.0pt on input line 392.
LaTeX Font Info:    Font shape `T1/ntxtlf/b/n' will be
(Font)              scaled to size 18.0pt on input line 392.

e:/anmh1205/IoT_Vehicle_Tracking_System/resources/reports/thesis/final/thesis-f
inal-report-condensed.tex:392: LaTeX Error: Command \ECIRCUMFLEX unavailable in
 encoding T1.

See the LaTeX manual or LaTeX Companion for explanation.
Type  H <return>  for immediate help.
 ...                                              
                                                  
l.392 ... THỐNG IOT CHO ỨNG DỤNG QUẢN LÝ}
                                                  }\\
Your command was ignored.
Type  I <command> <return>  to replace it with another command,
or  <return>  to continue without it.


e:/anmh1205/IoT_Vehicle_Tracking_System/resources/reports/thesis/final/thesis-f
inal-report-condensed.tex:392: LaTeX Error: Command \ECIRCUMFLEX unavailable in
 encoding T1.

See the LaTeX manual or LaTeX Companion for explanation.
Type  H <return>  for immediate help.
 ...                                              
                                                  
l.392 ... THỐNG IOT CHO ỨNG DỤNG QUẢN LÝ}
                                                  }\\
Your command was ignored.
Type  I <command> <return>  to replace it with another command,
or  <return>  to continue without it.


e:/anmh1205/IoT_Vehicle_Tracking_System/resources/reports/thesis/final/thesis-f
inal-report-condensed.tex:392: LaTeX Error: Command \ECIRCUMFLEX unavailable in
 encoding T1.

See the LaTeX manual or LaTeX Companion for explanation.
Type  H <return>  for immediate help.
 ...                                              
                                                  
l.392 ... THỐNG IOT CHO ỨNG DỤNG QUẢN LÝ}
                                                  }\\
Your command was ignored.
Type  I <command> <return>  to replace it with another command,
or  <return>  to continue without it.


e:/anmh1205/IoT_Vehicle_Tracking_System/resources/reports/thesis/final/thesis-f
inal-report-condensed.tex:392: LaTeX Error: Command \ECIRCUMFLEX unavailable in
 encoding T1.

See the LaTeX manual or LaTeX Companion for explanation.
Type  H <return>  for immediate help.
 ...                                              
                                                  
l.392 ... THỐNG IOT CHO ỨNG DỤNG QUẢN LÝ}
                                                  }\\
Your command was ignored.
Type  I <command> <return>  to replace it with another command,
or  <return>  to continue without it.


e:/anmh1205/IoT_Vehicle_Tracking_System/resources/reports/thesis/final/thesis-f
inal-report-condensed.tex:392: LaTeX Error: Command \ECIRCUMFLEX unavailable in
 encoding T1.

See the LaTeX manual or LaTeX Companion for explanation.
Type  H <return>  for immediate help.
 ...                                              
                                                  
l.392 ... THỐNG IOT CHO ỨNG DỤNG QUẢN LÝ}
                                                  }\\
Your command was ignored.
Type  I <command> <return>  to replace it with another command,
or  <return>  to continue without it.


e:/anmh1205/IoT_Vehicle_Tracking_System/resources/reports/thesis/final/thesis-f
inal-report-condensed.tex:392: LaTeX Error: Command \OCIRCUMFLEX unavailable in
 encoding T1.

See the LaTeX manual or LaTeX Companion for explanation.
Type  H <return>  for immediate help.
 ...                                              
                                                  
l.392 ... THỐNG IOT CHO ỨNG DỤNG QUẢN LÝ}
                                                  }\\
Your command was ignored.
Type  I <command> <return>  to replace it with another command,
or  <return>  to continue without it.


e:/anmh1205/IoT_Vehicle_Tracking_System/resources/reports/thesis/final/thesis-f
inal-report-condensed.tex:392: LaTeX Error: Command \OCIRCUMFLEX unavailable in
 encoding T1.

See the LaTeX manual or LaTeX Companion for explanation.
Type  H <return>  for immediate help.
 ...                                              
                                                  
l.392 ... THỐNG IOT CHO ỨNG DỤNG QUẢN LÝ}
                                                  }\\
Your command was ignored.
Type  I <command> <return>  to replace it with another command,
or  <return>  to continue without it.


e:/anmh1205/IoT_Vehicle_Tracking_System/resources/reports/thesis/final/thesis-f
inal-report-condensed.tex:392: LaTeX Error: Command \UHORN unavailable in encod
ing T1.

See the LaTeX manual or LaTeX Companion for explanation.
Type  H <return>  for immediate help.
 ...                                              
                                                  
l.392 ... THỐNG IOT CHO ỨNG DỤNG QUẢN LÝ}
                                                  }\\
Your command was ignored.
Type  I <command> <return>  to replace it with another command,
or  <return>  to continue without it.


e:/anmh1205/IoT_Vehicle_Tracking_System/resources/reports/thesis/final/thesis-f
inal-report-condensed.tex:392: LaTeX Error: Command \UHORN unavailable in encod
ing T1.

See the LaTeX manual or LaTeX Companion for explanation.
Type  H <return>  for immediate help.
 ...                                              
                                                  
l.392 ... THỐNG IOT CHO ỨNG DỤNG QUẢN LÝ}
                                                  }\\
Your command was ignored.
Type  I <command> <return>  to replace it with another command,
or  <return>  to continue without it.


e:/anmh1205/IoT_Vehicle_Tracking_System/resources/reports/thesis/final/thesis-f
inal-report-condensed.tex:392: LaTeX Error: Command \h unavailable in encoding 
T1.

See the LaTeX manual or LaTeX Companion for explanation.
Type  H <return>  for immediate help.
 ...                                              
                                                  
l.392 ... THỐNG IOT CHO ỨNG DỤNG QUẢN LÝ}
                                                  }\\
Your command was ignored.
Type  I <command> <return>  to replace it with another command,
or  <return>  to continue without it.


e:/anmh1205/IoT_Vehicle_Tracking_System/resources/reports/thesis/final/thesis-f
inal-report-condensed.tex:393: LaTeX Error: Command \UHORN unavailable in encod
ing T1.

See the LaTeX manual or LaTeX Companion for explanation.
Type  H <return>  for immediate help.
 ...                                              
                                                  
l.393 ...�NG TIỆN GIAO THÔNG TRONG LĨNH VỰC}
                                                  }\\
Your command was ignored.
Type  I <command> <return>  to replace it with another command,
or  <return>  to continue without it.


e:/anmh1205/IoT_Vehicle_Tracking_System/resources/reports/thesis/final/thesis-f
inal-report-condensed.tex:393: LaTeX Error: Command \OHORN unavailable in encod
ing T1.

See the LaTeX manual or LaTeX Companion for explanation.
Type  H <return>  for immediate help.
 ...                                              
                                                  
l.393 ...�NG TIỆN GIAO THÔNG TRONG LĨNH VỰC}
                                                  }\\
Your command was ignored.
Type  I <command> <return>  to replace it with another command,
or  <return>  to continue without it.


e:/anmh1205/IoT_Vehicle_Tracking_System/resources/reports/thesis/final/thesis-f
inal-report-condensed.tex:393: LaTeX Error: Command \ECIRCUMFLEX unavailable in
 encoding T1.

See the LaTeX manual or LaTeX Companion for explanation.
Type  H <return>  for immediate help.
 ...                                              
                                                  
l.393 ...�NG TIỆN GIAO THÔNG TRONG LĨNH VỰC}
                                                  }\\
Your command was ignored.
Type  I <command> <return>  to replace it with another command,
or  <return>  to continue without it.


e:/anmh1205/IoT_Vehicle_Tracking_System/resources/reports/thesis/final/thesis-f
inal-report-condensed.tex:393: LaTeX Error: Command \UHORN unavailable in encod
ing T1.

See the LaTeX manual or LaTeX Companion for explanation.
Type  H <return>  for immediate help.
 ...                                              
                                                  
l.393 ...�NG TIỆN GIAO THÔNG TRONG LĨNH VỰC}
                                                  }\\
Your command was ignored.
Type  I <command> <return>  to replace it with another command,
or  <return>  to continue without it.


e:/anmh1205/IoT_Vehicle_Tracking_System/resources/reports/thesis/final/thesis-f
inal-report-condensed.tex:394: LaTeX Error: Command \UHORN unavailable in encod
ing T1.

See the LaTeX manual or LaTeX Companion for explanation.
Type  H <return>  for immediate help.
 ...                                              
                                                  
l.394 ...selectfont\textbf{CHO THUÊ XE TỰ LÁI}
                                                  }
Your command was ignored.
Type  I <command> <return>  to replace it with another command,
or  <return>  to continue without it.


e:/anmh1205/IoT_Vehicle_Tracking_System/resources/reports/thesis/final/thesis-f
inal-report-condensed.tex:400: LaTeX Error: Command \ocircumflex unavailable in
 encoding T1.

See the LaTeX manual or LaTeX Companion for explanation.
Type  H <return>  for immediate help.
 ...                                              
                                                  
l.400     \textbf{Mã số sinh viên:}
                                        21010389 \hfill \textbf{Khóa:} K15\...

Your command was ignored.
Type  I <command> <return>  to replace it with another command,
or  <return>  to continue without it.


e:/anmh1205/IoT_Vehicle_Tracking_System/resources/reports/thesis/final/thesis-f
inal-report-condensed.tex:400: LaTeX Error: Command \ocircumflex unavailable in
 encoding T1.

See the LaTeX manual or LaTeX Companion for explanation.
Type  H <return>  for immediate help.
 ...                                              
                                                  
l.400     \textbf{Mã số sinh viên:}
                                        21010389 \hfill \textbf{Khóa:} K15\...

Your command was ignored.
Type  I <command> <return>  to replace it with another command,
or  <return>  to continue without it.


e:/anmh1205/IoT_Vehicle_Tracking_System/resources/reports/thesis/final/thesis-f
inal-report-condensed.tex:401: LaTeX Error: Command \acircumflex unavailable in
 encoding T1.

See the LaTeX manual or LaTeX Companion for explanation.
Type  H <return>  for immediate help.
 ...                                              
                                                  
l.401     \textbf{Ngành:} Kỹ thuậ
                                      t Cơ Điện tử \hfill \textbf{Hệ...

Your command was ignored.
Type  I <command> <return>  to replace it with another command,
or  <return>  to continue without it.


e:/anmh1205/IoT_Vehicle_Tracking_System/resources/reports/thesis/final/thesis-f
inal-report-condensed.tex:401: LaTeX Error: Command \ohorn unavailable in encod
ing T1.

See the LaTeX manual or LaTeX Companion for explanation.
Type  H <return>  for immediate help.
 ...                                              
                                                  
l.401     \textbf{Ngành:} Kỹ thuật Cơ
                                            Điện tử \hfill \textbf{Hệ...

Your command was ignored.
Type  I <command> <return>  to replace it with another command,
or  <return>  to continue without it.


e:/anmh1205/IoT_Vehicle_Tracking_System/resources/reports/thesis/final/thesis-f
inal-report-condensed.tex:401: LaTeX Error: Command \ecircumflex unavailable in
 encoding T1.

See the LaTeX manual or LaTeX Companion for explanation.
Type  H <return>  for immediate help.
 ...                                              
                                                  
l.401     \textbf{Ngành:} Kỹ thuật Cơ Điệ
                                                  n tử \hfill \textbf{Hệ...

Your command was ignored.
Type  I <command> <return>  to replace it with another command,
or  <return>  to continue without it.


e:/anmh1205/IoT_Vehicle_Tracking_System/resources/reports/thesis/final/thesis-f
inal-report-condensed.tex:401: LaTeX Error: Command \h unavailable in encoding 
T1.

See the LaTeX manual or LaTeX Companion for explanation.
Type  H <return>  for immediate help.
 ...                                              
                                                  
l.401 ...bf{Ngành:} Kỹ thuật Cơ Điện tử
                                                   \hfill \textbf{Hệ:} Đ�...

Your command was ignored.
Type  I <command> <return>  to replace it with another command,
or  <return>  to continue without it.


e:/anmh1205/IoT_Vehicle_Tracking_System/resources/reports/thesis/final/thesis-f
inal-report-condensed.tex:401: LaTeX Error: Command \uhorn unavailable in encod
ing T1.

See the LaTeX manual or LaTeX Companion for explanation.
Type  H <return>  for immediate help.
 ...                                              
                                                  
l.401 ...bf{Ngành:} Kỹ thuật Cơ Điện tử
                                                   \hfill \textbf{Hệ:} Đ�...

Your command was ignored.
Type  I <command> <return>  to replace it with another command,
or  <return>  to continue without it.


e:/anmh1205/IoT_Vehicle_Tracking_System/resources/reports/thesis/final/thesis-f
inal-report-condensed.tex:401: LaTeX Error: Command \ecircumflex unavailable in
 encoding T1.

See the LaTeX manual or LaTeX Companion for explanation.
Type  H <return>  for immediate help.
 ...                                              
                                                  
l.401 ...�t Cơ Điện tử \hfill \textbf{Hệ:}
                                                   Đại học chính quy\\...

Your command was ignored.
Type  I <command> <return>  to replace it with another command,
or  <return>  to continue without it.


e:/anmh1205/IoT_Vehicle_Tracking_System/resources/reports/thesis/final/thesis-f
inal-report-condensed.tex:402: LaTeX Error: Command \h unavailable in encoding 
T1.

See the LaTeX manual or LaTeX Companion for explanation.
Type  H <return>  for immediate help.
 ...                                              
                                                  
l.402     \textbf{Giảng viên hướng dẫn:}
                                                 TS. Nguyễn Đức Nam
Your command was ignored.
Type  I <command> <return>  to replace it with another command,
or  <return>  to continue without it.


e:/anmh1205/IoT_Vehicle_Tracking_System/resources/reports/thesis/final/thesis-f
inal-report-condensed.tex:402: LaTeX Error: Command \uhorn unavailable in encod
ing T1.

See the LaTeX manual or LaTeX Companion for explanation.
Type  H <return>  for immediate help.
 ...                                              
                                                  
l.402     \textbf{Giảng viên hướng dẫn:}
                                                 TS. Nguyễn Đức Nam
Your command was ignored.
Type  I <command> <return>  to replace it with another command,
or  <return>  to continue without it.


e:/anmh1205/IoT_Vehicle_Tracking_System/resources/reports/thesis/final/thesis-f
inal-report-condensed.tex:402: LaTeX Error: Command \ohorn unavailable in encod
ing T1.

See the LaTeX manual or LaTeX Companion for explanation.
Type  H <return>  for immediate help.
 ...                                              
                                                  
l.402     \textbf{Giảng viên hướng dẫn:}
                                                 TS. Nguyễn Đức Nam
Your command was ignored.
Type  I <command> <return>  to replace it with another command,
or  <return>  to continue without it.


e:/anmh1205/IoT_Vehicle_Tracking_System/resources/reports/thesis/final/thesis-f
inal-report-condensed.tex:402: LaTeX Error: Command \ohorn unavailable in encod
ing T1.

See the LaTeX manual or LaTeX Companion for explanation.
Type  H <return>  for immediate help.
 ...                                              
                                                  
l.402     \textbf{Giảng viên hướng dẫn:}
                                                 TS. Nguyễn Đức Nam
Your command was ignored.
Type  I <command> <return>  to replace it with another command,
or  <return>  to continue without it.


e:/anmh1205/IoT_Vehicle_Tracking_System/resources/reports/thesis/final/thesis-f
inal-report-condensed.tex:402: LaTeX Error: Command \acircumflex unavailable in
 encoding T1.

See the LaTeX manual or LaTeX Companion for explanation.
Type  H <return>  for immediate help.
 ...                                              
                                                  
l.402     \textbf{Giảng viên hướng dẫn:}
                                                 TS. Nguyễn Đức Nam
Your command was ignored.
Type  I <command> <return>  to replace it with another command,
or  <return>  to continue without it.


e:/anmh1205/IoT_Vehicle_Tracking_System/resources/reports/thesis/final/thesis-f
inal-report-condensed.tex:402: LaTeX Error: Command \acircumflex unavailable in
 encoding T1.

See the LaTeX manual or LaTeX Companion for explanation.
Type  H <return>  for immediate help.
 ...                                              
                                                  
l.402     \textbf{Giảng viên hướng dẫn:}
                                                 TS. Nguyễn Đức Nam
Your command was ignored.
Type  I <command> <return>  to replace it with another command,
or  <return>  to continue without it.


e:/anmh1205/IoT_Vehicle_Tracking_System/resources/reports/thesis/final/thesis-f
inal-report-condensed.tex:402: LaTeX Error: Command \ecircumflex unavailable in
 encoding T1.

See the LaTeX manual or LaTeX Companion for explanation.
Type  H <return>  for immediate help.
 ...                                              
                                                  
l.402 ...iảng viên hướng dẫn:} TS. Nguyễ
                                                  n Đức Nam
Your command was ignored.
Type  I <command> <return>  to replace it with another command,
or  <return>  to continue without it.


e:/anmh1205/IoT_Vehicle_Tracking_System/resources/reports/thesis/final/thesis-f
inal-report-condensed.tex:402: LaTeX Error: Command \ecircumflex unavailable in
 encoding T1.

See the LaTeX manual or LaTeX Companion for explanation.
Type  H <return>  for immediate help.
 ...                                              
                                                  
l.402 ...iảng viên hướng dẫn:} TS. Nguyễ
                                                  n Đức Nam
Your command was ignored.
Type  I <command> <return>  to replace it with another command,
or  <return>  to continue without it.


e:/anmh1205/IoT_Vehicle_Tracking_System/resources/reports/thesis/final/thesis-f
inal-report-condensed.tex:402: LaTeX Error: Command \uhorn unavailable in encod
ing T1.

See the LaTeX manual or LaTeX Companion for explanation.
Type  H <return>  for immediate help.
 ...                                              
                                                  
l.402 ...viên hướng dẫn:} TS. Nguyễn Đứ
                                                  c Nam
Your command was ignored.
Type  I <command> <return>  to replace it with another command,
or  <return>  to continue without it.


e:/anmh1205/IoT_Vehicle_Tracking_System/resources/reports/thesis/final/thesis-f
inal-report-condensed.tex:402: LaTeX Error: Command \uhorn unavailable in encod
ing T1.

See the LaTeX manual or LaTeX Companion for explanation.
Type  H <return>  for immediate help.
 ...                                              
                                                  
l.402 ...viên hướng dẫn:} TS. Nguyễn Đứ
                                                  c Nam
Your command was ignored.
Type  I <command> <return>  to replace it with another command,
or  <return>  to continue without it.


e:/anmh1205/IoT_Vehicle_Tracking_System/resources/reports/thesis/final/thesis-f
inal-report-condensed.tex:406: LaTeX Error: Command \ocircumflex unavailable in
 encoding T1.

See the LaTeX manual or LaTeX Companion for explanation.
Type  H <return>  for immediate help.
 ...                                              
                                                  
l.406   \textbf{\Large Hà Nội – 2026}
                                          
Your command was ignored.
Type  I <command> <return>  to replace it with another command,
or  <return>  to continue without it.

[2




]
*geometry* verbose mode - [ newgeometry ] result:
* driver: pdftex
* paper: a4paper
* layout: <same size as paper>
* layoutoffset:(h,v)=(0.0pt,0.0pt)
* modes: 
* h-part:(L,W,R)=(45.52458pt, 506.45871pt, 45.52458pt)
* v-part:(T,H,B)=(42.67912pt, 759.6886pt, 42.67912pt)
* \paperwidth=597.50787pt
* \paperheight=845.04684pt
* \textwidth=506.45871pt
* \textheight=759.6886pt
* \oddsidemargin=-26.7454pt
* \evensidemargin=-26.7454pt
* \topmargin=-79.38316pt
* \headheight=35.56593pt
* \headsep=14.22636pt
* \topskip=10.0pt
* \footskip=35.56593pt
* \marginparwidth=57.0pt
* \marginparsep=11.0pt
* \columnsep=10.0pt
* \skip\footins=11.69997pt plus 5.19942pt minus 2.60054pt
* \hoffset=0.0pt
* \voffset=0.0pt
* \mag=1000
* \@twocolumnfalse
* \@twosidefalse
* \@mparswitchfalse
* \@reversemarginfalse
* (1in=72.27pt=25.4mm, 1cm=28.453pt)

File: ./assets/brand/phenikaa-university-logo.jpeg Graphic file (type jpg)
<use ./assets/brand/phenikaa-university-logo.jpeg>
Package pdftex.def Info: ./assets/brand/phenikaa-university-logo.jpeg  used on 
input line 415.
(pdftex.def)             Requested size: 141.80782pt x 141.79893pt.
LaTeX Font Info:    Font shape `T1/ntxtlf/m/n' will be
(Font)              scaled to size 22.0pt on input line 418.
LaTeX Font Info:    Font shape `T1/ntxtlf/b/n' will be
(Font)              scaled to size 22.0pt on input line 418.
LaTeX Font Info:    Font shape `T1/ntxtlf/m/n' will be
(Font)              scaled to size 15.0pt on input line 421.
LaTeX Font Info:    Font shape `T1/ntxtlf/b/n' will be
(Font)              scaled to size 15.0pt on input line 421.
 [3




]
*geometry* verbose mode - [ newgeometry ] result:
* driver: pdftex
* paper: a4paper
* layout: <same size as paper>
* layoutoffset:(h,v)=(0.0pt,0.0pt)
* modes: 
* h-part:(L,W,R)=(45.52458pt, 506.45871pt, 45.52458pt)
* v-part:(T,H,B)=(42.67912pt, 759.6886pt, 42.67912pt)
* \paperwidth=597.50787pt
* \paperheight=845.04684pt
* \textwidth=506.45871pt
* \textheight=759.6886pt
* \oddsidemargin=-26.7454pt
* \evensidemargin=-26.7454pt
* \topmargin=-79.38316pt
* \headheight=35.56593pt
* \headsep=14.22636pt
* \topskip=10.0pt
* \footskip=35.56593pt
* \marginparwidth=57.0pt
* \marginparsep=11.0pt
* \columnsep=10.0pt
* \skip\footins=11.69997pt plus 5.19942pt minus 2.60054pt
* \hoffset=0.0pt
* \voffset=0.0pt
* \mag=1000
* \@twocolumnfalse
* \@twosidefalse
* \@mparswitchfalse
* \@reversemarginfalse
* (1in=72.27pt=25.4mm, 1cm=28.453pt)



e:/anmh1205/IoT_Vehicle_Tracking_System/resources/reports/thesis/final/thesis-f
inal-report-condensed.tex:455: LaTeX Error: Command \OHORN unavailable in encod
ing T1.

See the LaTeX manual or LaTeX Companion for explanation.
Type  H <return>  for immediate help.
 ...                                              
                                                  
l.455 ...Large KHOA CƠ KHÍ – CƠ ĐIỆN TỬ}
                                                  }\\[0.25cm]
Your command was ignored.
Type  I <command> <return>  to replace it with another command,
or  <return>  to continue without it.


e:/anmh1205/IoT_Vehicle_Tracking_System/resources/reports/thesis/final/thesis-f
inal-report-condensed.tex:455: LaTeX Error: Command \OHORN unavailable in encod
ing T1.

See the LaTeX manual or LaTeX Companion for explanation.
Type  H <return>  for immediate help.
 ...                                              
                                                  
l.455 ...Large KHOA CƠ KHÍ – CƠ ĐIỆN TỬ}
                                                  }\\[0.25cm]
Your command was ignored.
Type  I <command> <return>  to replace it with another command,
or  <return>  to continue without it.


e:/anmh1205/IoT_Vehicle_Tracking_System/resources/reports/thesis/final/thesis-f
inal-report-condensed.tex:455: LaTeX Error: Command \ECIRCUMFLEX unavailable in
 encoding T1.

See the LaTeX manual or LaTeX Companion for explanation.
Type  H <return>  for immediate help.
 ...                                              
                                                  
l.455 ...Large KHOA CƠ KHÍ – CƠ ĐIỆN TỬ}
                                                  }\\[0.25cm]
Your command was ignored.
Type  I <command> <return>  to replace it with another command,
or  <return>  to continue without it.


e:/anmh1205/IoT_Vehicle_Tracking_System/resources/reports/thesis/final/thesis-f
inal-report-condensed.tex:455: LaTeX Error: Command \h unavailable in encoding 
T1.

See the LaTeX manual or LaTeX Companion for explanation.
Type  H <return>  for immediate help.
 ...                                              
                                                  
l.455 ...Large KHOA CƠ KHÍ – CƠ ĐIỆN TỬ}
                                                  }\\[0.25cm]
Your command was ignored.
Type  I <command> <return>  to replace it with another command,
or  <return>  to continue without it.


e:/anmh1205/IoT_Vehicle_Tracking_System/resources/reports/thesis/final/thesis-f
inal-report-condensed.tex:455: LaTeX Error: Command \UHORN unavailable in encod
ing T1.

See the LaTeX manual or LaTeX Companion for explanation.
Type  H <return>  for immediate help.
 ...                                              
                                                  
l.455 ...Large KHOA CƠ KHÍ – CƠ ĐIỆN TỬ}
                                                  }\\[0.25cm]
Your command was ignored.
Type  I <command> <return>  to replace it with another command,
or  <return>  to continue without it.

File: ./assets/brand/phenikaa-university-logo.jpeg Graphic file (type jpg)
<use ./assets/brand/phenikaa-university-logo.jpeg>
Package pdftex.def Info: ./assets/brand/phenikaa-university-logo.jpeg  used on 
input line 456.
(pdftex.def)             Requested size: 136.746pt x 136.741pt.
LaTeX Font Info:    Font shape `T1/ntxtlf/m/n' will be
(Font)              scaled to size 21.0pt on input line 459.
LaTeX Font Info:    Font shape `T1/ntxtlf/b/n' will be
(Font)              scaled to size 21.0pt on input line 459.
LaTeX Font Info:    Font shape `T1/ntxtlf/m/n' will be
(Font)              scaled to size 26.0pt on input line 460.
LaTeX Font Info:    Font shape `T1/ntxtlf/b/n' will be
(Font)              scaled to size 26.0pt on input line 460.

e:/anmh1205/IoT_Vehicle_Tracking_System/resources/reports/thesis/final/thesis-f
inal-report-condensed.tex:460: LaTeX Error: Command \OCIRCUMFLEX unavailable in
 encoding T1.

See the LaTeX manual or LaTeX Companion for explanation.
Type  H <return>  for immediate help.
 ...                                              
                                                  
l.460 ...lectfont\textbf{ĐỒ ÁN TỐT NGHIỆP}
                                                  }\\[0.45cm]
Your command was ignored.
Type  I <command> <return>  to replace it with another command,
or  <return>  to continue without it.


e:/anmh1205/IoT_Vehicle_Tracking_System/resources/reports/thesis/final/thesis-f
inal-report-condensed.tex:460: LaTeX Error: Command \OCIRCUMFLEX unavailable in
 encoding T1.

See the LaTeX manual or LaTeX Companion for explanation.
Type  H <return>  for immediate help.
 ...                                              
                                                  
l.460 ...lectfont\textbf{ĐỒ ÁN TỐT NGHIỆP}
                                                  }\\[0.45cm]
Your command was ignored.
Type  I <command> <return>  to replace it with another command,
or  <return>  to continue without it.


e:/anmh1205/IoT_Vehicle_Tracking_System/resources/reports/thesis/final/thesis-f
inal-report-condensed.tex:460: LaTeX Error: Command \OCIRCUMFLEX unavailable in
 encoding T1.

See the LaTeX manual or LaTeX Companion for explanation.
Type  H <return>  for immediate help.
 ...                                              
                                                  
l.460 ...lectfont\textbf{ĐỒ ÁN TỐT NGHIỆP}
                                                  }\\[0.45cm]
Your command was ignored.
Type  I <command> <return>  to replace it with another command,
or  <return>  to continue without it.


e:/anmh1205/IoT_Vehicle_Tracking_System/resources/reports/thesis/final/thesis-f
inal-report-condensed.tex:460: LaTeX Error: Command \OCIRCUMFLEX unavailable in
 encoding T1.

See the LaTeX manual or LaTeX Companion for explanation.
Type  H <return>  for immediate help.
 ...                                              
                                                  
l.460 ...lectfont\textbf{ĐỒ ÁN TỐT NGHIỆP}
                                                  }\\[0.45cm]
Your command was ignored.
Type  I <command> <return>  to replace it with another command,
or  <return>  to continue without it.


e:/anmh1205/IoT_Vehicle_Tracking_System/resources/reports/thesis/final/thesis-f
inal-report-condensed.tex:460: LaTeX Error: Command \ECIRCUMFLEX unavailable in
 encoding T1.

See the LaTeX manual or LaTeX Companion for explanation.
Type  H <return>  for immediate help.
 ...                                              
                                                  
l.460 ...lectfont\textbf{ĐỒ ÁN TỐT NGHIỆP}
                                                  }\\[0.45cm]
Your command was ignored.
Type  I <command> <return>  to replace it with another command,
or  <return>  to continue without it.


e:/anmh1205/IoT_Vehicle_Tracking_System/resources/reports/thesis/final/thesis-f
inal-report-condensed.tex:461: LaTeX Error: Command \ECIRCUMFLEX unavailable in
 encoding T1.

See the LaTeX manual or LaTeX Companion for explanation.
Type  H <return>  for immediate help.
 ...                                              
                                                  
l.461 ... THỐNG IOT CHO ỨNG DỤNG QUẢN LÝ}
                                                  }\\
Your command was ignored.
Type  I <command> <return>  to replace it with another command,
or  <return>  to continue without it.


e:/anmh1205/IoT_Vehicle_Tracking_System/resources/reports/thesis/final/thesis-f
inal-report-condensed.tex:461: LaTeX Error: Command \ECIRCUMFLEX unavailable in
 encoding T1.

See the LaTeX manual or LaTeX Companion for explanation.
Type  H <return>  for immediate help.
 ...                                              
                                                  
l.461 ... THỐNG IOT CHO ỨNG DỤNG QUẢN LÝ}
                                                  }\\
Your command was ignored.
Type  I <command> <return>  to replace it with another command,
or  <return>  to continue without it.


e:/anmh1205/IoT_Vehicle_Tracking_System/resources/reports/thesis/final/thesis-f
inal-report-condensed.tex:461: LaTeX Error: Command \ECIRCUMFLEX unavailable in
 encoding T1.

See the LaTeX manual or LaTeX Companion for explanation.
Type  H <return>  for immediate help.
 ...                                              
                                                  
l.461 ... THỐNG IOT CHO ỨNG DỤNG QUẢN LÝ}
                                                  }\\
Your command was ignored.
Type  I <command> <return>  to replace it with another command,
or  <return>  to continue without it.


e:/anmh1205/IoT_Vehicle_Tracking_System/resources/reports/thesis/final/thesis-f
inal-report-condensed.tex:461: LaTeX Error: Command \ECIRCUMFLEX unavailable in
 encoding T1.

See the LaTeX manual or LaTeX Companion for explanation.
Type  H <return>  for immediate help.
 ...                                              
                                                  
l.461 ... THỐNG IOT CHO ỨNG DỤNG QUẢN LÝ}
                                                  }\\
Your command was ignored.
Type  I <command> <return>  to replace it with another command,
or  <return>  to continue without it.


e:/anmh1205/IoT_Vehicle_Tracking_System/resources/reports/thesis/final/thesis-f
inal-report-condensed.tex:461: LaTeX Error: Command \ECIRCUMFLEX unavailable in
 encoding T1.

See the LaTeX manual or LaTeX Companion for explanation.
Type  H <return>  for immediate help.
 ...                                              
                                                  
l.461 ... THỐNG IOT CHO ỨNG DỤNG QUẢN LÝ}
                                                  }\\
Your command was ignored.
Type  I <command> <return>  to replace it with another command,
or  <return>  to continue without it.


e:/anmh1205/IoT_Vehicle_Tracking_System/resources/reports/thesis/final/thesis-f
inal-report-condensed.tex:461: LaTeX Error: Command \OCIRCUMFLEX unavailable in
 encoding T1.

See the LaTeX manual or LaTeX Companion for explanation.
Type  H <return>  for immediate help.
 ...                                              
                                                  
l.461 ... THỐNG IOT CHO ỨNG DỤNG QUẢN LÝ}
                                                  }\\
Your command was ignored.
Type  I <command> <return>  to replace it with another command,
or  <return>  to continue without it.


e:/anmh1205/IoT_Vehicle_Tracking_System/resources/reports/thesis/final/thesis-f
inal-report-condensed.tex:461: LaTeX Error: Command \OCIRCUMFLEX unavailable in
 encoding T1.

See the LaTeX manual or LaTeX Companion for explanation.
Type  H <return>  for immediate help.
 ...                                              
                                                  
l.461 ... THỐNG IOT CHO ỨNG DỤNG QUẢN LÝ}
                                                  }\\
Your command was ignored.
Type  I <command> <return>  to replace it with another command,
or  <return>  to continue without it.


e:/anmh1205/IoT_Vehicle_Tracking_System/resources/reports/thesis/final/thesis-f
inal-report-condensed.tex:461: LaTeX Error: Command \UHORN unavailable in encod
ing T1.

See the LaTeX manual or LaTeX Companion for explanation.
Type  H <return>  for immediate help.
 ...                                              
                                                  
l.461 ... THỐNG IOT CHO ỨNG DỤNG QUẢN LÝ}
                                                  }\\
Your command was ignored.
Type  I <command> <return>  to replace it with another command,
or  <return>  to continue without it.


e:/anmh1205/IoT_Vehicle_Tracking_System/resources/reports/thesis/final/thesis-f
inal-report-condensed.tex:461: LaTeX Error: Command \UHORN unavailable in encod
ing T1.

See the LaTeX manual or LaTeX Companion for explanation.
Type  H <return>  for immediate help.
 ...                                              
                                                  
l.461 ... THỐNG IOT CHO ỨNG DỤNG QUẢN LÝ}
                                                  }\\
Your command was ignored.
Type  I <command> <return>  to replace it with another command,
or  <return>  to continue without it.


e:/anmh1205/IoT_Vehicle_Tracking_System/resources/reports/thesis/final/thesis-f
inal-report-condensed.tex:461: LaTeX Error: Command \h unavailable in encoding 
T1.

See the LaTeX manual or LaTeX Companion for explanation.
Type  H <return>  for immediate help.
 ...                                              
                                                  
l.461 ... THỐNG IOT CHO ỨNG DỤNG QUẢN LÝ}
                                                  }\\
Your command was ignored.
Type  I <command> <return>  to replace it with another command,
or  <return>  to continue without it.


e:/anmh1205/IoT_Vehicle_Tracking_System/resources/reports/thesis/final/thesis-f
inal-report-condensed.tex:462: LaTeX Error: Command \UHORN unavailable in encod
ing T1.

See the LaTeX manual or LaTeX Companion for explanation.
Type  H <return>  for immediate help.
 ...                                              
                                                  
l.462 ...TRONG LĨNH VỰC CHO THUÊ XE TỰ LÁI}
                                                  }\\[0.35cm]
Your command was ignored.
Type  I <command> <return>  to replace it with another command,
or  <return>  to continue without it.


e:/anmh1205/IoT_Vehicle_Tracking_System/resources/reports/thesis/final/thesis-f
inal-report-condensed.tex:462: LaTeX Error: Command \OHORN unavailable in encod
ing T1.

See the LaTeX manual or LaTeX Companion for explanation.
Type  H <return>  for immediate help.
 ...                                              
                                                  
l.462 ...TRONG LĨNH VỰC CHO THUÊ XE TỰ LÁI}
                                                  }\\[0.35cm]
Your command was ignored.
Type  I <command> <return>  to replace it with another command,
or  <return>  to continue without it.


e:/anmh1205/IoT_Vehicle_Tracking_System/resources/reports/thesis/final/thesis-f
inal-report-condensed.tex:462: LaTeX Error: Command \ECIRCUMFLEX unavailable in
 encoding T1.

See the LaTeX manual or LaTeX Companion for explanation.
Type  H <return>  for immediate help.
 ...                                              
                                                  
l.462 ...TRONG LĨNH VỰC CHO THUÊ XE TỰ LÁI}
                                                  }\\[0.35cm]
Your command was ignored.
Type  I <command> <return>  to replace it with another command,
or  <return>  to continue without it.


e:/anmh1205/IoT_Vehicle_Tracking_System/resources/reports/thesis/final/thesis-f
inal-report-condensed.tex:462: LaTeX Error: Command \UHORN unavailable in encod
ing T1.

See the LaTeX manual or LaTeX Companion for explanation.
Type  H <return>  for immediate help.
 ...                                              
                                                  
l.462 ...TRONG LĨNH VỰC CHO THUÊ XE TỰ LÁI}
                                                  }\\[0.35cm]
Your command was ignored.
Type  I <command> <return>  to replace it with another command,
or  <return>  to continue without it.


e:/anmh1205/IoT_Vehicle_Tracking_System/resources/reports/thesis/final/thesis-f
inal-report-condensed.tex:462: LaTeX Error: Command \UHORN unavailable in encod
ing T1.

See the LaTeX manual or LaTeX Companion for explanation.
Type  H <return>  for immediate help.
 ...                                              
                                                  
l.462 ...TRONG LĨNH VỰC CHO THUÊ XE TỰ LÁI}
                                                  }\\[0.35cm]
Your command was ignored.
Type  I <command> <return>  to replace it with another command,
or  <return>  to continue without it.


e:/anmh1205/IoT_Vehicle_Tracking_System/resources/reports/thesis/final/thesis-f
inal-report-condensed.tex:469: LaTeX Error: Command \ocircumflex unavailable in
 encoding T1.

See the LaTeX manual or LaTeX Companion for explanation.
Type  H <return>  for immediate help.
 ...                                              
                                                  
l.469 ... & \centering\textbf{Mã số sinh viên}
                                                   & \centering\textbf{Lớp...

Your command was ignored.
Type  I <command> <return>  to replace it with another command,
or  <return>  to continue without it.


e:/anmh1205/IoT_Vehicle_Tracking_System/resources/reports/thesis/final/thesis-f
inal-report-condensed.tex:469: LaTeX Error: Command \ocircumflex unavailable in
 encoding T1.

See the LaTeX manual or LaTeX Companion for explanation.
Type  H <return>  for immediate help.
 ...                                              
                                                  
l.469 ... & \centering\textbf{Mã số sinh viên}
                                                   & \centering\textbf{Lớp...

Your command was ignored.
Type  I <command> <return>  to replace it with another command,
or  <return>  to continue without it.


e:/anmh1205/IoT_Vehicle_Tracking_System/resources/reports/thesis/final/thesis-f
inal-report-condensed.tex:469: LaTeX Error: Command \ohorn unavailable in encod
ing T1.

See the LaTeX manual or LaTeX Companion for explanation.
Type  H <return>  for immediate help.
 ...                                              
                                                  
l.469 ...�� sinh viên} & \centering\textbf{Lớp}
                                                  \tabularnewline\hline
Your command was ignored.
Type  I <command> <return>  to replace it with another command,
or  <return>  to continue without it.


e:/anmh1205/IoT_Vehicle_Tracking_System/resources/reports/thesis/final/thesis-f
inal-report-condensed.tex:469: LaTeX Error: Command \ohorn unavailable in encod
ing T1.

See the LaTeX manual or LaTeX Companion for explanation.
Type  H <return>  for immediate help.
 ...                                              
                                                  
l.469 ...�� sinh viên} & \centering\textbf{Lớp}
                                                  \tabularnewline\hline
Your command was ignored.
Type  I <command> <return>  to replace it with another command,
or  <return>  to continue without it.


e:/anmh1205/IoT_Vehicle_Tracking_System/resources/reports/thesis/final/thesis-f
inal-report-condensed.tex:475: LaTeX Error: Command \h unavailable in encoding 
T1.

See the LaTeX manual or LaTeX Companion for explanation.
Type  H <return>  for immediate help.
 ...                                              
                                                  
l.475   \textbf{Giảng viên hướng dẫn:}
                                               TS. Nguyễn Đức Nam
Your command was ignored.
Type  I <command> <return>  to replace it with another command,
or  <return>  to continue without it.


e:/anmh1205/IoT_Vehicle_Tracking_System/resources/reports/thesis/final/thesis-f
inal-report-condensed.tex:475: LaTeX Error: Command \uhorn unavailable in encod
ing T1.

See the LaTeX manual or LaTeX Companion for explanation.
Type  H <return>  for immediate help.
 ...                                              
                                                  
l.475   \textbf{Giảng viên hướng dẫn:}
                                               TS. Nguyễn Đức Nam
Your command was ignored.
Type  I <command> <return>  to replace it with another command,
or  <return>  to continue without it.


e:/anmh1205/IoT_Vehicle_Tracking_System/resources/reports/thesis/final/thesis-f
inal-report-condensed.tex:475: LaTeX Error: Command \ohorn unavailable in encod
ing T1.

See the LaTeX manual or LaTeX Companion for explanation.
Type  H <return>  for immediate help.
 ...                                              
                                                  
l.475   \textbf{Giảng viên hướng dẫn:}
                                               TS. Nguyễn Đức Nam
Your command was ignored.
Type  I <command> <return>  to replace it with another command,
or  <return>  to continue without it.


e:/anmh1205/IoT_Vehicle_Tracking_System/resources/reports/thesis/final/thesis-f
inal-report-condensed.tex:475: LaTeX Error: Command \ohorn unavailable in encod
ing T1.

See the LaTeX manual or LaTeX Companion for explanation.
Type  H <return>  for immediate help.
 ...                                              
                                                  
l.475   \textbf{Giảng viên hướng dẫn:}
                                               TS. Nguyễn Đức Nam
Your command was ignored.
Type  I <command> <return>  to replace it with another command,
or  <return>  to continue without it.


e:/anmh1205/IoT_Vehicle_Tracking_System/resources/reports/thesis/final/thesis-f
inal-report-condensed.tex:475: LaTeX Error: Command \acircumflex unavailable in
 encoding T1.

See the LaTeX manual or LaTeX Companion for explanation.
Type  H <return>  for immediate help.
 ...                                              
                                                  
l.475   \textbf{Giảng viên hướng dẫn:}
                                               TS. Nguyễn Đức Nam
Your command was ignored.
Type  I <command> <return>  to replace it with another command,
or  <return>  to continue without it.


e:/anmh1205/IoT_Vehicle_Tracking_System/resources/reports/thesis/final/thesis-f
inal-report-condensed.tex:475: LaTeX Error: Command \acircumflex unavailable in
 encoding T1.

See the LaTeX manual or LaTeX Companion for explanation.
Type  H <return>  for immediate help.
 ...                                              
                                                  
l.475   \textbf{Giảng viên hướng dẫn:}
                                               TS. Nguyễn Đức Nam
Your command was ignored.
Type  I <command> <return>  to replace it with another command,
or  <return>  to continue without it.


e:/anmh1205/IoT_Vehicle_Tracking_System/resources/reports/thesis/final/thesis-f
inal-report-condensed.tex:475: LaTeX Error: Command \ecircumflex unavailable in
 encoding T1.

See the LaTeX manual or LaTeX Companion for explanation.
Type  H <return>  for immediate help.
 ...                                              
                                                  
l.475 ...iảng viên hướng dẫn:} TS. Nguyễ
                                                  n Đức Nam
Your command was ignored.
Type  I <command> <return>  to replace it with another command,
or  <return>  to continue without it.


e:/anmh1205/IoT_Vehicle_Tracking_System/resources/reports/thesis/final/thesis-f
inal-report-condensed.tex:475: LaTeX Error: Command \ecircumflex unavailable in
 encoding T1.

See the LaTeX manual or LaTeX Companion for explanation.
Type  H <return>  for immediate help.
 ...                                              
                                                  
l.475 ...iảng viên hướng dẫn:} TS. Nguyễ
                                                  n Đức Nam
Your command was ignored.
Type  I <command> <return>  to replace it with another command,
or  <return>  to continue without it.


e:/anmh1205/IoT_Vehicle_Tracking_System/resources/reports/thesis/final/thesis-f
inal-report-condensed.tex:475: LaTeX Error: Command \uhorn unavailable in encod
ing T1.

See the LaTeX manual or LaTeX Companion for explanation.
Type  H <return>  for immediate help.
 ...                                              
                                                  
l.475 ...viên hướng dẫn:} TS. Nguyễn Đứ
                                                  c Nam
Your command was ignored.
Type  I <command> <return>  to replace it with another command,
or  <return>  to continue without it.


e:/anmh1205/IoT_Vehicle_Tracking_System/resources/reports/thesis/final/thesis-f
inal-report-condensed.tex:475: LaTeX Error: Command \uhorn unavailable in encod
ing T1.

See the LaTeX manual or LaTeX Companion for explanation.
Type  H <return>  for immediate help.
 ...                                              
                                                  
l.475 ...viên hướng dẫn:} TS. Nguyễn Đứ
                                                  c Nam
Your command was ignored.
Type  I <command> <return>  to replace it with another command,
or  <return>  to continue without it.


e:/anmh1205/IoT_Vehicle_Tracking_System/resources/reports/thesis/final/thesis-f
inal-report-condensed.tex:478: LaTeX Error: Command \OCIRCUMFLEX unavailable in
 encoding T1.

See the LaTeX manual or LaTeX Companion for explanation.
Type  H <return>  for immediate help.
 ...                                              
                                                  
l.478   \textbf{\Large HÀ NỘI, 2026}
                                       
Your command was ignored.
Type  I <command> <return>  to replace it with another command,
or  <return>  to continue without it.

[4




]
Package hyperref Info: Option `pageanchor' set `true' on input line 482.


e:/anmh1205/IoT_Vehicle_Tracking_System/resources/reports/thesis/final/thesis-f
inal-report-condensed.tex:485: LaTeX Error: Command \OCIRCUMFLEX unavailable in
 encoding T1.

See the LaTeX manual or LaTeX Companion for explanation.
Type  H <return>  for immediate help.
 ...                                              
                                                  
l.485 \thesisofficialheader
                           
Your command was ignored.
Type  I <command> <return>  to replace it with another command,
or  <return>  to continue without it.


e:/anmh1205/IoT_Vehicle_Tracking_System/resources/reports/thesis/final/thesis-f
inal-report-condensed.tex:485: LaTeX Error: Command \OCIRCUMFLEX unavailable in
 encoding T1.

See the LaTeX manual or LaTeX Companion for explanation.
Type  H <return>  for immediate help.
 ...                                              
                                                  
l.485 \thesisofficialheader
                           
Your command was ignored.
Type  I <command> <return>  to replace it with another command,
or  <return>  to continue without it.


e:/anmh1205/IoT_Vehicle_Tracking_System/resources/reports/thesis/final/thesis-f
inal-report-condensed.tex:485: LaTeX Error: Command \OCIRCUMFLEX unavailable in
 encoding T1.

See the LaTeX manual or LaTeX Companion for explanation.
Type  H <return>  for immediate help.
 ...                                              
                                                  
l.485 \thesisofficialheader
                           
Your command was ignored.
Type  I <command> <return>  to replace it with another command,
or  <return>  to continue without it.


e:/anmh1205/IoT_Vehicle_Tracking_System/resources/reports/thesis/final/thesis-f
inal-report-condensed.tex:485: LaTeX Error: Command \h unavailable in encoding 
T1.

See the LaTeX manual or LaTeX Companion for explanation.
Type  H <return>  for immediate help.
 ...                                              
                                                  
l.485 \thesisofficialheader
                           
Your command was ignored.
Type  I <command> <return>  to replace it with another command,
or  <return>  to continue without it.


e:/anmh1205/IoT_Vehicle_Tracking_System/resources/reports/thesis/final/thesis-f
inal-report-condensed.tex:485: LaTeX Error: Command \ECIRCUMFLEX unavailable in
 encoding T1.

See the LaTeX manual or LaTeX Companion for explanation.
Type  H <return>  for immediate help.
 ...                                              
                                                  
l.485 \thesisofficialheader
                           
Your command was ignored.
Type  I <command> <return>  to replace it with another command,
or  <return>  to continue without it.


e:/anmh1205/IoT_Vehicle_Tracking_System/resources/reports/thesis/final/thesis-f
inal-report-condensed.tex:485: LaTeX Error: Command \ocircumflex unavailable in
 encoding T1.

See the LaTeX manual or LaTeX Companion for explanation.
Type  H <return>  for immediate help.
 ...                                              
                                                  
l.485 \thesisofficialheader
                           
Your command was ignored.
Type  I <command> <return>  to replace it with another command,
or  <return>  to continue without it.


e:/anmh1205/IoT_Vehicle_Tracking_System/resources/reports/thesis/final/thesis-f
inal-report-condensed.tex:485: LaTeX Error: Command \acircumflex unavailable in
 encoding T1.

See the LaTeX manual or LaTeX Companion for explanation.
Type  H <return>  for immediate help.
 ...                                              
                                                  
l.485 \thesisofficialheader
                           
Your command was ignored.
Type  I <command> <return>  to replace it with another command,
or  <return>  to continue without it.


e:/anmh1205/IoT_Vehicle_Tracking_System/resources/reports/thesis/final/thesis-f
inal-report-condensed.tex:485: LaTeX Error: Command \uhorn unavailable in encod
ing T1.

See the LaTeX manual or LaTeX Companion for explanation.
Type  H <return>  for immediate help.
 ...                                              
                                                  
l.485 \thesisofficialheader
                           
Your command was ignored.
Type  I <command> <return>  to replace it with another command,
or  <return>  to continue without it.


e:/anmh1205/IoT_Vehicle_Tracking_System/resources/reports/thesis/final/thesis-f
inal-report-condensed.tex:487: LaTeX Error: Command \ACIRCUMFLEX unavailable in
 encoding T1.

See the LaTeX manual or LaTeX Companion for explanation.
Type  H <return>  for immediate help.
 ...                                              
                                                  
l.487 ...IỆP CỦA GIẢNG VIÊN HƯỚNG DẪN}
                                                  
Your command was ignored.
Type  I <command> <return>  to replace it with another command,
or  <return>  to continue without it.


e:/anmh1205/IoT_Vehicle_Tracking_System/resources/reports/thesis/final/thesis-f
inal-report-condensed.tex:487: LaTeX Error: Command \OCIRCUMFLEX unavailable in
 encoding T1.

See the LaTeX manual or LaTeX Companion for explanation.
Type  H <return>  for immediate help.
 ...                                              
                                                  
l.487 ...IỆP CỦA GIẢNG VIÊN HƯỚNG DẪN}
                                                  
Your command was ignored.
Type  I <command> <return>  to replace it with another command,
or  <return>  to continue without it.


e:/anmh1205/IoT_Vehicle_Tracking_System/resources/reports/thesis/final/thesis-f
inal-report-condensed.tex:487: LaTeX Error: Command \OCIRCUMFLEX unavailable in
 encoding T1.

See the LaTeX manual or LaTeX Companion for explanation.
Type  H <return>  for immediate help.
 ...                                              
                                                  
l.487 ...IỆP CỦA GIẢNG VIÊN HƯỚNG DẪN}
                                                  
Your command was ignored.
Type  I <command> <return>  to replace it with another command,
or  <return>  to continue without it.


e:/anmh1205/IoT_Vehicle_Tracking_System/resources/reports/thesis/final/thesis-f
inal-report-condensed.tex:487: LaTeX Error: Command \OCIRCUMFLEX unavailable in
 encoding T1.

See the LaTeX manual or LaTeX Companion for explanation.
Type  H <return>  for immediate help.
 ...                                              
                                                  
l.487 ...IỆP CỦA GIẢNG VIÊN HƯỚNG DẪN}
                                                  
Your command was ignored.
Type  I <command> <return>  to replace it with another command,
or  <return>  to continue without it.


e:/anmh1205/IoT_Vehicle_Tracking_System/resources/reports/thesis/final/thesis-f
inal-report-condensed.tex:487: LaTeX Error: Command \OCIRCUMFLEX unavailable in
 encoding T1.

See the LaTeX manual or LaTeX Companion for explanation.
Type  H <return>  for immediate help.
 ...                                              
                                                  
l.487 ...IỆP CỦA GIẢNG VIÊN HƯỚNG DẪN}
                                                  
Your command was ignored.
Type  I <command> <return>  to replace it with another command,
or  <return>  to continue without it.


e:/anmh1205/IoT_Vehicle_Tracking_System/resources/reports/thesis/final/thesis-f
inal-report-condensed.tex:487: LaTeX Error: Command \ECIRCUMFLEX unavailable in
 encoding T1.

See the LaTeX manual or LaTeX Companion for explanation.
Type  H <return>  for immediate help.
 ...                                              
                                                  
l.487 ...IỆP CỦA GIẢNG VIÊN HƯỚNG DẪN}
                                                  
Your command was ignored.
Type  I <command> <return>  to replace it with another command,
or  <return>  to continue without it.


e:/anmh1205/IoT_Vehicle_Tracking_System/resources/reports/thesis/final/thesis-f
inal-report-condensed.tex:487: LaTeX Error: Command \h unavailable in encoding 
T1.

See the LaTeX manual or LaTeX Companion for explanation.
Type  H <return>  for immediate help.
 ...                                              
                                                  
l.487 ...IỆP CỦA GIẢNG VIÊN HƯỚNG DẪN}
                                                  
Your command was ignored.
Type  I <command> <return>  to replace it with another command,
or  <return>  to continue without it.


e:/anmh1205/IoT_Vehicle_Tracking_System/resources/reports/thesis/final/thesis-f
inal-report-condensed.tex:487: LaTeX Error: Command \h unavailable in encoding 
T1.

See the LaTeX manual or LaTeX Companion for explanation.
Type  H <return>  for immediate help.
 ...                                              
                                                  
l.487 ...IỆP CỦA GIẢNG VIÊN HƯỚNG DẪN}
                                                  
Your command was ignored.
Type  I <command> <return>  to replace it with another command,
or  <return>  to continue without it.


e:/anmh1205/IoT_Vehicle_Tracking_System/resources/reports/thesis/final/thesis-f
inal-report-condensed.tex:487: LaTeX Error: Command \UHORN unavailable in encod
ing T1.

See the LaTeX manual or LaTeX Companion for explanation.
Type  H <return>  for immediate help.
 ...                                              
                                                  
l.487 ...IỆP CỦA GIẢNG VIÊN HƯỚNG DẪN}
                                                  
Your command was ignored.
Type  I <command> <return>  to replace it with another command,
or  <return>  to continue without it.


e:/anmh1205/IoT_Vehicle_Tracking_System/resources/reports/thesis/final/thesis-f
inal-report-condensed.tex:487: LaTeX Error: Command \OHORN unavailable in encod
ing T1.

See the LaTeX manual or LaTeX Companion for explanation.
Type  H <return>  for immediate help.
 ...                                              
                                                  
l.487 ...IỆP CỦA GIẢNG VIÊN HƯỚNG DẪN}
                                                  
Your command was ignored.
Type  I <command> <return>  to replace it with another command,
or  <return>  to continue without it.


e:/anmh1205/IoT_Vehicle_Tracking_System/resources/reports/thesis/final/thesis-f
inal-report-condensed.tex:487: LaTeX Error: Command \OHORN unavailable in encod
ing T1.

See the LaTeX manual or LaTeX Companion for explanation.
Type  H <return>  for immediate help.
 ...                                              
                                                  
l.487 ...IỆP CỦA GIẢNG VIÊN HƯỚNG DẪN}
                                                  
Your command was ignored.
Type  I <command> <return>  to replace it with another command,
or  <return>  to continue without it.


e:/anmh1205/IoT_Vehicle_Tracking_System/resources/reports/thesis/final/thesis-f
inal-report-condensed.tex:487: LaTeX Error: Command \ACIRCUMFLEX unavailable in
 encoding T1.

See the LaTeX manual or LaTeX Companion for explanation.
Type  H <return>  for immediate help.
 ...                                              
                                                  
l.487 ...IỆP CỦA GIẢNG VIÊN HƯỚNG DẪN}
                                                  
Your command was ignored.
Type  I <command> <return>  to replace it with another command,
or  <return>  to continue without it.


e:/anmh1205/IoT_Vehicle_Tracking_System/resources/reports/thesis/final/thesis-f
inal-report-condensed.tex:487: LaTeX Error: Command \ACIRCUMFLEX unavailable in
 encoding T1.

See the LaTeX manual or LaTeX Companion for explanation.
Type  H <return>  for immediate help.
 ...                                              
                                                  
l.487 ...IỆP CỦA GIẢNG VIÊN HƯỚNG DẪN}
                                                  
Your command was ignored.
Type  I <command> <return>  to replace it with another command,
or  <return>  to continue without it.


e:/anmh1205/IoT_Vehicle_Tracking_System/resources/reports/thesis/final/thesis-f
inal-report-condensed.tex:491: LaTeX Error: Command \h unavailable in encoding 
T1.

See the LaTeX manual or LaTeX Companion for explanation.
Type  H <return>  for immediate help.
 ...                                              
                                                  
l.491 \textbf{Giảng viên hướng dẫn:}
                                             TS. Nguyễn Đức Nam \hfill ...

Your command was ignored.
Type  I <command> <return>  to replace it with another command,
or  <return>  to continue without it.


e:/anmh1205/IoT_Vehicle_Tracking_System/resources/reports/thesis/final/thesis-f
inal-report-condensed.tex:491: LaTeX Error: Command \uhorn unavailable in encod
ing T1.

See the LaTeX manual or LaTeX Companion for explanation.
Type  H <return>  for immediate help.
 ...                                              
                                                  
l.491 \textbf{Giảng viên hướng dẫn:}
                                             TS. Nguyễn Đức Nam \hfill ...

Your command was ignored.
Type  I <command> <return>  to replace it with another command,
or  <return>  to continue without it.


e:/anmh1205/IoT_Vehicle_Tracking_System/resources/reports/thesis/final/thesis-f
inal-report-condensed.tex:491: LaTeX Error: Command \ohorn unavailable in encod
ing T1.

See the LaTeX manual or LaTeX Companion for explanation.
Type  H <return>  for immediate help.
 ...                                              
                                                  
l.491 \textbf{Giảng viên hướng dẫn:}
                                             TS. Nguyễn Đức Nam \hfill ...

Your command was ignored.
Type  I <command> <return>  to replace it with another command,
or  <return>  to continue without it.


e:/anmh1205/IoT_Vehicle_Tracking_System/resources/reports/thesis/final/thesis-f
inal-report-condensed.tex:491: LaTeX Error: Command \ohorn unavailable in encod
ing T1.

See the LaTeX manual or LaTeX Companion for explanation.
Type  H <return>  for immediate help.
 ...                                              
                                                  
l.491 \textbf{Giảng viên hướng dẫn:}
                                             TS. Nguyễn Đức Nam \hfill ...

Your command was ignored.
Type  I <command> <return>  to replace it with another command,
or  <return>  to continue without it.


e:/anmh1205/IoT_Vehicle_Tracking_System/resources/reports/thesis/final/thesis-f
inal-report-condensed.tex:491: LaTeX Error: Command \acircumflex unavailable in
 encoding T1.

See the LaTeX manual or LaTeX Companion for explanation.
Type  H <return>  for immediate help.
 ...                                              
                                                  
l.491 \textbf{Giảng viên hướng dẫn:}
                                             TS. Nguyễn Đức Nam \hfill ...

Your command was ignored.
Type  I <command> <return>  to replace it with another command,
or  <return>  to continue without it.


e:/anmh1205/IoT_Vehicle_Tracking_System/resources/reports/thesis/final/thesis-f
inal-report-condensed.tex:491: LaTeX Error: Command \acircumflex unavailable in
 encoding T1.

See the LaTeX manual or LaTeX Companion for explanation.
Type  H <return>  for immediate help.
 ...                                              
                                                  
l.491 \textbf{Giảng viên hướng dẫn:}
                                             TS. Nguyễn Đức Nam \hfill ...

Your command was ignored.
Type  I <command> <return>  to replace it with another command,
or  <return>  to continue without it.


e:/anmh1205/IoT_Vehicle_Tracking_System/resources/reports/thesis/final/thesis-f
inal-report-condensed.tex:491: LaTeX Error: Command \ecircumflex unavailable in
 encoding T1.

See the LaTeX manual or LaTeX Companion for explanation.
Type  H <return>  for immediate help.
 ...                                              
                                                  
l.491 ...iảng viên hướng dẫn:} TS. Nguyễ
                                                  n Đức Nam \hfill \textb...

Your command was ignored.
Type  I <command> <return>  to replace it with another command,
or  <return>  to continue without it.


e:/anmh1205/IoT_Vehicle_Tracking_System/resources/reports/thesis/final/thesis-f
inal-report-condensed.tex:491: LaTeX Error: Command \ecircumflex unavailable in
 encoding T1.

See the LaTeX manual or LaTeX Companion for explanation.
Type  H <return>  for immediate help.
 ...                                              
                                                  
l.491 ...iảng viên hướng dẫn:} TS. Nguyễ
                                                  n Đức Nam \hfill \textb...

Your command was ignored.
Type  I <command> <return>  to replace it with another command,
or  <return>  to continue without it.


e:/anmh1205/IoT_Vehicle_Tracking_System/resources/reports/thesis/final/thesis-f
inal-report-condensed.tex:491: LaTeX Error: Command \uhorn unavailable in encod
ing T1.

See the LaTeX manual or LaTeX Companion for explanation.
Type  H <return>  for immediate help.
 ...                                              
                                                  
l.491 ...viên hướng dẫn:} TS. Nguyễn Đứ
                                                  c Nam \hfill \textbf{Khoa:...

Your command was ignored.
Type  I <command> <return>  to replace it with another command,
or  <return>  to continue without it.


e:/anmh1205/IoT_Vehicle_Tracking_System/resources/reports/thesis/final/thesis-f
inal-report-condensed.tex:491: LaTeX Error: Command \uhorn unavailable in encod
ing T1.

See the LaTeX manual or LaTeX Companion for explanation.
Type  H <return>  for immediate help.
 ...                                              
                                                  
l.491 ...viên hướng dẫn:} TS. Nguyễn Đứ
                                                  c Nam \hfill \textbf{Khoa:...

Your command was ignored.
Type  I <command> <return>  to replace it with another command,
or  <return>  to continue without it.


e:/anmh1205/IoT_Vehicle_Tracking_System/resources/reports/thesis/final/thesis-f
inal-report-condensed.tex:491: LaTeX Error: Command \ohorn unavailable in encod
ing T1.

See the LaTeX manual or LaTeX Companion for explanation.
Type  H <return>  for immediate help.
 ...                                              
                                                  
l.491 ...ễn Đức Nam \hfill \textbf{Khoa:} Cơ
                                                   khí -- Cơ Điện tử.\\
Your command was ignored.
Type  I <command> <return>  to replace it with another command,
or  <return>  to continue without it.


e:/anmh1205/IoT_Vehicle_Tracking_System/resources/reports/thesis/final/thesis-f
inal-report-condensed.tex:491: LaTeX Error: Command \ohorn unavailable in encod
ing T1.

See the LaTeX manual or LaTeX Companion for explanation.
Type  H <return>  for immediate help.
 ...                                              
                                                  
l.491 ...Nam \hfill \textbf{Khoa:} Cơ khí -- Cơ
                                                   Điện tử.\\
Your command was ignored.
Type  I <command> <return>  to replace it with another command,
or  <return>  to continue without it.


e:/anmh1205/IoT_Vehicle_Tracking_System/resources/reports/thesis/final/thesis-f
inal-report-condensed.tex:491: LaTeX Error: Command \ecircumflex unavailable in
 encoding T1.

See the LaTeX manual or LaTeX Companion for explanation.
Type  H <return>  for immediate help.
 ...                                              
                                                  
l.491 ...ill \textbf{Khoa:} Cơ khí -- Cơ Điệ
                                                  n tử.\\
Your command was ignored.
Type  I <command> <return>  to replace it with another command,
or  <return>  to continue without it.


e:/anmh1205/IoT_Vehicle_Tracking_System/resources/reports/thesis/final/thesis-f
inal-report-condensed.tex:491: LaTeX Error: Command \h unavailable in encoding 
T1.

See the LaTeX manual or LaTeX Companion for explanation.
Type  H <return>  for immediate help.
 ...                                              
                                                  
l.491 ...extbf{Khoa:} Cơ khí -- Cơ Điện tử
                                                  .\\
Your command was ignored.
Type  I <command> <return>  to replace it with another command,
or  <return>  to continue without it.


e:/anmh1205/IoT_Vehicle_Tracking_System/resources/reports/thesis/final/thesis-f
inal-report-condensed.tex:491: LaTeX Error: Command \uhorn unavailable in encod
ing T1.

See the LaTeX manual or LaTeX Companion for explanation.
Type  H <return>  for immediate help.
 ...                                              
                                                  
l.491 ...extbf{Khoa:} Cơ khí -- Cơ Điện tử
                                                  .\\
Your command was ignored.
Type  I <command> <return>  to replace it with another command,
or  <return>  to continue without it.


e:/anmh1205/IoT_Vehicle_Tracking_System/resources/reports/thesis/final/thesis-f
inal-report-condensed.tex:492: LaTeX Error: Command \ecircumflex unavailable in
 encoding T1.

See the LaTeX manual or LaTeX Companion for explanation.
Type  H <return>  for immediate help.
 ...                                              
                                                  
l.492 \textbf{Tên đề tài:}
                                Thiết kế hệ thống IoT cho ứng dụ...

Your command was ignored.
Type  I <command> <return>  to replace it with another command,
or  <return>  to continue without it.


e:/anmh1205/IoT_Vehicle_Tracking_System/resources/reports/thesis/final/thesis-f
inal-report-condensed.tex:492: LaTeX Error: Command \ecircumflex unavailable in
 encoding T1.

See the LaTeX manual or LaTeX Companion for explanation.
Type  H <return>  for immediate help.
 ...                                              
                                                  
l.492 \textbf{Tên đề tài:}
                                Thiết kế hệ thống IoT cho ứng dụ...

Your command was ignored.
Type  I <command> <return>  to replace it with another command,
or  <return>  to continue without it.


e:/anmh1205/IoT_Vehicle_Tracking_System/resources/reports/thesis/final/thesis-f
inal-report-condensed.tex:492: LaTeX Error: Command \ecircumflex unavailable in
 encoding T1.

See the LaTeX manual or LaTeX Companion for explanation.
Type  H <return>  for immediate help.
 ...                                              
                                                  
l.492 \textbf{Tên đề tài:} Thiế
                                      t kế hệ thống IoT cho ứng dụ...

Your command was ignored.
Type  I <command> <return>  to replace it with another command,
or  <return>  to continue without it.


e:/anmh1205/IoT_Vehicle_Tracking_System/resources/reports/thesis/final/thesis-f
inal-report-condensed.tex:492: LaTeX Error: Command \ecircumflex unavailable in
 encoding T1.

See the LaTeX manual or LaTeX Companion for explanation.
Type  H <return>  for immediate help.
 ...                                              
                                                  
l.492 \textbf{Tên đề tài:} Thiế
                                      t kế hệ thống IoT cho ứng dụ...

Your command was ignored.
Type  I <command> <return>  to replace it with another command,
or  <return>  to continue without it.


e:/anmh1205/IoT_Vehicle_Tracking_System/resources/reports/thesis/final/thesis-f
inal-report-condensed.tex:492: LaTeX Error: Command \ecircumflex unavailable in
 encoding T1.

See the LaTeX manual or LaTeX Companion for explanation.
Type  H <return>  for immediate help.
 ...                                              
                                                  
l.492 \textbf{Tên đề tài:} Thiết kế
                                             hệ thống IoT cho ứng dụ...

Your command was ignored.
Type  I <command> <return>  to replace it with another command,
or  <return>  to continue without it.


e:/anmh1205/IoT_Vehicle_Tracking_System/resources/reports/thesis/final/thesis-f
inal-report-condensed.tex:492: LaTeX Error: Command \ecircumflex unavailable in
 encoding T1.

See the LaTeX manual or LaTeX Companion for explanation.
Type  H <return>  for immediate help.
 ...                                              
                                                  
l.492 \textbf{Tên đề tài:} Thiết kế
                                             hệ thống IoT cho ứng dụ...

Your command was ignored.
Type  I <command> <return>  to replace it with another command,
or  <return>  to continue without it.


e:/anmh1205/IoT_Vehicle_Tracking_System/resources/reports/thesis/final/thesis-f
inal-report-condensed.tex:492: LaTeX Error: Command \ecircumflex unavailable in
 encoding T1.

See the LaTeX manual or LaTeX Companion for explanation.
Type  H <return>  for immediate help.
 ...                                              
                                                  
l.492 \textbf{Tên đề tài:} Thiết kế hệ
                                                  thống IoT cho ứng dụ...

Your command was ignored.
Type  I <command> <return>  to replace it with another command,
or  <return>  to continue without it.


e:/anmh1205/IoT_Vehicle_Tracking_System/resources/reports/thesis/final/thesis-f
inal-report-condensed.tex:492: LaTeX Error: Command \ocircumflex unavailable in
 encoding T1.

See the LaTeX manual or LaTeX Companion for explanation.
Type  H <return>  for immediate help.
 ...                                              
                                                  
l.492 ...Tên đề tài:} Thiết kế hệ thố
                                                  ng IoT cho ứng dụng qu...

Your command was ignored.
Type  I <command> <return>  to replace it with another command,
or  <return>  to continue without it.


e:/anmh1205/IoT_Vehicle_Tracking_System/resources/reports/thesis/final/thesis-f
inal-report-condensed.tex:492: LaTeX Error: Command \ocircumflex unavailable in
 encoding T1.

See the LaTeX manual or LaTeX Companion for explanation.
Type  H <return>  for immediate help.
 ...                                              
                                                  
l.492 ...Tên đề tài:} Thiết kế hệ thố
                                                  ng IoT cho ứng dụng qu...

Your command was ignored.
Type  I <command> <return>  to replace it with another command,
or  <return>  to continue without it.


e:/anmh1205/IoT_Vehicle_Tracking_System/resources/reports/thesis/final/thesis-f
inal-report-condensed.tex:492: LaTeX Error: Command \uhorn unavailable in encod
ing T1.

See the LaTeX manual or LaTeX Companion for explanation.
Type  H <return>  for immediate help.
 ...                                              
                                                  
l.492 ...i:} Thiết kế hệ thống IoT cho ứ
                                                  ng dụng quản lý phư�...

Your command was ignored.
Type  I <command> <return>  to replace it with another command,
or  <return>  to continue without it.


e:/anmh1205/IoT_Vehicle_Tracking_System/resources/reports/thesis/final/thesis-f
inal-report-condensed.tex:492: LaTeX Error: Command \uhorn unavailable in encod
ing T1.

See the LaTeX manual or LaTeX Companion for explanation.
Type  H <return>  for immediate help.
 ...                                              
                                                  
l.492 ...i:} Thiết kế hệ thống IoT cho ứ
                                                  ng dụng quản lý phư�...

Your command was ignored.
Type  I <command> <return>  to replace it with another command,
or  <return>  to continue without it.


e:/anmh1205/IoT_Vehicle_Tracking_System/resources/reports/thesis/final/thesis-f
inal-report-condensed.tex:492: LaTeX Error: Command \h unavailable in encoding 
T1.

See the LaTeX manual or LaTeX Companion for explanation.
Type  H <return>  for immediate help.
 ...                                              
                                                  
l.492 ...� hệ thống IoT cho ứng dụng quả
                                                  n lý phương tiện giao...

Your command was ignored.
Type  I <command> <return>  to replace it with another command,
or  <return>  to continue without it.


e:/anmh1205/IoT_Vehicle_Tracking_System/resources/reports/thesis/final/thesis-f
inal-report-condensed.tex:492: LaTeX Error: Command \uhorn unavailable in encod
ing T1.

See the LaTeX manual or LaTeX Companion for explanation.
Type  H <return>  for immediate help.
 ...                                              
                                                  
l.492 ...��ng IoT cho ứng dụng quản lý phư
                                                  ơng tiện giao thông tr...

Your command was ignored.
Type  I <command> <return>  to replace it with another command,
or  <return>  to continue without it.


e:/anmh1205/IoT_Vehicle_Tracking_System/resources/reports/thesis/final/thesis-f
inal-report-condensed.tex:492: LaTeX Error: Command \ohorn unavailable in encod
ing T1.

See the LaTeX manual or LaTeX Companion for explanation.
Type  H <return>  for immediate help.
 ...                                              
                                                  
l.492 ...ng IoT cho ứng dụng quản lý phươ
                                                  ng tiện giao thông tron...

Your command was ignored.
Type  I <command> <return>  to replace it with another command,
or  <return>  to continue without it.


e:/anmh1205/IoT_Vehicle_Tracking_System/resources/reports/thesis/final/thesis-f
inal-report-condensed.tex:492: LaTeX Error: Command \ecircumflex unavailable in
 encoding T1.

See the LaTeX manual or LaTeX Companion for explanation.
Type  H <return>  for immediate help.
 ...                                              
                                                  
l.492 ...ho ứng dụng quản lý phương tiệ
                                                  n giao thông trong lĩnh ...

Your command was ignored.
Type  I <command> <return>  to replace it with another command,
or  <return>  to continue without it.


e:/anmh1205/IoT_Vehicle_Tracking_System/resources/reports/thesis/final/thesis-f
inal-report-condensed.tex:492: LaTeX Error: Command \uhorn unavailable in encod
ing T1.

See the LaTeX manual or LaTeX Companion for explanation.
Type  H <return>  for immediate help.
 ...                                              
                                                  
l.492 ...�ơng tiện giao thông trong lĩnh vự
                                                  c cho thuê xe tự lái.\\
Your command was ignored.
Type  I <command> <return>  to replace it with another command,
or  <return>  to continue without it.


e:/anmh1205/IoT_Vehicle_Tracking_System/resources/reports/thesis/final/thesis-f
inal-report-condensed.tex:492: LaTeX Error: Command \uhorn unavailable in encod
ing T1.

See the LaTeX manual or LaTeX Companion for explanation.
Type  H <return>  for immediate help.
 ...                                              
                                                  
l.492 ...hông trong lĩnh vực cho thuê xe tự
                                                   lái.\\
Your command was ignored.
Type  I <command> <return>  to replace it with another command,
or  <return>  to continue without it.


e:/anmh1205/IoT_Vehicle_Tracking_System/resources/reports/thesis/final/thesis-f
inal-report-condensed.tex:493: LaTeX Error: Command \uhorn unavailable in encod
ing T1.

See the LaTeX manual or LaTeX Companion for explanation.
Type  H <return>  for immediate help.
 ...                                              
                                                  
l.493 \textbf{Sinh viên thực hiện:}
                                         Lê Trọng An. \hfill \textbf{Lớ...

Your command was ignored.
Type  I <command> <return>  to replace it with another command,
or  <return>  to continue without it.


e:/anmh1205/IoT_Vehicle_Tracking_System/resources/reports/thesis/final/thesis-f
inal-report-condensed.tex:493: LaTeX Error: Command \ecircumflex unavailable in
 encoding T1.

See the LaTeX manual or LaTeX Companion for explanation.
Type  H <return>  for immediate help.
 ...                                              
                                                  
l.493 \textbf{Sinh viên thực hiện:}
                                         Lê Trọng An. \hfill \textbf{Lớ...

Your command was ignored.
Type  I <command> <return>  to replace it with another command,
or  <return>  to continue without it.


e:/anmh1205/IoT_Vehicle_Tracking_System/resources/reports/thesis/final/thesis-f
inal-report-condensed.tex:493: LaTeX Error: Command \ohorn unavailable in encod
ing T1.

See the LaTeX manual or LaTeX Companion for explanation.
Type  H <return>  for immediate help.
 ...                                              
                                                  
l.493 ...:} Lê Trọng An. \hfill \textbf{Lớp:}
                                                   K15-KTCĐT2.
Your command was ignored.
Type  I <command> <return>  to replace it with another command,
or  <return>  to continue without it.


e:/anmh1205/IoT_Vehicle_Tracking_System/resources/reports/thesis/final/thesis-f
inal-report-condensed.tex:493: LaTeX Error: Command \ohorn unavailable in encod
ing T1.

See the LaTeX manual or LaTeX Companion for explanation.
Type  H <return>  for immediate help.
 ...                                              
                                                  
l.493 ...:} Lê Trọng An. \hfill \textbf{Lớp:}
                                                   K15-KTCĐT2.
Your command was ignored.
Type  I <command> <return>  to replace it with another command,
or  <return>  to continue without it.


e:/anmh1205/IoT_Vehicle_Tracking_System/resources/reports/thesis/final/thesis-f
inal-report-condensed.tex:496: LaTeX Error: Command \OCIRCUMFLEX unavailable in
 encoding T1.

See the LaTeX manual or LaTeX Companion for explanation.
Type  H <return>  for immediate help.
 ...                                              
                                                  
l.496   \textbf{NỘI DUNG NHẬN XÉT}
                                       
Your command was ignored.
Type  I <command> <return>  to replace it with another command,
or  <return>  to continue without it.


e:/anmh1205/IoT_Vehicle_Tracking_System/resources/reports/thesis/final/thesis-f
inal-report-condensed.tex:496: LaTeX Error: Command \ACIRCUMFLEX unavailable in
 encoding T1.

See the LaTeX manual or LaTeX Companion for explanation.
Type  H <return>  for immediate help.
 ...                                              
                                                  
l.496   \textbf{NỘI DUNG NHẬN XÉT}
                                       
Your command was ignored.
Type  I <command> <return>  to replace it with another command,
or  <return>  to continue without it.


e:/anmh1205/IoT_Vehicle_Tracking_System/resources/reports/thesis/final/thesis-f
inal-report-condensed.tex:498: LaTeX Error: Command \acircumflex unavailable in
 encoding T1.

See the LaTeX manual or LaTeX Companion for explanation.
Type  H <return>  for immediate help.
 ...                                              
                                                  
l.498 ...I. Nhận xét Đồ án tốt nghiệp:}
                                                  \\
Your command was ignored.
Type  I <command> <return>  to replace it with another command,
or  <return>  to continue without it.


e:/anmh1205/IoT_Vehicle_Tracking_System/resources/reports/thesis/final/thesis-f
inal-report-condensed.tex:498: LaTeX Error: Command \ocircumflex unavailable in
 encoding T1.

See the LaTeX manual or LaTeX Companion for explanation.
Type  H <return>  for immediate help.
 ...                                              
                                                  
l.498 ...I. Nhận xét Đồ án tốt nghiệp:}
                                                  \\
Your command was ignored.
Type  I <command> <return>  to replace it with another command,
or  <return>  to continue without it.


e:/anmh1205/IoT_Vehicle_Tracking_System/resources/reports/thesis/final/thesis-f
inal-report-condensed.tex:498: LaTeX Error: Command \ocircumflex unavailable in
 encoding T1.

See the LaTeX manual or LaTeX Companion for explanation.
Type  H <return>  for immediate help.
 ...                                              
                                                  
l.498 ...I. Nhận xét Đồ án tốt nghiệp:}
                                                  \\
Your command was ignored.
Type  I <command> <return>  to replace it with another command,
or  <return>  to continue without it.


e:/anmh1205/IoT_Vehicle_Tracking_System/resources/reports/thesis/final/thesis-f
inal-report-condensed.tex:498: LaTeX Error: Command \ocircumflex unavailable in
 encoding T1.

See the LaTeX manual or LaTeX Companion for explanation.
Type  H <return>  for immediate help.
 ...                                              
                                                  
l.498 ...I. Nhận xét Đồ án tốt nghiệp:}
                                                  \\
Your command was ignored.
Type  I <command> <return>  to replace it with another command,
or  <return>  to continue without it.


e:/anmh1205/IoT_Vehicle_Tracking_System/resources/reports/thesis/final/thesis-f
inal-report-condensed.tex:498: LaTeX Error: Command \ocircumflex unavailable in
 encoding T1.

See the LaTeX manual or LaTeX Companion for explanation.
Type  H <return>  for immediate help.
 ...                                              
                                                  
l.498 ...I. Nhận xét Đồ án tốt nghiệp:}
                                                  \\
Your command was ignored.
Type  I <command> <return>  to replace it with another command,
or  <return>  to continue without it.


e:/anmh1205/IoT_Vehicle_Tracking_System/resources/reports/thesis/final/thesis-f
inal-report-condensed.tex:498: LaTeX Error: Command \ecircumflex unavailable in
 encoding T1.

See the LaTeX manual or LaTeX Companion for explanation.
Type  H <return>  for immediate help.
 ...                                              
                                                  
l.498 ...I. Nhận xét Đồ án tốt nghiệp:}
                                                  \\
Your command was ignored.
Type  I <command> <return>  to replace it with another command,
or  <return>  to continue without it.


e:/anmh1205/IoT_Vehicle_Tracking_System/resources/reports/thesis/final/thesis-f
inal-report-condensed.tex:499: LaTeX Error: Command \acircumflex unavailable in
 encoding T1.

See the LaTeX manual or LaTeX Companion for explanation.
Type  H <return>  for immediate help.
 ...                                              
                                                  
l.499 - Nhậ
             n xét về hình thức: \dotfill\\[0.55cm]
Your command was ignored.
Type  I <command> <return>  to replace it with another command,
or  <return>  to continue without it.


e:/anmh1205/IoT_Vehicle_Tracking_System/resources/reports/thesis/final/thesis-f
inal-report-condensed.tex:499: LaTeX Error: Command \ecircumflex unavailable in
 encoding T1.

See the LaTeX manual or LaTeX Companion for explanation.
Type  H <return>  for immediate help.
 ...                                              
                                                  
l.499 - Nhận xét về
                         hình thức: \dotfill\\[0.55cm]
Your command was ignored.
Type  I <command> <return>  to replace it with another command,
or  <return>  to continue without it.


e:/anmh1205/IoT_Vehicle_Tracking_System/resources/reports/thesis/final/thesis-f
inal-report-condensed.tex:499: LaTeX Error: Command \ecircumflex unavailable in
 encoding T1.

See the LaTeX manual or LaTeX Companion for explanation.
Type  H <return>  for immediate help.
 ...                                              
                                                  
l.499 - Nhận xét về
                         hình thức: \dotfill\\[0.55cm]
Your command was ignored.
Type  I <command> <return>  to replace it with another command,
or  <return>  to continue without it.


e:/anmh1205/IoT_Vehicle_Tracking_System/resources/reports/thesis/final/thesis-f
inal-report-condensed.tex:499: LaTeX Error: Command \uhorn unavailable in encod
ing T1.

See the LaTeX manual or LaTeX Companion for explanation.
Type  H <return>  for immediate help.
 ...                                              
                                                  
l.499 - Nhận xét về hình thứ
                                    c: \dotfill\\[0.55cm]
Your command was ignored.
Type  I <command> <return>  to replace it with another command,
or  <return>  to continue without it.


e:/anmh1205/IoT_Vehicle_Tracking_System/resources/reports/thesis/final/thesis-f
inal-report-condensed.tex:499: LaTeX Error: Command \uhorn unavailable in encod
ing T1.

See the LaTeX manual or LaTeX Companion for explanation.
Type  H <return>  for immediate help.
 ...                                              
                                                  
l.499 - Nhận xét về hình thứ
                                    c: \dotfill\\[0.55cm]
Your command was ignored.
Type  I <command> <return>  to replace it with another command,
or  <return>  to continue without it.


e:/anmh1205/IoT_Vehicle_Tracking_System/resources/reports/thesis/final/thesis-f
inal-report-condensed.tex:500: LaTeX Error: Command \acircumflex unavailable in
 encoding T1.

See the LaTeX manual or LaTeX Companion for explanation.
Type  H <return>  for immediate help.
 ...                                              
                                                  
l.500 - Tính cấ
                  p thiết của đề tài: \dotfill\\[0.55cm]
Your command was ignored.
Type  I <command> <return>  to replace it with another command,
or  <return>  to continue without it.


e:/anmh1205/IoT_Vehicle_Tracking_System/resources/reports/thesis/final/thesis-f
inal-report-condensed.tex:500: LaTeX Error: Command \acircumflex unavailable in
 encoding T1.

See the LaTeX manual or LaTeX Companion for explanation.
Type  H <return>  for immediate help.
 ...                                              
                                                  
l.500 - Tính cấ
                  p thiết của đề tài: \dotfill\\[0.55cm]
Your command was ignored.
Type  I <command> <return>  to replace it with another command,
or  <return>  to continue without it.


e:/anmh1205/IoT_Vehicle_Tracking_System/resources/reports/thesis/final/thesis-f
inal-report-condensed.tex:500: LaTeX Error: Command \ecircumflex unavailable in
 encoding T1.

See the LaTeX manual or LaTeX Companion for explanation.
Type  H <return>  for immediate help.
 ...                                              
                                                  
l.500 - Tính cấp thiế
                          t của đề tài: \dotfill\\[0.55cm]
Your command was ignored.
Type  I <command> <return>  to replace it with another command,
or  <return>  to continue without it.


e:/anmh1205/IoT_Vehicle_Tracking_System/resources/reports/thesis/final/thesis-f
inal-report-condensed.tex:500: LaTeX Error: Command \ecircumflex unavailable in
 encoding T1.

See the LaTeX manual or LaTeX Companion for explanation.
Type  H <return>  for immediate help.
 ...                                              
                                                  
l.500 - Tính cấp thiế
                          t của đề tài: \dotfill\\[0.55cm]
Your command was ignored.
Type  I <command> <return>  to replace it with another command,
or  <return>  to continue without it.


e:/anmh1205/IoT_Vehicle_Tracking_System/resources/reports/thesis/final/thesis-f
inal-report-condensed.tex:500: LaTeX Error: Command \h unavailable in encoding 
T1.

See the LaTeX manual or LaTeX Companion for explanation.
Type  H <return>  for immediate help.
 ...                                              
                                                  
l.500 - Tính cấp thiết củ
                                a đề tài: \dotfill\\[0.55cm]
Your command was ignored.
Type  I <command> <return>  to replace it with another command,
or  <return>  to continue without it.


e:/anmh1205/IoT_Vehicle_Tracking_System/resources/reports/thesis/final/thesis-f
inal-report-condensed.tex:500: LaTeX Error: Command \ecircumflex unavailable in
 encoding T1.

See the LaTeX manual or LaTeX Companion for explanation.
Type  H <return>  for immediate help.
 ...                                              
                                                  
l.500 - Tính cấp thiết của đề
                                        tài: \dotfill\\[0.55cm]
Your command was ignored.
Type  I <command> <return>  to replace it with another command,
or  <return>  to continue without it.


e:/anmh1205/IoT_Vehicle_Tracking_System/resources/reports/thesis/final/thesis-f
inal-report-condensed.tex:500: LaTeX Error: Command \ecircumflex unavailable in
 encoding T1.

See the LaTeX manual or LaTeX Companion for explanation.
Type  H <return>  for immediate help.
 ...                                              
                                                  
l.500 - Tính cấp thiết của đề
                                        tài: \dotfill\\[0.55cm]
Your command was ignored.
Type  I <command> <return>  to replace it with another command,
or  <return>  to continue without it.


e:/anmh1205/IoT_Vehicle_Tracking_System/resources/reports/thesis/final/thesis-f
inal-report-condensed.tex:501: LaTeX Error: Command \h unavailable in encoding 
T1.

See the LaTeX manual or LaTeX Companion for explanation.
Type  H <return>  for immediate help.
 ...                                              
                                                  
l.501 - Mục tiêu củ
                        a đề tài: \dotfill\\[0.55cm]
Your command was ignored.
Type  I <command> <return>  to replace it with another command,
or  <return>  to continue without it.


e:/anmh1205/IoT_Vehicle_Tracking_System/resources/reports/thesis/final/thesis-f
inal-report-condensed.tex:501: LaTeX Error: Command \ecircumflex unavailable in
 encoding T1.

See the LaTeX manual or LaTeX Companion for explanation.
Type  H <return>  for immediate help.
 ...                                              
                                                  
l.501 - Mục tiêu của đề
                                tài: \dotfill\\[0.55cm]
Your command was ignored.
Type  I <command> <return>  to replace it with another command,
or  <return>  to continue without it.


e:/anmh1205/IoT_Vehicle_Tracking_System/resources/reports/thesis/final/thesis-f
inal-report-condensed.tex:501: LaTeX Error: Command \ecircumflex unavailable in
 encoding T1.

See the LaTeX manual or LaTeX Companion for explanation.
Type  H <return>  for immediate help.
 ...                                              
                                                  
l.501 - Mục tiêu của đề
                                tài: \dotfill\\[0.55cm]
Your command was ignored.
Type  I <command> <return>  to replace it with another command,
or  <return>  to continue without it.


e:/anmh1205/IoT_Vehicle_Tracking_System/resources/reports/thesis/final/thesis-f
inal-report-condensed.tex:502: LaTeX Error: Command \ocircumflex unavailable in
 encoding T1.

See the LaTeX manual or LaTeX Companion for explanation.
Type  H <return>  for immediate help.
 ...                                              
                                                  
l.502 - Nộ
            i dung của đề tài: \dotfill\\[0.55cm]
Your command was ignored.
Type  I <command> <return>  to replace it with another command,
or  <return>  to continue without it.


e:/anmh1205/IoT_Vehicle_Tracking_System/resources/reports/thesis/final/thesis-f
inal-report-condensed.tex:502: LaTeX Error: Command \h unavailable in encoding 
T1.

See the LaTeX manual or LaTeX Companion for explanation.
Type  H <return>  for immediate help.
 ...                                              
                                                  
l.502 - Nội dung củ
                       a đề tài: \dotfill\\[0.55cm]
Your command was ignored.
Type  I <command> <return>  to replace it with another command,
or  <return>  to continue without it.


e:/anmh1205/IoT_Vehicle_Tracking_System/resources/reports/thesis/final/thesis-f
inal-report-condensed.tex:502: LaTeX Error: Command \ecircumflex unavailable in
 encoding T1.

See the LaTeX manual or LaTeX Companion for explanation.
Type  H <return>  for immediate help.
 ...                                              
                                                  
l.502 - Nội dung của đề
                               tài: \dotfill\\[0.55cm]
Your command was ignored.
Type  I <command> <return>  to replace it with another command,
or  <return>  to continue without it.


e:/anmh1205/IoT_Vehicle_Tracking_System/resources/reports/thesis/final/thesis-f
inal-report-condensed.tex:502: LaTeX Error: Command \ecircumflex unavailable in
 encoding T1.

See the LaTeX manual or LaTeX Companion for explanation.
Type  H <return>  for immediate help.
 ...                                              
                                                  
l.502 - Nội dung của đề
                               tài: \dotfill\\[0.55cm]
Your command was ignored.
Type  I <command> <return>  to replace it with another command,
or  <return>  to continue without it.


e:/anmh1205/IoT_Vehicle_Tracking_System/resources/reports/thesis/final/thesis-f
inal-report-condensed.tex:503: LaTeX Error: Command \ecircumflex unavailable in
 encoding T1.

See the LaTeX manual or LaTeX Companion for explanation.
Type  H <return>  for immediate help.
 ...                                              
                                                  
l.503 - Tài liệ
                  u tham khảo: \dotfill\\[0.55cm]
Your command was ignored.
Type  I <command> <return>  to replace it with another command,
or  <return>  to continue without it.


e:/anmh1205/IoT_Vehicle_Tracking_System/resources/reports/thesis/final/thesis-f
inal-report-condensed.tex:503: LaTeX Error: Command \h unavailable in encoding 
T1.

See the LaTeX manual or LaTeX Companion for explanation.
Type  H <return>  for immediate help.
 ...                                              
                                                  
l.503 - Tài liệu tham khả
                              o: \dotfill\\[0.55cm]
Your command was ignored.
Type  I <command> <return>  to replace it with another command,
or  <return>  to continue without it.


e:/anmh1205/IoT_Vehicle_Tracking_System/resources/reports/thesis/final/thesis-f
inal-report-condensed.tex:504: LaTeX Error: Command \uhorn unavailable in encod
ing T1.

See the LaTeX manual or LaTeX Companion for explanation.
Type  H <return>  for immediate help.
 ...                                              
                                                  
l.504 - Phư
            ơng pháp nghiên cứu: \dotfill\\[0.55cm]
Your command was ignored.
Type  I <command> <return>  to replace it with another command,
or  <return>  to continue without it.


e:/anmh1205/IoT_Vehicle_Tracking_System/resources/reports/thesis/final/thesis-f
inal-report-condensed.tex:504: LaTeX Error: Command \ohorn unavailable in encod
ing T1.

See the LaTeX manual or LaTeX Companion for explanation.
Type  H <return>  for immediate help.
 ...                                              
                                                  
l.504 - Phươ
              ng pháp nghiên cứu: \dotfill\\[0.55cm]
Your command was ignored.
Type  I <command> <return>  to replace it with another command,
or  <return>  to continue without it.


e:/anmh1205/IoT_Vehicle_Tracking_System/resources/reports/thesis/final/thesis-f
inal-report-condensed.tex:504: LaTeX Error: Command \uhorn unavailable in encod
ing T1.

See the LaTeX manual or LaTeX Companion for explanation.
Type  H <return>  for immediate help.
 ...                                              
                                                  
l.504 - Phương pháp nghiên cứ
                                   u: \dotfill\\[0.55cm]
Your command was ignored.
Type  I <command> <return>  to replace it with another command,
or  <return>  to continue without it.


e:/anmh1205/IoT_Vehicle_Tracking_System/resources/reports/thesis/final/thesis-f
inal-report-condensed.tex:504: LaTeX Error: Command \uhorn unavailable in encod
ing T1.

See the LaTeX manual or LaTeX Companion for explanation.
Type  H <return>  for immediate help.
 ...                                              
                                                  
l.504 - Phương pháp nghiên cứ
                                   u: \dotfill\\[0.55cm]
Your command was ignored.
Type  I <command> <return>  to replace it with another command,
or  <return>  to continue without it.


e:/anmh1205/IoT_Vehicle_Tracking_System/resources/reports/thesis/final/thesis-f
inal-report-condensed.tex:505: LaTeX Error: Command \uhorn unavailable in encod
ing T1.

See the LaTeX manual or LaTeX Companion for explanation.
Type  H <return>  for immediate help.
 ...                                              
                                                  
l.505 - Tính sáng tạo và ứ
                                 ng dụng: \dotfill\\[0.55cm]
Your command was ignored.
Type  I <command> <return>  to replace it with another command,
or  <return>  to continue without it.


e:/anmh1205/IoT_Vehicle_Tracking_System/resources/reports/thesis/final/thesis-f
inal-report-condensed.tex:505: LaTeX Error: Command \uhorn unavailable in encod
ing T1.

See the LaTeX manual or LaTeX Companion for explanation.
Type  H <return>  for immediate help.
 ...                                              
                                                  
l.505 - Tính sáng tạo và ứ
                                 ng dụng: \dotfill\\[0.55cm]
Your command was ignored.
Type  I <command> <return>  to replace it with another command,
or  <return>  to continue without it.


e:/anmh1205/IoT_Vehicle_Tracking_System/resources/reports/thesis/final/thesis-f
inal-report-condensed.tex:506: LaTeX Error: Command \acircumflex unavailable in
 encoding T1.

See the LaTeX manual or LaTeX Companion for explanation.
Type  H <return>  for immediate help.
 ...                                              
                                                  
l.506 ...hái độ làm việc của sinh viên:}
                                                   \dotfill\\[0.55cm]
Your command was ignored.
Type  I <command> <return>  to replace it with another command,
or  <return>  to continue without it.


e:/anmh1205/IoT_Vehicle_Tracking_System/resources/reports/thesis/final/thesis-f
inal-report-condensed.tex:506: LaTeX Error: Command \ecircumflex unavailable in
 encoding T1.

See the LaTeX manual or LaTeX Companion for explanation.
Type  H <return>  for immediate help.
 ...                                              
                                                  
l.506 ...hái độ làm việc của sinh viên:}
                                                   \dotfill\\[0.55cm]
Your command was ignored.
Type  I <command> <return>  to replace it with another command,
or  <return>  to continue without it.


e:/anmh1205/IoT_Vehicle_Tracking_System/resources/reports/thesis/final/thesis-f
inal-report-condensed.tex:506: LaTeX Error: Command \ecircumflex unavailable in
 encoding T1.

See the LaTeX manual or LaTeX Companion for explanation.
Type  H <return>  for immediate help.
 ...                                              
                                                  
l.506 ...hái độ làm việc của sinh viên:}
                                                   \dotfill\\[0.55cm]
Your command was ignored.
Type  I <command> <return>  to replace it with another command,
or  <return>  to continue without it.


e:/anmh1205/IoT_Vehicle_Tracking_System/resources/reports/thesis/final/thesis-f
inal-report-condensed.tex:506: LaTeX Error: Command \acircumflex unavailable in
 encoding T1.

See the LaTeX manual or LaTeX Companion for explanation.
Type  H <return>  for immediate help.
 ...                                              
                                                  
l.506 ...hái độ làm việc của sinh viên:}
                                                   \dotfill\\[0.55cm]
Your command was ignored.
Type  I <command> <return>  to replace it with another command,
or  <return>  to continue without it.


e:/anmh1205/IoT_Vehicle_Tracking_System/resources/reports/thesis/final/thesis-f
inal-report-condensed.tex:506: LaTeX Error: Command \acircumflex unavailable in
 encoding T1.

See the LaTeX manual or LaTeX Companion for explanation.
Type  H <return>  for immediate help.
 ...                                              
                                                  
l.506 ...hái độ làm việc của sinh viên:}
                                                   \dotfill\\[0.55cm]
Your command was ignored.
Type  I <command> <return>  to replace it with another command,
or  <return>  to continue without it.


e:/anmh1205/IoT_Vehicle_Tracking_System/resources/reports/thesis/final/thesis-f
inal-report-condensed.tex:506: LaTeX Error: Command \ocircumflex unavailable in
 encoding T1.

See the LaTeX manual or LaTeX Companion for explanation.
Type  H <return>  for immediate help.
 ...                                              
                                                  
l.506 ...hái độ làm việc của sinh viên:}
                                                   \dotfill\\[0.55cm]
Your command was ignored.
Type  I <command> <return>  to replace it with another command,
or  <return>  to continue without it.


e:/anmh1205/IoT_Vehicle_Tracking_System/resources/reports/thesis/final/thesis-f
inal-report-condensed.tex:506: LaTeX Error: Command \ecircumflex unavailable in
 encoding T1.

See the LaTeX manual or LaTeX Companion for explanation.
Type  H <return>  for immediate help.
 ...                                              
                                                  
l.506 ...hái độ làm việc của sinh viên:}
                                                   \dotfill\\[0.55cm]
Your command was ignored.
Type  I <command> <return>  to replace it with another command,
or  <return>  to continue without it.


e:/anmh1205/IoT_Vehicle_Tracking_System/resources/reports/thesis/final/thesis-f
inal-report-condensed.tex:506: LaTeX Error: Command \h unavailable in encoding 
T1.

See the LaTeX manual or LaTeX Companion for explanation.
Type  H <return>  for immediate help.
 ...                                              
                                                  
l.506 ...hái độ làm việc của sinh viên:}
                                                   \dotfill\\[0.55cm]
Your command was ignored.
Type  I <command> <return>  to replace it with another command,
or  <return>  to continue without it.


e:/anmh1205/IoT_Vehicle_Tracking_System/resources/reports/thesis/final/thesis-f
inal-report-condensed.tex:507: LaTeX Error: Command \ecircumflex unavailable in
 encoding T1.

See the LaTeX manual or LaTeX Companion for explanation.
Type  H <return>  for immediate help.
 ...                                              
                                                  
l.507 \textbf{III. Kết quả đạt được:}
                                                 \dotfill\\[0.55cm]
Your command was ignored.
Type  I <command> <return>  to replace it with another command,
or  <return>  to continue without it.


e:/anmh1205/IoT_Vehicle_Tracking_System/resources/reports/thesis/final/thesis-f
inal-report-condensed.tex:507: LaTeX Error: Command \ecircumflex unavailable in
 encoding T1.

See the LaTeX manual or LaTeX Companion for explanation.
Type  H <return>  for immediate help.
 ...                                              
                                                  
l.507 \textbf{III. Kết quả đạt được:}
                                                 \dotfill\\[0.55cm]
Your command was ignored.
Type  I <command> <return>  to replace it with another command,
or  <return>  to continue without it.


e:/anmh1205/IoT_Vehicle_Tracking_System/resources/reports/thesis/final/thesis-f
inal-report-condensed.tex:507: LaTeX Error: Command \h unavailable in encoding 
T1.

See the LaTeX manual or LaTeX Companion for explanation.
Type  H <return>  for immediate help.
 ...                                              
                                                  
l.507 \textbf{III. Kết quả đạt được:}
                                                 \dotfill\\[0.55cm]
Your command was ignored.
Type  I <command> <return>  to replace it with another command,
or  <return>  to continue without it.


e:/anmh1205/IoT_Vehicle_Tracking_System/resources/reports/thesis/final/thesis-f
inal-report-condensed.tex:507: LaTeX Error: Command \uhorn unavailable in encod
ing T1.

See the LaTeX manual or LaTeX Companion for explanation.
Type  H <return>  for immediate help.
 ...                                              
                                                  
l.507 \textbf{III. Kết quả đạt được:}
                                                 \dotfill\\[0.55cm]
Your command was ignored.
Type  I <command> <return>  to replace it with another command,
or  <return>  to continue without it.


e:/anmh1205/IoT_Vehicle_Tracking_System/resources/reports/thesis/final/thesis-f
inal-report-condensed.tex:507: LaTeX Error: Command \ohorn unavailable in encod
ing T1.

See the LaTeX manual or LaTeX Companion for explanation.
Type  H <return>  for immediate help.
 ...                                              
                                                  
l.507 \textbf{III. Kết quả đạt được:}
                                                 \dotfill\\[0.55cm]
Your command was ignored.
Type  I <command> <return>  to replace it with another command,
or  <return>  to continue without it.


e:/anmh1205/IoT_Vehicle_Tracking_System/resources/reports/thesis/final/thesis-f
inal-report-condensed.tex:508: LaTeX Error: Command \ecircumflex unavailable in
 encoding T1.

See the LaTeX manual or LaTeX Companion for explanation.
Type  H <return>  for immediate help.
 ...                                              
                                                  
l.508 \textbf{IV. Kết luận:}
                                 Đồng ý cho bảo vệ: \checkbox \thesi...

Your command was ignored.
Type  I <command> <return>  to replace it with another command,
or  <return>  to continue without it.


e:/anmh1205/IoT_Vehicle_Tracking_System/resources/reports/thesis/final/thesis-f
inal-report-condensed.tex:508: LaTeX Error: Command \ecircumflex unavailable in
 encoding T1.

See the LaTeX manual or LaTeX Companion for explanation.
Type  H <return>  for immediate help.
 ...                                              
                                                  
l.508 \textbf{IV. Kết luận:}
                                 Đồng ý cho bảo vệ: \checkbox \thesi...

Your command was ignored.
Type  I <command> <return>  to replace it with another command,
or  <return>  to continue without it.


e:/anmh1205/IoT_Vehicle_Tracking_System/resources/reports/thesis/final/thesis-f
inal-report-condensed.tex:508: LaTeX Error: Command \acircumflex unavailable in
 encoding T1.

See the LaTeX manual or LaTeX Companion for explanation.
Type  H <return>  for immediate help.
 ...                                              
                                                  
l.508 \textbf{IV. Kết luận:}
                                 Đồng ý cho bảo vệ: \checkbox \thesi...

Your command was ignored.
Type  I <command> <return>  to replace it with another command,
or  <return>  to continue without it.


e:/anmh1205/IoT_Vehicle_Tracking_System/resources/reports/thesis/final/thesis-f
inal-report-condensed.tex:508: LaTeX Error: Command \ocircumflex unavailable in
 encoding T1.

See the LaTeX manual or LaTeX Companion for explanation.
Type  H <return>  for immediate help.
 ...                                              
                                                  
l.508 \textbf{IV. Kết luận:} Đồ
                                      ng ý cho bảo vệ: \checkbox \thesi...

Your command was ignored.
Type  I <command> <return>  to replace it with another command,
or  <return>  to continue without it.


e:/anmh1205/IoT_Vehicle_Tracking_System/resources/reports/thesis/final/thesis-f
inal-report-condensed.tex:508: LaTeX Error: Command \ocircumflex unavailable in
 encoding T1.

See the LaTeX manual or LaTeX Companion for explanation.
Type  H <return>  for immediate help.
 ...                                              
                                                  
l.508 \textbf{IV. Kết luận:} Đồ
                                      ng ý cho bảo vệ: \checkbox \thesi...

Your command was ignored.
Type  I <command> <return>  to replace it with another command,
or  <return>  to continue without it.


e:/anmh1205/IoT_Vehicle_Tracking_System/resources/reports/thesis/final/thesis-f
inal-report-condensed.tex:508: LaTeX Error: Command \h unavailable in encoding 
T1.

See the LaTeX manual or LaTeX Companion for explanation.
Type  H <return>  for immediate help.
 ...                                              
                                                  
l.508 ...bf{IV. Kết luận:} Đồng ý cho bả
                                                  o vệ: \checkbox \thesiss...

Your command was ignored.
Type  I <command> <return>  to replace it with another command,
or  <return>  to continue without it.


e:/anmh1205/IoT_Vehicle_Tracking_System/resources/reports/thesis/final/thesis-f
inal-report-condensed.tex:508: LaTeX Error: Command \ecircumflex unavailable in
 encoding T1.

See the LaTeX manual or LaTeX Companion for explanation.
Type  H <return>  for immediate help.
 ...                                              
                                                  
l.508 ... Kết luận:} Đồng ý cho bảo vệ
                                                  : \checkbox \thesisspacer ...

Your command was ignored.
Type  I <command> <return>  to replace it with another command,
or  <return>  to continue without it.


e:/anmh1205/IoT_Vehicle_Tracking_System/resources/reports/thesis/final/thesis-f
inal-report-condensed.tex:508: LaTeX Error: Command \ocircumflex unavailable in
 encoding T1.

See the LaTeX manual or LaTeX Companion for explanation.
Type  H <return>  for immediate help.
 ...                                              
                                                  
l.508 ...ệ: \checkbox \thesisspacer Không đồ
                                                  ng ý cho bảo vệ: \che...

Your command was ignored.
Type  I <command> <return>  to replace it with another command,
or  <return>  to continue without it.


e:/anmh1205/IoT_Vehicle_Tracking_System/resources/reports/thesis/final/thesis-f
inal-report-condensed.tex:508: LaTeX Error: Command \ocircumflex unavailable in
 encoding T1.

See the LaTeX manual or LaTeX Companion for explanation.
Type  H <return>  for immediate help.
 ...                                              
                                                  
l.508 ...ệ: \checkbox \thesisspacer Không đồ
                                                  ng ý cho bảo vệ: \che...

Your command was ignored.
Type  I <command> <return>  to replace it with another command,
or  <return>  to continue without it.


e:/anmh1205/IoT_Vehicle_Tracking_System/resources/reports/thesis/final/thesis-f
inal-report-condensed.tex:508: LaTeX Error: Command \h unavailable in encoding 
T1.

See the LaTeX manual or LaTeX Companion for explanation.
Type  H <return>  for immediate help.
 ...                                              
                                                  
l.508 ... \thesisspacer Không đồng ý cho bả
                                                  o vệ: \checkbox
Your command was ignored.
Type  I <command> <return>  to replace it with another command,
or  <return>  to continue without it.


e:/anmh1205/IoT_Vehicle_Tracking_System/resources/reports/thesis/final/thesis-f
inal-report-condensed.tex:508: LaTeX Error: Command \ecircumflex unavailable in
 encoding T1.

See the LaTeX manual or LaTeX Companion for explanation.
Type  H <return>  for immediate help.
 ...                                              
                                                  
l.508 ...isspacer Không đồng ý cho bảo vệ
                                                  : \checkbox
Your command was ignored.
Type  I <command> <return>  to replace it with another command,
or  <return>  to continue without it.


e:/anmh1205/IoT_Vehicle_Tracking_System/resources/reports/thesis/final/thesis-f
inal-report-condensed.tex:511: LaTeX Error: Command \ocircumflex unavailable in
 encoding T1.

See the LaTeX manual or LaTeX Companion for explanation.
Type  H <return>  for immediate help.
 ...                                              
                                                  
l.511   Hà Nộ
                i, ngày \ldots, tháng \ldots năm 20\ldots\\
Your command was ignored.
Type  I <command> <return>  to replace it with another command,
or  <return>  to continue without it.


e:/anmh1205/IoT_Vehicle_Tracking_System/resources/reports/thesis/final/thesis-f
inal-report-condensed.tex:512: LaTeX Error: Command \h unavailable in encoding 
T1.

See the LaTeX manual or LaTeX Companion for explanation.
Type  H <return>  for immediate help.
 ...                                              
                                                  
l.512   \textbf{GIẢNG VIÊN HƯỚNG DẪN}
                                             \\
Your command was ignored.
Type  I <command> <return>  to replace it with another command,
or  <return>  to continue without it.


e:/anmh1205/IoT_Vehicle_Tracking_System/resources/reports/thesis/final/thesis-f
inal-report-condensed.tex:512: LaTeX Error: Command \UHORN unavailable in encod
ing T1.

See the LaTeX manual or LaTeX Companion for explanation.
Type  H <return>  for immediate help.
 ...                                              
                                                  
l.512   \textbf{GIẢNG VIÊN HƯỚNG DẪN}
                                             \\
Your command was ignored.
Type  I <command> <return>  to replace it with another command,
or  <return>  to continue without it.


e:/anmh1205/IoT_Vehicle_Tracking_System/resources/reports/thesis/final/thesis-f
inal-report-condensed.tex:512: LaTeX Error: Command \OHORN unavailable in encod
ing T1.

See the LaTeX manual or LaTeX Companion for explanation.
Type  H <return>  for immediate help.
 ...                                              
                                                  
l.512   \textbf{GIẢNG VIÊN HƯỚNG DẪN}
                                             \\
Your command was ignored.
Type  I <command> <return>  to replace it with another command,
or  <return>  to continue without it.


e:/anmh1205/IoT_Vehicle_Tracking_System/resources/reports/thesis/final/thesis-f
inal-report-condensed.tex:512: LaTeX Error: Command \OHORN unavailable in encod
ing T1.

See the LaTeX manual or LaTeX Companion for explanation.
Type  H <return>  for immediate help.
 ...                                              
                                                  
l.512   \textbf{GIẢNG VIÊN HƯỚNG DẪN}
                                             \\
Your command was ignored.
Type  I <command> <return>  to replace it with another command,
or  <return>  to continue without it.


e:/anmh1205/IoT_Vehicle_Tracking_System/resources/reports/thesis/final/thesis-f
inal-report-condensed.tex:512: LaTeX Error: Command \ACIRCUMFLEX unavailable in
 encoding T1.

See the LaTeX manual or LaTeX Companion for explanation.
Type  H <return>  for immediate help.
 ...                                              
                                                  
l.512   \textbf{GIẢNG VIÊN HƯỚNG DẪN}
                                             \\
Your command was ignored.
Type  I <command> <return>  to replace it with another command,
or  <return>  to continue without it.


e:/anmh1205/IoT_Vehicle_Tracking_System/resources/reports/thesis/final/thesis-f
inal-report-condensed.tex:512: LaTeX Error: Command \ACIRCUMFLEX unavailable in
 encoding T1.

See the LaTeX manual or LaTeX Companion for explanation.
Type  H <return>  for immediate help.
 ...                                              
                                                  
l.512   \textbf{GIẢNG VIÊN HƯỚNG DẪN}
                                             \\
Your command was ignored.
Type  I <command> <return>  to replace it with another command,
or  <return>  to continue without it.

LaTeX Font Info:    Font shape `T1/ntxtlf/m/it' will be
(Font)              scaled to size 13.0pt on input line 513.

e:/anmh1205/IoT_Vehicle_Tracking_System/resources/reports/thesis/final/thesis-f
inal-report-condensed.tex:514: LaTeX Error: Command \ecircumflex unavailable in
 encoding T1.

See the LaTeX manual or LaTeX Companion for explanation.
Type  H <return>  for immediate help.
 ...                                              
                                                  
l.514   TS. Nguyễ
                   n Đức Nam
Your command was ignored.
Type  I <command> <return>  to replace it with another command,
or  <return>  to continue without it.


e:/anmh1205/IoT_Vehicle_Tracking_System/resources/reports/thesis/final/thesis-f
inal-report-condensed.tex:514: LaTeX Error: Command \ecircumflex unavailable in
 encoding T1.

See the LaTeX manual or LaTeX Companion for explanation.
Type  H <return>  for immediate help.
 ...                                              
                                                  
l.514   TS. Nguyễ
                   n Đức Nam
Your command was ignored.
Type  I <command> <return>  to replace it with another command,
or  <return>  to continue without it.


e:/anmh1205/IoT_Vehicle_Tracking_System/resources/reports/thesis/final/thesis-f
inal-report-condensed.tex:514: LaTeX Error: Command \uhorn unavailable in encod
ing T1.

See the LaTeX manual or LaTeX Companion for explanation.
Type  H <return>  for immediate help.
 ...                                              
                                                  
l.514   TS. Nguyễn Đứ
                          c Nam
Your command was ignored.
Type  I <command> <return>  to replace it with another command,
or  <return>  to continue without it.


e:/anmh1205/IoT_Vehicle_Tracking_System/resources/reports/thesis/final/thesis-f
inal-report-condensed.tex:514: LaTeX Error: Command \uhorn unavailable in encod
ing T1.

See the LaTeX manual or LaTeX Companion for explanation.
Type  H <return>  for immediate help.
 ...                                              
                                                  
l.514   TS. Nguyễn Đứ
                          c Nam
Your command was ignored.
Type  I <command> <return>  to replace it with another command,
or  <return>  to continue without it.

[1



] [2]

e:/anmh1205/IoT_Vehicle_Tracking_System/resources/reports/thesis/final/thesis-f
inal-report-condensed.tex:519: LaTeX Error: Command \OCIRCUMFLEX unavailable in
 encoding T1.

See the LaTeX manual or LaTeX Companion for explanation.
Type  H <return>  for immediate help.
 ...                                              
                                                  
l.519 \thesisofficialheader
                           
Your command was ignored.
Type  I <command> <return>  to replace it with another command,
or  <return>  to continue without it.


e:/anmh1205/IoT_Vehicle_Tracking_System/resources/reports/thesis/final/thesis-f
inal-report-condensed.tex:519: LaTeX Error: Command \OCIRCUMFLEX unavailable in
 encoding T1.

See the LaTeX manual or LaTeX Companion for explanation.
Type  H <return>  for immediate help.
 ...                                              
                                                  
l.519 \thesisofficialheader
                           
Your command was ignored.
Type  I <command> <return>  to replace it with another command,
or  <return>  to continue without it.


e:/anmh1205/IoT_Vehicle_Tracking_System/resources/reports/thesis/final/thesis-f
inal-report-condensed.tex:519: LaTeX Error: Command \OCIRCUMFLEX unavailable in
 encoding T1.

See the LaTeX manual or LaTeX Companion for explanation.
Type  H <return>  for immediate help.
 ...                                              
                                                  
l.519 \thesisofficialheader
                           
Your command was ignored.
Type  I <command> <return>  to replace it with another command,
or  <return>  to continue without it.


e:/anmh1205/IoT_Vehicle_Tracking_System/resources/reports/thesis/final/thesis-f
inal-report-condensed.tex:519: LaTeX Error: Command \h unavailable in encoding 
T1.

See the LaTeX manual or LaTeX Companion for explanation.
Type  H <return>  for immediate help.
 ...                                              
                                                  
l.519 \thesisofficialheader
                           
Your command was ignored.
Type  I <command> <return>  to replace it with another command,
or  <return>  to continue without it.


e:/anmh1205/IoT_Vehicle_Tracking_System/resources/reports/thesis/final/thesis-f
inal-report-condensed.tex:519: LaTeX Error: Command \ECIRCUMFLEX unavailable in
 encoding T1.

See the LaTeX manual or LaTeX Companion for explanation.
Type  H <return>  for immediate help.
 ...                                              
                                                  
l.519 \thesisofficialheader
                           
Your command was ignored.
Type  I <command> <return>  to replace it with another command,
or  <return>  to continue without it.


e:/anmh1205/IoT_Vehicle_Tracking_System/resources/reports/thesis/final/thesis-f
inal-report-condensed.tex:519: LaTeX Error: Command \ocircumflex unavailable in
 encoding T1.

See the LaTeX manual or LaTeX Companion for explanation.
Type  H <return>  for immediate help.
 ...                                              
                                                  
l.519 \thesisofficialheader
                           
Your command was ignored.
Type  I <command> <return>  to replace it with another command,
or  <return>  to continue without it.


e:/anmh1205/IoT_Vehicle_Tracking_System/resources/reports/thesis/final/thesis-f
inal-report-condensed.tex:519: LaTeX Error: Command \acircumflex unavailable in
 encoding T1.

See the LaTeX manual or LaTeX Companion for explanation.
Type  H <return>  for immediate help.
 ...                                              
                                                  
l.519 \thesisofficialheader
                           
Your command was ignored.
Type  I <command> <return>  to replace it with another command,
or  <return>  to continue without it.


e:/anmh1205/IoT_Vehicle_Tracking_System/resources/reports/thesis/final/thesis-f
inal-report-condensed.tex:519: LaTeX Error: Command \uhorn unavailable in encod
ing T1.

See the LaTeX manual or LaTeX Companion for explanation.
Type  H <return>  for immediate help.
 ...                                              
                                                  
l.519 \thesisofficialheader
                           
Your command was ignored.
Type  I <command> <return>  to replace it with another command,
or  <return>  to continue without it.


e:/anmh1205/IoT_Vehicle_Tracking_System/resources/reports/thesis/final/thesis-f
inal-report-condensed.tex:521: LaTeX Error: Command \ACIRCUMFLEX unavailable in
 encoding T1.

See the LaTeX manual or LaTeX Companion for explanation.
Type  H <return>  for immediate help.
 ...                                              
                                                  
l.521 ...HIỆP CỦA GIẢNG VIÊN PHẢN BIỆN}
                                                  
Your command was ignored.
Type  I <command> <return>  to replace it with another command,
or  <return>  to continue without it.


e:/anmh1205/IoT_Vehicle_Tracking_System/resources/reports/thesis/final/thesis-f
inal-report-condensed.tex:521: LaTeX Error: Command \OCIRCUMFLEX unavailable in
 encoding T1.

See the LaTeX manual or LaTeX Companion for explanation.
Type  H <return>  for immediate help.
 ...                                              
                                                  
l.521 ...HIỆP CỦA GIẢNG VIÊN PHẢN BIỆN}
                                                  
Your command was ignored.
Type  I <command> <return>  to replace it with another command,
or  <return>  to continue without it.


e:/anmh1205/IoT_Vehicle_Tracking_System/resources/reports/thesis/final/thesis-f
inal-report-condensed.tex:521: LaTeX Error: Command \OCIRCUMFLEX unavailable in
 encoding T1.

See the LaTeX manual or LaTeX Companion for explanation.
Type  H <return>  for immediate help.
 ...                                              
                                                  
l.521 ...HIỆP CỦA GIẢNG VIÊN PHẢN BIỆN}
                                                  
Your command was ignored.
Type  I <command> <return>  to replace it with another command,
or  <return>  to continue without it.


e:/anmh1205/IoT_Vehicle_Tracking_System/resources/reports/thesis/final/thesis-f
inal-report-condensed.tex:521: LaTeX Error: Command \OCIRCUMFLEX unavailable in
 encoding T1.

See the LaTeX manual or LaTeX Companion for explanation.
Type  H <return>  for immediate help.
 ...                                              
                                                  
l.521 ...HIỆP CỦA GIẢNG VIÊN PHẢN BIỆN}
                                                  
Your command was ignored.
Type  I <command> <return>  to replace it with another command,
or  <return>  to continue without it.


e:/anmh1205/IoT_Vehicle_Tracking_System/resources/reports/thesis/final/thesis-f
inal-report-condensed.tex:521: LaTeX Error: Command \OCIRCUMFLEX unavailable in
 encoding T1.

See the LaTeX manual or LaTeX Companion for explanation.
Type  H <return>  for immediate help.
 ...                                              
                                                  
l.521 ...HIỆP CỦA GIẢNG VIÊN PHẢN BIỆN}
                                                  
Your command was ignored.
Type  I <command> <return>  to replace it with another command,
or  <return>  to continue without it.


e:/anmh1205/IoT_Vehicle_Tracking_System/resources/reports/thesis/final/thesis-f
inal-report-condensed.tex:521: LaTeX Error: Command \ECIRCUMFLEX unavailable in
 encoding T1.

See the LaTeX manual or LaTeX Companion for explanation.
Type  H <return>  for immediate help.
 ...                                              
                                                  
l.521 ...HIỆP CỦA GIẢNG VIÊN PHẢN BIỆN}
                                                  
Your command was ignored.
Type  I <command> <return>  to replace it with another command,
or  <return>  to continue without it.


e:/anmh1205/IoT_Vehicle_Tracking_System/resources/reports/thesis/final/thesis-f
inal-report-condensed.tex:521: LaTeX Error: Command \h unavailable in encoding 
T1.

See the LaTeX manual or LaTeX Companion for explanation.
Type  H <return>  for immediate help.
 ...                                              
                                                  
l.521 ...HIỆP CỦA GIẢNG VIÊN PHẢN BIỆN}
                                                  
Your command was ignored.
Type  I <command> <return>  to replace it with another command,
or  <return>  to continue without it.


e:/anmh1205/IoT_Vehicle_Tracking_System/resources/reports/thesis/final/thesis-f
inal-report-condensed.tex:521: LaTeX Error: Command \h unavailable in encoding 
T1.

See the LaTeX manual or LaTeX Companion for explanation.
Type  H <return>  for immediate help.
 ...                                              
                                                  
l.521 ...HIỆP CỦA GIẢNG VIÊN PHẢN BIỆN}
                                                  
Your command was ignored.
Type  I <command> <return>  to replace it with another command,
or  <return>  to continue without it.


e:/anmh1205/IoT_Vehicle_Tracking_System/resources/reports/thesis/final/thesis-f
inal-report-condensed.tex:521: LaTeX Error: Command \h unavailable in encoding 
T1.

See the LaTeX manual or LaTeX Companion for explanation.
Type  H <return>  for immediate help.
 ...                                              
                                                  
l.521 ...HIỆP CỦA GIẢNG VIÊN PHẢN BIỆN}
                                                  
Your command was ignored.
Type  I <command> <return>  to replace it with another command,
or  <return>  to continue without it.


e:/anmh1205/IoT_Vehicle_Tracking_System/resources/reports/thesis/final/thesis-f
inal-report-condensed.tex:521: LaTeX Error: Command \ECIRCUMFLEX unavailable in
 encoding T1.

See the LaTeX manual or LaTeX Companion for explanation.
Type  H <return>  for immediate help.
 ...                                              
                                                  
l.521 ...HIỆP CỦA GIẢNG VIÊN PHẢN BIỆN}
                                                  
Your command was ignored.
Type  I <command> <return>  to replace it with another command,
or  <return>  to continue without it.


e:/anmh1205/IoT_Vehicle_Tracking_System/resources/reports/thesis/final/thesis-f
inal-report-condensed.tex:525: LaTeX Error: Command \h unavailable in encoding 
T1.

See the LaTeX manual or LaTeX Companion for explanation.
Type  H <return>  for immediate help.
 ...                                              
                                                  
l.525 \textbf{Giảng viên phản biện:}
                                            Theo quyết định phân công...

Your command was ignored.
Type  I <command> <return>  to replace it with another command,
or  <return>  to continue without it.


e:/anmh1205/IoT_Vehicle_Tracking_System/resources/reports/thesis/final/thesis-f
inal-report-condensed.tex:525: LaTeX Error: Command \h unavailable in encoding 
T1.

See the LaTeX manual or LaTeX Companion for explanation.
Type  H <return>  for immediate help.
 ...                                              
                                                  
l.525 \textbf{Giảng viên phản biện:}
                                            Theo quyết định phân công...

Your command was ignored.
Type  I <command> <return>  to replace it with another command,
or  <return>  to continue without it.


e:/anmh1205/IoT_Vehicle_Tracking_System/resources/reports/thesis/final/thesis-f
inal-report-condensed.tex:525: LaTeX Error: Command \ecircumflex unavailable in
 encoding T1.

See the LaTeX manual or LaTeX Companion for explanation.
Type  H <return>  for immediate help.
 ...                                              
                                                  
l.525 \textbf{Giảng viên phản biện:}
                                            Theo quyết định phân công...

Your command was ignored.
Type  I <command> <return>  to replace it with another command,
or  <return>  to continue without it.


e:/anmh1205/IoT_Vehicle_Tracking_System/resources/reports/thesis/final/thesis-f
inal-report-condensed.tex:525: LaTeX Error: Command \ecircumflex unavailable in
 encoding T1.

See the LaTeX manual or LaTeX Companion for explanation.
Type  H <return>  for immediate help.
 ...                                              
                                                  
l.525 ...Giảng viên phản biện:} Theo quyế
                                                  t định phân công ph�...

Your command was ignored.
Type  I <command> <return>  to replace it with another command,
or  <return>  to continue without it.


e:/anmh1205/IoT_Vehicle_Tracking_System/resources/reports/thesis/final/thesis-f
inal-report-condensed.tex:525: LaTeX Error: Command \ecircumflex unavailable in
 encoding T1.

See the LaTeX manual or LaTeX Companion for explanation.
Type  H <return>  for immediate help.
 ...                                              
                                                  
l.525 ...Giảng viên phản biện:} Theo quyế
                                                  t định phân công ph�...

Your command was ignored.
Type  I <command> <return>  to replace it with another command,
or  <return>  to continue without it.


e:/anmh1205/IoT_Vehicle_Tracking_System/resources/reports/thesis/final/thesis-f
inal-report-condensed.tex:525: LaTeX Error: Command \h unavailable in encoding 
T1.

See the LaTeX manual or LaTeX Companion for explanation.
Type  H <return>  for immediate help.
 ...                                              
                                                  
l.525 ...:} Theo quyết định phân công phả
                                                  n biện của Khoa \\
Your command was ignored.
Type  I <command> <return>  to replace it with another command,
or  <return>  to continue without it.


e:/anmh1205/IoT_Vehicle_Tracking_System/resources/reports/thesis/final/thesis-f
inal-report-condensed.tex:525: LaTeX Error: Command \ecircumflex unavailable in
 encoding T1.

See the LaTeX manual or LaTeX Companion for explanation.
Type  H <return>  for immediate help.
 ...                                              
                                                  
l.525 ... quyết định phân công phản biệ
                                                  n của Khoa \\
Your command was ignored.
Type  I <command> <return>  to replace it with another command,
or  <return>  to continue without it.


e:/anmh1205/IoT_Vehicle_Tracking_System/resources/reports/thesis/final/thesis-f
inal-report-condensed.tex:525: LaTeX Error: Command \h unavailable in encoding 
T1.

See the LaTeX manual or LaTeX Companion for explanation.
Type  H <return>  for immediate help.
 ...                                              
                                                  
l.525 ...�t định phân công phản biện củ
                                                  a Khoa \\
Your command was ignored.
Type  I <command> <return>  to replace it with another command,
or  <return>  to continue without it.


e:/anmh1205/IoT_Vehicle_Tracking_System/resources/reports/thesis/final/thesis-f
inal-report-condensed.tex:526: LaTeX Error: Command \ecircumflex unavailable in
 encoding T1.

See the LaTeX manual or LaTeX Companion for explanation.
Type  H <return>  for immediate help.
 ...                                              
                                                  
l.526 \textbf{Tên đề tài:}
                                Thiết kế hệ thống IoT cho ứng dụ...

Your command was ignored.
Type  I <command> <return>  to replace it with another command,
or  <return>  to continue without it.


e:/anmh1205/IoT_Vehicle_Tracking_System/resources/reports/thesis/final/thesis-f
inal-report-condensed.tex:526: LaTeX Error: Command \ecircumflex unavailable in
 encoding T1.

See the LaTeX manual or LaTeX Companion for explanation.
Type  H <return>  for immediate help.
 ...                                              
                                                  
l.526 \textbf{Tên đề tài:}
                                Thiết kế hệ thống IoT cho ứng dụ...

Your command was ignored.
Type  I <command> <return>  to replace it with another command,
or  <return>  to continue without it.


e:/anmh1205/IoT_Vehicle_Tracking_System/resources/reports/thesis/final/thesis-f
inal-report-condensed.tex:526: LaTeX Error: Command \ecircumflex unavailable in
 encoding T1.

See the LaTeX manual or LaTeX Companion for explanation.
Type  H <return>  for immediate help.
 ...                                              
                                                  
l.526 \textbf{Tên đề tài:} Thiế
                                      t kế hệ thống IoT cho ứng dụ...

Your command was ignored.
Type  I <command> <return>  to replace it with another command,
or  <return>  to continue without it.


e:/anmh1205/IoT_Vehicle_Tracking_System/resources/reports/thesis/final/thesis-f
inal-report-condensed.tex:526: LaTeX Error: Command \ecircumflex unavailable in
 encoding T1.

See the LaTeX manual or LaTeX Companion for explanation.
Type  H <return>  for immediate help.
 ...                                              
                                                  
l.526 \textbf{Tên đề tài:} Thiế
                                      t kế hệ thống IoT cho ứng dụ...

Your command was ignored.
Type  I <command> <return>  to replace it with another command,
or  <return>  to continue without it.


e:/anmh1205/IoT_Vehicle_Tracking_System/resources/reports/thesis/final/thesis-f
inal-report-condensed.tex:526: LaTeX Error: Command \ecircumflex unavailable in
 encoding T1.

See the LaTeX manual or LaTeX Companion for explanation.
Type  H <return>  for immediate help.
 ...                                              
                                                  
l.526 \textbf{Tên đề tài:} Thiết kế
                                             hệ thống IoT cho ứng dụ...

Your command was ignored.
Type  I <command> <return>  to replace it with another command,
or  <return>  to continue without it.


e:/anmh1205/IoT_Vehicle_Tracking_System/resources/reports/thesis/final/thesis-f
inal-report-condensed.tex:526: LaTeX Error: Command \ecircumflex unavailable in
 encoding T1.

See the LaTeX manual or LaTeX Companion for explanation.
Type  H <return>  for immediate help.
 ...                                              
                                                  
l.526 \textbf{Tên đề tài:} Thiết kế
                                             hệ thống IoT cho ứng dụ...

Your command was ignored.
Type  I <command> <return>  to replace it with another command,
or  <return>  to continue without it.


e:/anmh1205/IoT_Vehicle_Tracking_System/resources/reports/thesis/final/thesis-f
inal-report-condensed.tex:526: LaTeX Error: Command \ecircumflex unavailable in
 encoding T1.

See the LaTeX manual or LaTeX Companion for explanation.
Type  H <return>  for immediate help.
 ...                                              
                                                  
l.526 \textbf{Tên đề tài:} Thiết kế hệ
                                                  thống IoT cho ứng dụ...

Your command was ignored.
Type  I <command> <return>  to replace it with another command,
or  <return>  to continue without it.


e:/anmh1205/IoT_Vehicle_Tracking_System/resources/reports/thesis/final/thesis-f
inal-report-condensed.tex:526: LaTeX Error: Command \ocircumflex unavailable in
 encoding T1.

See the LaTeX manual or LaTeX Companion for explanation.
Type  H <return>  for immediate help.
 ...                                              
                                                  
l.526 ...Tên đề tài:} Thiết kế hệ thố
                                                  ng IoT cho ứng dụng qu...

Your command was ignored.
Type  I <command> <return>  to replace it with another command,
or  <return>  to continue without it.


e:/anmh1205/IoT_Vehicle_Tracking_System/resources/reports/thesis/final/thesis-f
inal-report-condensed.tex:526: LaTeX Error: Command \ocircumflex unavailable in
 encoding T1.

See the LaTeX manual or LaTeX Companion for explanation.
Type  H <return>  for immediate help.
 ...                                              
                                                  
l.526 ...Tên đề tài:} Thiết kế hệ thố
                                                  ng IoT cho ứng dụng qu...

Your command was ignored.
Type  I <command> <return>  to replace it with another command,
or  <return>  to continue without it.


e:/anmh1205/IoT_Vehicle_Tracking_System/resources/reports/thesis/final/thesis-f
inal-report-condensed.tex:526: LaTeX Error: Command \uhorn unavailable in encod
ing T1.

See the LaTeX manual or LaTeX Companion for explanation.
Type  H <return>  for immediate help.
 ...                                              
                                                  
l.526 ...i:} Thiết kế hệ thống IoT cho ứ
                                                  ng dụng quản lý phư�...

Your command was ignored.
Type  I <command> <return>  to replace it with another command,
or  <return>  to continue without it.


e:/anmh1205/IoT_Vehicle_Tracking_System/resources/reports/thesis/final/thesis-f
inal-report-condensed.tex:526: LaTeX Error: Command \uhorn unavailable in encod
ing T1.

See the LaTeX manual or LaTeX Companion for explanation.
Type  H <return>  for immediate help.
 ...                                              
                                                  
l.526 ...i:} Thiết kế hệ thống IoT cho ứ
                                                  ng dụng quản lý phư�...

Your command was ignored.
Type  I <command> <return>  to replace it with another command,
or  <return>  to continue without it.


e:/anmh1205/IoT_Vehicle_Tracking_System/resources/reports/thesis/final/thesis-f
inal-report-condensed.tex:526: LaTeX Error: Command \h unavailable in encoding 
T1.

See the LaTeX manual or LaTeX Companion for explanation.
Type  H <return>  for immediate help.
 ...                                              
                                                  
l.526 ...� hệ thống IoT cho ứng dụng quả
                                                  n lý phương tiện giao...

Your command was ignored.
Type  I <command> <return>  to replace it with another command,
or  <return>  to continue without it.


e:/anmh1205/IoT_Vehicle_Tracking_System/resources/reports/thesis/final/thesis-f
inal-report-condensed.tex:526: LaTeX Error: Command \uhorn unavailable in encod
ing T1.

See the LaTeX manual or LaTeX Companion for explanation.
Type  H <return>  for immediate help.
 ...                                              
                                                  
l.526 ...��ng IoT cho ứng dụng quản lý phư
                                                  ơng tiện giao thông tr...

Your command was ignored.
Type  I <command> <return>  to replace it with another command,
or  <return>  to continue without it.


e:/anmh1205/IoT_Vehicle_Tracking_System/resources/reports/thesis/final/thesis-f
inal-report-condensed.tex:526: LaTeX Error: Command \ohorn unavailable in encod
ing T1.

See the LaTeX manual or LaTeX Companion for explanation.
Type  H <return>  for immediate help.
 ...                                              
                                                  
l.526 ...ng IoT cho ứng dụng quản lý phươ
                                                  ng tiện giao thông tron...

Your command was ignored.
Type  I <command> <return>  to replace it with another command,
or  <return>  to continue without it.


e:/anmh1205/IoT_Vehicle_Tracking_System/resources/reports/thesis/final/thesis-f
inal-report-condensed.tex:526: LaTeX Error: Command \ecircumflex unavailable in
 encoding T1.

See the LaTeX manual or LaTeX Companion for explanation.
Type  H <return>  for immediate help.
 ...                                              
                                                  
l.526 ...ho ứng dụng quản lý phương tiệ
                                                  n giao thông trong lĩnh ...

Your command was ignored.
Type  I <command> <return>  to replace it with another command,
or  <return>  to continue without it.


e:/anmh1205/IoT_Vehicle_Tracking_System/resources/reports/thesis/final/thesis-f
inal-report-condensed.tex:526: LaTeX Error: Command \uhorn unavailable in encod
ing T1.

See the LaTeX manual or LaTeX Companion for explanation.
Type  H <return>  for immediate help.
 ...                                              
                                                  
l.526 ...�ơng tiện giao thông trong lĩnh vự
                                                  c cho thuê xe tự lái.\\
Your command was ignored.
Type  I <command> <return>  to replace it with another command,
or  <return>  to continue without it.


e:/anmh1205/IoT_Vehicle_Tracking_System/resources/reports/thesis/final/thesis-f
inal-report-condensed.tex:526: LaTeX Error: Command \uhorn unavailable in encod
ing T1.

See the LaTeX manual or LaTeX Companion for explanation.
Type  H <return>  for immediate help.
 ...                                              
                                                  
l.526 ...hông trong lĩnh vực cho thuê xe tự
                                                   lái.\\
Your command was ignored.
Type  I <command> <return>  to replace it with another command,
or  <return>  to continue without it.


e:/anmh1205/IoT_Vehicle_Tracking_System/resources/reports/thesis/final/thesis-f
inal-report-condensed.tex:527: LaTeX Error: Command \uhorn unavailable in encod
ing T1.

See the LaTeX manual or LaTeX Companion for explanation.
Type  H <return>  for immediate help.
 ...                                              
                                                  
l.527 \textbf{Sinh viên thực hiện:}
                                         Lê Trọng An \hfill \textbf{Lớp...

Your command was ignored.
Type  I <command> <return>  to replace it with another command,
or  <return>  to continue without it.


e:/anmh1205/IoT_Vehicle_Tracking_System/resources/reports/thesis/final/thesis-f
inal-report-condensed.tex:527: LaTeX Error: Command \ecircumflex unavailable in
 encoding T1.

See the LaTeX manual or LaTeX Companion for explanation.
Type  H <return>  for immediate help.
 ...                                              
                                                  
l.527 \textbf{Sinh viên thực hiện:}
                                         Lê Trọng An \hfill \textbf{Lớp...

Your command was ignored.
Type  I <command> <return>  to replace it with another command,
or  <return>  to continue without it.


e:/anmh1205/IoT_Vehicle_Tracking_System/resources/reports/thesis/final/thesis-f
inal-report-condensed.tex:527: LaTeX Error: Command \ohorn unavailable in encod
ing T1.

See the LaTeX manual or LaTeX Companion for explanation.
Type  H <return>  for immediate help.
 ...                                              
                                                  
l.527 ...n:} Lê Trọng An \hfill \textbf{Lớp:}
                                                   K15-KTCĐT2\\
Your command was ignored.
Type  I <command> <return>  to replace it with another command,
or  <return>  to continue without it.


e:/anmh1205/IoT_Vehicle_Tracking_System/resources/reports/thesis/final/thesis-f
inal-report-condensed.tex:527: LaTeX Error: Command \ohorn unavailable in encod
ing T1.

See the LaTeX manual or LaTeX Companion for explanation.
Type  H <return>  for immediate help.
 ...                                              
                                                  
l.527 ...n:} Lê Trọng An \hfill \textbf{Lớp:}
                                                   K15-KTCĐT2\\
Your command was ignored.
Type  I <command> <return>  to replace it with another command,
or  <return>  to continue without it.


e:/anmh1205/IoT_Vehicle_Tracking_System/resources/reports/thesis/final/thesis-f
inal-report-condensed.tex:528: LaTeX Error: Command \h unavailable in encoding 
T1.

See the LaTeX manual or LaTeX Companion for explanation.
Type  H <return>  for immediate help.
 ...                                              
                                                  
l.528 \textbf{Giảng viên hướng dẫn:}
                                             TS. Nguyễn Đức Nam
Your command was ignored.
Type  I <command> <return>  to replace it with another command,
or  <return>  to continue without it.


e:/anmh1205/IoT_Vehicle_Tracking_System/resources/reports/thesis/final/thesis-f
inal-report-condensed.tex:528: LaTeX Error: Command \uhorn unavailable in encod
ing T1.

See the LaTeX manual or LaTeX Companion for explanation.
Type  H <return>  for immediate help.
 ...                                              
                                                  
l.528 \textbf{Giảng viên hướng dẫn:}
                                             TS. Nguyễn Đức Nam
Your command was ignored.
Type  I <command> <return>  to replace it with another command,
or  <return>  to continue without it.


e:/anmh1205/IoT_Vehicle_Tracking_System/resources/reports/thesis/final/thesis-f
inal-report-condensed.tex:528: LaTeX Error: Command \ohorn unavailable in encod
ing T1.

See the LaTeX manual or LaTeX Companion for explanation.
Type  H <return>  for immediate help.
 ...                                              
                                                  
l.528 \textbf{Giảng viên hướng dẫn:}
                                             TS. Nguyễn Đức Nam
Your command was ignored.
Type  I <command> <return>  to replace it with another command,
or  <return>  to continue without it.


e:/anmh1205/IoT_Vehicle_Tracking_System/resources/reports/thesis/final/thesis-f
inal-report-condensed.tex:528: LaTeX Error: Command \ohorn unavailable in encod
ing T1.

See the LaTeX manual or LaTeX Companion for explanation.
Type  H <return>  for immediate help.
 ...                                              
                                                  
l.528 \textbf{Giảng viên hướng dẫn:}
                                             TS. Nguyễn Đức Nam
Your command was ignored.
Type  I <command> <return>  to replace it with another command,
or  <return>  to continue without it.


e:/anmh1205/IoT_Vehicle_Tracking_System/resources/reports/thesis/final/thesis-f
inal-report-condensed.tex:528: LaTeX Error: Command \acircumflex unavailable in
 encoding T1.

See the LaTeX manual or LaTeX Companion for explanation.
Type  H <return>  for immediate help.
 ...                                              
                                                  
l.528 \textbf{Giảng viên hướng dẫn:}
                                             TS. Nguyễn Đức Nam
Your command was ignored.
Type  I <command> <return>  to replace it with another command,
or  <return>  to continue without it.


e:/anmh1205/IoT_Vehicle_Tracking_System/resources/reports/thesis/final/thesis-f
inal-report-condensed.tex:528: LaTeX Error: Command \acircumflex unavailable in
 encoding T1.

See the LaTeX manual or LaTeX Companion for explanation.
Type  H <return>  for immediate help.
 ...                                              
                                                  
l.528 \textbf{Giảng viên hướng dẫn:}
                                             TS. Nguyễn Đức Nam
Your command was ignored.
Type  I <command> <return>  to replace it with another command,
or  <return>  to continue without it.


e:/anmh1205/IoT_Vehicle_Tracking_System/resources/reports/thesis/final/thesis-f
inal-report-condensed.tex:528: LaTeX Error: Command \ecircumflex unavailable in
 encoding T1.

See the LaTeX manual or LaTeX Companion for explanation.
Type  H <return>  for immediate help.
 ...                                              
                                                  
l.528 ...iảng viên hướng dẫn:} TS. Nguyễ
                                                  n Đức Nam
Your command was ignored.
Type  I <command> <return>  to replace it with another command,
or  <return>  to continue without it.


e:/anmh1205/IoT_Vehicle_Tracking_System/resources/reports/thesis/final/thesis-f
inal-report-condensed.tex:528: LaTeX Error: Command \ecircumflex unavailable in
 encoding T1.

See the LaTeX manual or LaTeX Companion for explanation.
Type  H <return>  for immediate help.
 ...                                              
                                                  
l.528 ...iảng viên hướng dẫn:} TS. Nguyễ
                                                  n Đức Nam
Your command was ignored.
Type  I <command> <return>  to replace it with another command,
or  <return>  to continue without it.


e:/anmh1205/IoT_Vehicle_Tracking_System/resources/reports/thesis/final/thesis-f
inal-report-condensed.tex:528: LaTeX Error: Command \uhorn unavailable in encod
ing T1.

See the LaTeX manual or LaTeX Companion for explanation.
Type  H <return>  for immediate help.
 ...                                              
                                                  
l.528 ...viên hướng dẫn:} TS. Nguyễn Đứ
                                                  c Nam
Your command was ignored.
Type  I <command> <return>  to replace it with another command,
or  <return>  to continue without it.


e:/anmh1205/IoT_Vehicle_Tracking_System/resources/reports/thesis/final/thesis-f
inal-report-condensed.tex:528: LaTeX Error: Command \uhorn unavailable in encod
ing T1.

See the LaTeX manual or LaTeX Companion for explanation.
Type  H <return>  for immediate help.
 ...                                              
                                                  
l.528 ...viên hướng dẫn:} TS. Nguyễn Đứ
                                                  c Nam
Your command was ignored.
Type  I <command> <return>  to replace it with another command,
or  <return>  to continue without it.


e:/anmh1205/IoT_Vehicle_Tracking_System/resources/reports/thesis/final/thesis-f
inal-report-condensed.tex:531: LaTeX Error: Command \OCIRCUMFLEX unavailable in
 encoding T1.

See the LaTeX manual or LaTeX Companion for explanation.
Type  H <return>  for immediate help.
 ...                                              
                                                  
l.531   \textbf{NỘI DUNG NHẬN XÉT}
                                       
Your command was ignored.
Type  I <command> <return>  to replace it with another command,
or  <return>  to continue without it.


e:/anmh1205/IoT_Vehicle_Tracking_System/resources/reports/thesis/final/thesis-f
inal-report-condensed.tex:531: LaTeX Error: Command \ACIRCUMFLEX unavailable in
 encoding T1.

See the LaTeX manual or LaTeX Companion for explanation.
Type  H <return>  for immediate help.
 ...                                              
                                                  
l.531   \textbf{NỘI DUNG NHẬN XÉT}
                                       
Your command was ignored.
Type  I <command> <return>  to replace it with another command,
or  <return>  to continue without it.


e:/anmh1205/IoT_Vehicle_Tracking_System/resources/reports/thesis/final/thesis-f
inal-report-condensed.tex:533: LaTeX Error: Command \acircumflex unavailable in
 encoding T1.

See the LaTeX manual or LaTeX Companion for explanation.
Type  H <return>  for immediate help.
 ...                                              
                                                  
l.533 ...I. Nhận xét Đồ án tốt nghiệp:}
                                                  \\
Your command was ignored.
Type  I <command> <return>  to replace it with another command,
or  <return>  to continue without it.


e:/anmh1205/IoT_Vehicle_Tracking_System/resources/reports/thesis/final/thesis-f
inal-report-condensed.tex:533: LaTeX Error: Command \ocircumflex unavailable in
 encoding T1.

See the LaTeX manual or LaTeX Companion for explanation.
Type  H <return>  for immediate help.
 ...                                              
                                                  
l.533 ...I. Nhận xét Đồ án tốt nghiệp:}
                                                  \\
Your command was ignored.
Type  I <command> <return>  to replace it with another command,
or  <return>  to continue without it.


e:/anmh1205/IoT_Vehicle_Tracking_System/resources/reports/thesis/final/thesis-f
inal-report-condensed.tex:533: LaTeX Error: Command \ocircumflex unavailable in
 encoding T1.

See the LaTeX manual or LaTeX Companion for explanation.
Type  H <return>  for immediate help.
 ...                                              
                                                  
l.533 ...I. Nhận xét Đồ án tốt nghiệp:}
                                                  \\
Your command was ignored.
Type  I <command> <return>  to replace it with another command,
or  <return>  to continue without it.


e:/anmh1205/IoT_Vehicle_Tracking_System/resources/reports/thesis/final/thesis-f
inal-report-condensed.tex:533: LaTeX Error: Command \ocircumflex unavailable in
 encoding T1.

See the LaTeX manual or LaTeX Companion for explanation.
Type  H <return>  for immediate help.
 ...                                              
                                                  
l.533 ...I. Nhận xét Đồ án tốt nghiệp:}
                                                  \\
Your command was ignored.
Type  I <command> <return>  to replace it with another command,
or  <return>  to continue without it.


e:/anmh1205/IoT_Vehicle_Tracking_System/resources/reports/thesis/final/thesis-f
inal-report-condensed.tex:533: LaTeX Error: Command \ocircumflex unavailable in
 encoding T1.

See the LaTeX manual or LaTeX Companion for explanation.
Type  H <return>  for immediate help.
 ...                                              
                                                  
l.533 ...I. Nhận xét Đồ án tốt nghiệp:}
                                                  \\
Your command was ignored.
Type  I <command> <return>  to replace it with another command,
or  <return>  to continue without it.


e:/anmh1205/IoT_Vehicle_Tracking_System/resources/reports/thesis/final/thesis-f
inal-report-condensed.tex:533: LaTeX Error: Command \ecircumflex unavailable in
 encoding T1.

See the LaTeX manual or LaTeX Companion for explanation.
Type  H <return>  for immediate help.
 ...                                              
                                                  
l.533 ...I. Nhận xét Đồ án tốt nghiệp:}
                                                  \\
Your command was ignored.
Type  I <command> <return>  to replace it with another command,
or  <return>  to continue without it.


e:/anmh1205/IoT_Vehicle_Tracking_System/resources/reports/thesis/final/thesis-f
inal-report-condensed.tex:534: LaTeX Error: Command \ocircumflex unavailable in
 encoding T1.

See the LaTeX manual or LaTeX Companion for explanation.
Type  H <return>  for immediate help.
 ...                                              
                                                  
l.534 - Bố
             cục, hình thức trình bày: \dotfill\\[0.55cm]
Your command was ignored.
Type  I <command> <return>  to replace it with another command,
or  <return>  to continue without it.


e:/anmh1205/IoT_Vehicle_Tracking_System/resources/reports/thesis/final/thesis-f
inal-report-condensed.tex:534: LaTeX Error: Command \ocircumflex unavailable in
 encoding T1.

See the LaTeX manual or LaTeX Companion for explanation.
Type  H <return>  for immediate help.
 ...                                              
                                                  
l.534 - Bố
             cục, hình thức trình bày: \dotfill\\[0.55cm]
Your command was ignored.
Type  I <command> <return>  to replace it with another command,
or  <return>  to continue without it.


e:/anmh1205/IoT_Vehicle_Tracking_System/resources/reports/thesis/final/thesis-f
inal-report-condensed.tex:534: LaTeX Error: Command \uhorn unavailable in encod
ing T1.

See the LaTeX manual or LaTeX Companion for explanation.
Type  H <return>  for immediate help.
 ...                                              
                                                  
l.534 - Bố cục, hình thứ
                               c trình bày: \dotfill\\[0.55cm]
Your command was ignored.
Type  I <command> <return>  to replace it with another command,
or  <return>  to continue without it.


e:/anmh1205/IoT_Vehicle_Tracking_System/resources/reports/thesis/final/thesis-f
inal-report-condensed.tex:534: LaTeX Error: Command \uhorn unavailable in encod
ing T1.

See the LaTeX manual or LaTeX Companion for explanation.
Type  H <return>  for immediate help.
 ...                                              
                                                  
l.534 - Bố cục, hình thứ
                               c trình bày: \dotfill\\[0.55cm]
Your command was ignored.
Type  I <command> <return>  to replace it with another command,
or  <return>  to continue without it.


e:/anmh1205/IoT_Vehicle_Tracking_System/resources/reports/thesis/final/thesis-f
inal-report-condensed.tex:535: LaTeX Error: Command \h unavailable in encoding 
T1.

See the LaTeX manual or LaTeX Companion for explanation.
Type  H <return>  for immediate help.
 ...                                              
                                                  
l.535 - Đả
             m bảo tính cấp thiết, hiện đại, không trùng lặp...

Your command was ignored.
Type  I <command> <return>  to replace it with another command,
or  <return>  to continue without it.


e:/anmh1205/IoT_Vehicle_Tracking_System/resources/reports/thesis/final/thesis-f
inal-report-condensed.tex:535: LaTeX Error: Command \h unavailable in encoding 
T1.

See the LaTeX manual or LaTeX Companion for explanation.
Type  H <return>  for immediate help.
 ...                                              
                                                  
l.535 - Đảm bả
                   o tính cấp thiết, hiện đại, không trùng lặp...

Your command was ignored.
Type  I <command> <return>  to replace it with another command,
or  <return>  to continue without it.


e:/anmh1205/IoT_Vehicle_Tracking_System/resources/reports/thesis/final/thesis-f
inal-report-condensed.tex:535: LaTeX Error: Command \acircumflex unavailable in
 encoding T1.

See the LaTeX manual or LaTeX Companion for explanation.
Type  H <return>  for immediate help.
 ...                                              
                                                  
l.535 - Đảm bảo tính cấ
                               p thiết, hiện đại, không trùng lặp...

Your command was ignored.
Type  I <command> <return>  to replace it with another command,
or  <return>  to continue without it.


e:/anmh1205/IoT_Vehicle_Tracking_System/resources/reports/thesis/final/thesis-f
inal-report-condensed.tex:535: LaTeX Error: Command \acircumflex unavailable in
 encoding T1.

See the LaTeX manual or LaTeX Companion for explanation.
Type  H <return>  for immediate help.
 ...                                              
                                                  
l.535 - Đảm bảo tính cấ
                               p thiết, hiện đại, không trùng lặp...

Your command was ignored.
Type  I <command> <return>  to replace it with another command,
or  <return>  to continue without it.


e:/anmh1205/IoT_Vehicle_Tracking_System/resources/reports/thesis/final/thesis-f
inal-report-condensed.tex:535: LaTeX Error: Command \ecircumflex unavailable in
 encoding T1.

See the LaTeX manual or LaTeX Companion for explanation.
Type  H <return>  for immediate help.
 ...                                              
                                                  
l.535 - Đảm bảo tính cấp thiế
                                       t, hiện đại, không trùng lặp...

Your command was ignored.
Type  I <command> <return>  to replace it with another command,
or  <return>  to continue without it.


e:/anmh1205/IoT_Vehicle_Tracking_System/resources/reports/thesis/final/thesis-f
inal-report-condensed.tex:535: LaTeX Error: Command \ecircumflex unavailable in
 encoding T1.

See the LaTeX manual or LaTeX Companion for explanation.
Type  H <return>  for immediate help.
 ...                                              
                                                  
l.535 - Đảm bảo tính cấp thiế
                                       t, hiện đại, không trùng lặp...

Your command was ignored.
Type  I <command> <return>  to replace it with another command,
or  <return>  to continue without it.


e:/anmh1205/IoT_Vehicle_Tracking_System/resources/reports/thesis/final/thesis-f
inal-report-condensed.tex:535: LaTeX Error: Command \ecircumflex unavailable in
 encoding T1.

See the LaTeX manual or LaTeX Companion for explanation.
Type  H <return>  for immediate help.
 ...                                              
                                                  
l.535 - Đảm bảo tính cấp thiết, hiệ
                                               n đại, không trùng lặp...

Your command was ignored.
Type  I <command> <return>  to replace it with another command,
or  <return>  to continue without it.


e:/anmh1205/IoT_Vehicle_Tracking_System/resources/reports/thesis/final/thesis-f
inal-report-condensed.tex:535: LaTeX Error: Command \abreve unavailable in enco
ding T1.

See the LaTeX manual or LaTeX Companion for explanation.
Type  H <return>  for immediate help.
 ...                                              
                                                  
l.535 ...hiết, hiện đại, không trùng lặ
                                                  p: \dotfill\\[0.55cm]
Your command was ignored.
Type  I <command> <return>  to replace it with another command,
or  <return>  to continue without it.


e:/anmh1205/IoT_Vehicle_Tracking_System/resources/reports/thesis/final/thesis-f
inal-report-condensed.tex:536: LaTeX Error: Command \ocircumflex unavailable in
 encoding T1.

See the LaTeX manual or LaTeX Companion for explanation.
Type  H <return>  for immediate help.
 ...                                              
                                                  
l.536 - Nộ
            i dung: \dotfill\\[0.55cm]
Your command was ignored.
Type  I <command> <return>  to replace it with another command,
or  <return>  to continue without it.


e:/anmh1205/IoT_Vehicle_Tracking_System/resources/reports/thesis/final/thesis-f
inal-report-condensed.tex:537: LaTeX Error: Command \uhorn unavailable in encod
ing T1.

See the LaTeX manual or LaTeX Companion for explanation.
Type  H <return>  for immediate help.
 ...                                              
                                                  
l.537 - Mứ
            c độ thực hiện: \dotfill\\[0.55cm]
Your command was ignored.
Type  I <command> <return>  to replace it with another command,
or  <return>  to continue without it.


e:/anmh1205/IoT_Vehicle_Tracking_System/resources/reports/thesis/final/thesis-f
inal-report-condensed.tex:537: LaTeX Error: Command \uhorn unavailable in encod
ing T1.

See the LaTeX manual or LaTeX Companion for explanation.
Type  H <return>  for immediate help.
 ...                                              
                                                  
l.537 - Mứ
            c độ thực hiện: \dotfill\\[0.55cm]
Your command was ignored.
Type  I <command> <return>  to replace it with another command,
or  <return>  to continue without it.


e:/anmh1205/IoT_Vehicle_Tracking_System/resources/reports/thesis/final/thesis-f
inal-report-condensed.tex:537: LaTeX Error: Command \ocircumflex unavailable in
 encoding T1.

See the LaTeX manual or LaTeX Companion for explanation.
Type  H <return>  for immediate help.
 ...                                              
                                                  
l.537 - Mức độ
                    thực hiện: \dotfill\\[0.55cm]
Your command was ignored.
Type  I <command> <return>  to replace it with another command,
or  <return>  to continue without it.


e:/anmh1205/IoT_Vehicle_Tracking_System/resources/reports/thesis/final/thesis-f
inal-report-condensed.tex:537: LaTeX Error: Command \uhorn unavailable in encod
ing T1.

See the LaTeX manual or LaTeX Companion for explanation.
Type  H <return>  for immediate help.
 ...                                              
                                                  
l.537 - Mức độ thự
                         c hiện: \dotfill\\[0.55cm]
Your command was ignored.
Type  I <command> <return>  to replace it with another command,
or  <return>  to continue without it.


e:/anmh1205/IoT_Vehicle_Tracking_System/resources/reports/thesis/final/thesis-f
inal-report-condensed.tex:537: LaTeX Error: Command \ecircumflex unavailable in
 encoding T1.

See the LaTeX manual or LaTeX Companion for explanation.
Type  H <return>  for immediate help.
 ...                                              
                                                  
l.537 - Mức độ thực hiệ
                                n: \dotfill\\[0.55cm]
Your command was ignored.
Type  I <command> <return>  to replace it with another command,
or  <return>  to continue without it.


e:/anmh1205/IoT_Vehicle_Tracking_System/resources/reports/thesis/final/thesis-f
inal-report-condensed.tex:538: LaTeX Error: Command \ecircumflex unavailable in
 encoding T1.

See the LaTeX manual or LaTeX Companion for explanation.
Type  H <return>  for immediate help.
 ...                                              
                                                  
l.538 \textbf{II. Kết quả đạt được:}
                                                \dotfill\\[0.55cm]
Your command was ignored.
Type  I <command> <return>  to replace it with another command,
or  <return>  to continue without it.


e:/anmh1205/IoT_Vehicle_Tracking_System/resources/reports/thesis/final/thesis-f
inal-report-condensed.tex:538: LaTeX Error: Command \ecircumflex unavailable in
 encoding T1.

See the LaTeX manual or LaTeX Companion for explanation.
Type  H <return>  for immediate help.
 ...                                              
                                                  
l.538 \textbf{II. Kết quả đạt được:}
                                                \dotfill\\[0.55cm]
Your command was ignored.
Type  I <command> <return>  to replace it with another command,
or  <return>  to continue without it.


e:/anmh1205/IoT_Vehicle_Tracking_System/resources/reports/thesis/final/thesis-f
inal-report-condensed.tex:538: LaTeX Error: Command \h unavailable in encoding 
T1.

See the LaTeX manual or LaTeX Companion for explanation.
Type  H <return>  for immediate help.
 ...                                              
                                                  
l.538 \textbf{II. Kết quả đạt được:}
                                                \dotfill\\[0.55cm]
Your command was ignored.
Type  I <command> <return>  to replace it with another command,
or  <return>  to continue without it.


e:/anmh1205/IoT_Vehicle_Tracking_System/resources/reports/thesis/final/thesis-f
inal-report-condensed.tex:538: LaTeX Error: Command \uhorn unavailable in encod
ing T1.

See the LaTeX manual or LaTeX Companion for explanation.
Type  H <return>  for immediate help.
 ...                                              
                                                  
l.538 \textbf{II. Kết quả đạt được:}
                                                \dotfill\\[0.55cm]
Your command was ignored.
Type  I <command> <return>  to replace it with another command,
or  <return>  to continue without it.


e:/anmh1205/IoT_Vehicle_Tracking_System/resources/reports/thesis/final/thesis-f
inal-report-condensed.tex:538: LaTeX Error: Command \ohorn unavailable in encod
ing T1.

See the LaTeX manual or LaTeX Companion for explanation.
Type  H <return>  for immediate help.
 ...                                              
                                                  
l.538 \textbf{II. Kết quả đạt được:}
                                                \dotfill\\[0.55cm]
Your command was ignored.
Type  I <command> <return>  to replace it with another command,
or  <return>  to continue without it.


e:/anmh1205/IoT_Vehicle_Tracking_System/resources/reports/thesis/final/thesis-f
inal-report-condensed.tex:539: LaTeX Error: Command \UHORN unavailable in encod
ing T1.

See the LaTeX manual or LaTeX Companion for explanation.
Type  H <return>  for immediate help.
 ...                                              
                                                  
l.539 \textbf{III. Ưu nhược điểm:}
                                          \dotfill\\[0.55cm]
Your command was ignored.
Type  I <command> <return>  to replace it with another command,
or  <return>  to continue without it.


e:/anmh1205/IoT_Vehicle_Tracking_System/resources/reports/thesis/final/thesis-f
inal-report-condensed.tex:539: LaTeX Error: Command \uhorn unavailable in encod
ing T1.

See the LaTeX manual or LaTeX Companion for explanation.
Type  H <return>  for immediate help.
 ...                                              
                                                  
l.539 \textbf{III. Ưu nhược điểm:}
                                          \dotfill\\[0.55cm]
Your command was ignored.
Type  I <command> <return>  to replace it with another command,
or  <return>  to continue without it.


e:/anmh1205/IoT_Vehicle_Tracking_System/resources/reports/thesis/final/thesis-f
inal-report-condensed.tex:539: LaTeX Error: Command \ohorn unavailable in encod
ing T1.

See the LaTeX manual or LaTeX Companion for explanation.
Type  H <return>  for immediate help.
 ...                                              
                                                  
l.539 \textbf{III. Ưu nhược điểm:}
                                          \dotfill\\[0.55cm]
Your command was ignored.
Type  I <command> <return>  to replace it with another command,
or  <return>  to continue without it.


e:/anmh1205/IoT_Vehicle_Tracking_System/resources/reports/thesis/final/thesis-f
inal-report-condensed.tex:539: LaTeX Error: Command \h unavailable in encoding 
T1.

See the LaTeX manual or LaTeX Companion for explanation.
Type  H <return>  for immediate help.
 ...                                              
                                                  
l.539 \textbf{III. Ưu nhược điểm:}
                                          \dotfill\\[0.55cm]
Your command was ignored.
Type  I <command> <return>  to replace it with another command,
or  <return>  to continue without it.


e:/anmh1205/IoT_Vehicle_Tracking_System/resources/reports/thesis/final/thesis-f
inal-report-condensed.tex:539: LaTeX Error: Command \ecircumflex unavailable in
 encoding T1.

See the LaTeX manual or LaTeX Companion for explanation.
Type  H <return>  for immediate help.
 ...                                              
                                                  
l.539 \textbf{III. Ưu nhược điểm:}
                                          \dotfill\\[0.55cm]
Your command was ignored.
Type  I <command> <return>  to replace it with another command,
or  <return>  to continue without it.


e:/anmh1205/IoT_Vehicle_Tracking_System/resources/reports/thesis/final/thesis-f
inal-report-condensed.tex:540: LaTeX Error: Command \ecircumflex unavailable in
 encoding T1.

See the LaTeX manual or LaTeX Companion for explanation.
Type  H <return>  for immediate help.
 ...                                              
                                                  
l.540 \textbf{IV. Kết luận:}
                                 Đồng ý cho bảo vệ: \checkbox \thesi...

Your command was ignored.
Type  I <command> <return>  to replace it with another command,
or  <return>  to continue without it.


e:/anmh1205/IoT_Vehicle_Tracking_System/resources/reports/thesis/final/thesis-f
inal-report-condensed.tex:540: LaTeX Error: Command \ecircumflex unavailable in
 encoding T1.

See the LaTeX manual or LaTeX Companion for explanation.
Type  H <return>  for immediate help.
 ...                                              
                                                  
l.540 \textbf{IV. Kết luận:}
                                 Đồng ý cho bảo vệ: \checkbox \thesi...

Your command was ignored.
Type  I <command> <return>  to replace it with another command,
or  <return>  to continue without it.


e:/anmh1205/IoT_Vehicle_Tracking_System/resources/reports/thesis/final/thesis-f
inal-report-condensed.tex:540: LaTeX Error: Command \acircumflex unavailable in
 encoding T1.

See the LaTeX manual or LaTeX Companion for explanation.
Type  H <return>  for immediate help.
 ...                                              
                                                  
l.540 \textbf{IV. Kết luận:}
                                 Đồng ý cho bảo vệ: \checkbox \thesi...

Your command was ignored.
Type  I <command> <return>  to replace it with another command,
or  <return>  to continue without it.


e:/anmh1205/IoT_Vehicle_Tracking_System/resources/reports/thesis/final/thesis-f
inal-report-condensed.tex:540: LaTeX Error: Command \ocircumflex unavailable in
 encoding T1.

See the LaTeX manual or LaTeX Companion for explanation.
Type  H <return>  for immediate help.
 ...                                              
                                                  
l.540 \textbf{IV. Kết luận:} Đồ
                                      ng ý cho bảo vệ: \checkbox \thesi...

Your command was ignored.
Type  I <command> <return>  to replace it with another command,
or  <return>  to continue without it.


e:/anmh1205/IoT_Vehicle_Tracking_System/resources/reports/thesis/final/thesis-f
inal-report-condensed.tex:540: LaTeX Error: Command \ocircumflex unavailable in
 encoding T1.

See the LaTeX manual or LaTeX Companion for explanation.
Type  H <return>  for immediate help.
 ...                                              
                                                  
l.540 \textbf{IV. Kết luận:} Đồ
                                      ng ý cho bảo vệ: \checkbox \thesi...

Your command was ignored.
Type  I <command> <return>  to replace it with another command,
or  <return>  to continue without it.


e:/anmh1205/IoT_Vehicle_Tracking_System/resources/reports/thesis/final/thesis-f
inal-report-condensed.tex:540: LaTeX Error: Command \h unavailable in encoding 
T1.

See the LaTeX manual or LaTeX Companion for explanation.
Type  H <return>  for immediate help.
 ...                                              
                                                  
l.540 ...bf{IV. Kết luận:} Đồng ý cho bả
                                                  o vệ: \checkbox \thesiss...

Your command was ignored.
Type  I <command> <return>  to replace it with another command,
or  <return>  to continue without it.


e:/anmh1205/IoT_Vehicle_Tracking_System/resources/reports/thesis/final/thesis-f
inal-report-condensed.tex:540: LaTeX Error: Command \ecircumflex unavailable in
 encoding T1.

See the LaTeX manual or LaTeX Companion for explanation.
Type  H <return>  for immediate help.
 ...                                              
                                                  
l.540 ... Kết luận:} Đồng ý cho bảo vệ
                                                  : \checkbox \thesisspacer ...

Your command was ignored.
Type  I <command> <return>  to replace it with another command,
or  <return>  to continue without it.


e:/anmh1205/IoT_Vehicle_Tracking_System/resources/reports/thesis/final/thesis-f
inal-report-condensed.tex:540: LaTeX Error: Command \ocircumflex unavailable in
 encoding T1.

See the LaTeX manual or LaTeX Companion for explanation.
Type  H <return>  for immediate help.
 ...                                              
                                                  
l.540 ...ệ: \checkbox \thesisspacer Không đồ
                                                  ng ý cho bảo vệ: \che...

Your command was ignored.
Type  I <command> <return>  to replace it with another command,
or  <return>  to continue without it.


e:/anmh1205/IoT_Vehicle_Tracking_System/resources/reports/thesis/final/thesis-f
inal-report-condensed.tex:540: LaTeX Error: Command \ocircumflex unavailable in
 encoding T1.

See the LaTeX manual or LaTeX Companion for explanation.
Type  H <return>  for immediate help.
 ...                                              
                                                  
l.540 ...ệ: \checkbox \thesisspacer Không đồ
                                                  ng ý cho bảo vệ: \che...

Your command was ignored.
Type  I <command> <return>  to replace it with another command,
or  <return>  to continue without it.


e:/anmh1205/IoT_Vehicle_Tracking_System/resources/reports/thesis/final/thesis-f
inal-report-condensed.tex:540: LaTeX Error: Command \h unavailable in encoding 
T1.

See the LaTeX manual or LaTeX Companion for explanation.
Type  H <return>  for immediate help.
 ...                                              
                                                  
l.540 ... \thesisspacer Không đồng ý cho bả
                                                  o vệ: \checkbox
Your command was ignored.
Type  I <command> <return>  to replace it with another command,
or  <return>  to continue without it.


e:/anmh1205/IoT_Vehicle_Tracking_System/resources/reports/thesis/final/thesis-f
inal-report-condensed.tex:540: LaTeX Error: Command \ecircumflex unavailable in
 encoding T1.

See the LaTeX manual or LaTeX Companion for explanation.
Type  H <return>  for immediate help.
 ...                                              
                                                  
l.540 ...isspacer Không đồng ý cho bảo vệ
                                                  : \checkbox
Your command was ignored.
Type  I <command> <return>  to replace it with another command,
or  <return>  to continue without it.


e:/anmh1205/IoT_Vehicle_Tracking_System/resources/reports/thesis/final/thesis-f
inal-report-condensed.tex:543: LaTeX Error: Command \ocircumflex unavailable in
 encoding T1.

See the LaTeX manual or LaTeX Companion for explanation.
Type  H <return>  for immediate help.
 ...                                              
                                                  
l.543   Hà Nộ
                i, ngày \ldots, tháng \ldots năm 20\ldots\\
Your command was ignored.
Type  I <command> <return>  to replace it with another command,
or  <return>  to continue without it.


e:/anmh1205/IoT_Vehicle_Tracking_System/resources/reports/thesis/final/thesis-f
inal-report-condensed.tex:544: LaTeX Error: Command \h unavailable in encoding 
T1.

See the LaTeX manual or LaTeX Companion for explanation.
Type  H <return>  for immediate help.
 ...                                              
                                                  
l.544   \textbf{GIẢNG VIÊN PHẢN BIỆN}
                                            \\
Your command was ignored.
Type  I <command> <return>  to replace it with another command,
or  <return>  to continue without it.


e:/anmh1205/IoT_Vehicle_Tracking_System/resources/reports/thesis/final/thesis-f
inal-report-condensed.tex:544: LaTeX Error: Command \h unavailable in encoding 
T1.

See the LaTeX manual or LaTeX Companion for explanation.
Type  H <return>  for immediate help.
 ...                                              
                                                  
l.544   \textbf{GIẢNG VIÊN PHẢN BIỆN}
                                            \\
Your command was ignored.
Type  I <command> <return>  to replace it with another command,
or  <return>  to continue without it.


e:/anmh1205/IoT_Vehicle_Tracking_System/resources/reports/thesis/final/thesis-f
inal-report-condensed.tex:544: LaTeX Error: Command \ECIRCUMFLEX unavailable in
 encoding T1.

See the LaTeX manual or LaTeX Companion for explanation.
Type  H <return>  for immediate help.
 ...                                              
                                                  
l.544   \textbf{GIẢNG VIÊN PHẢN BIỆN}
                                            \\
Your command was ignored.
Type  I <command> <return>  to replace it with another command,
or  <return>  to continue without it.


e:/anmh1205/IoT_Vehicle_Tracking_System/resources/reports/thesis/final/thesis-f
inal-report-condensed.tex:546: LaTeX Error: Command \ecircumflex unavailable in
 encoding T1.

See the LaTeX manual or LaTeX Companion for explanation.
Type  H <return>  for immediate help.
 ...                                              
                                                  
l.546   Theo quyế
                   t định phân công phản biện của Khoa
Your command was ignored.
Type  I <command> <return>  to replace it with another command,
or  <return>  to continue without it.


e:/anmh1205/IoT_Vehicle_Tracking_System/resources/reports/thesis/final/thesis-f
inal-report-condensed.tex:546: LaTeX Error: Command \ecircumflex unavailable in
 encoding T1.

See the LaTeX manual or LaTeX Companion for explanation.
Type  H <return>  for immediate help.
 ...                                              
                                                  
l.546   Theo quyế
                   t định phân công phản biện của Khoa
Your command was ignored.
Type  I <command> <return>  to replace it with another command,
or  <return>  to continue without it.


e:/anmh1205/IoT_Vehicle_Tracking_System/resources/reports/thesis/final/thesis-f
inal-report-condensed.tex:546: LaTeX Error: Command \h unavailable in encoding 
T1.

See the LaTeX manual or LaTeX Companion for explanation.
Type  H <return>  for immediate help.
 ...                                              
                                                  
l.546   Theo quyết định phân công phả
                                              n biện của Khoa
Your command was ignored.
Type  I <command> <return>  to replace it with another command,
or  <return>  to continue without it.


e:/anmh1205/IoT_Vehicle_Tracking_System/resources/reports/thesis/final/thesis-f
inal-report-condensed.tex:546: LaTeX Error: Command \ecircumflex unavailable in
 encoding T1.

See the LaTeX manual or LaTeX Companion for explanation.
Type  H <return>  for immediate help.
 ...                                              
                                                  
l.546 ... quyết định phân công phản biệ
                                                  n của Khoa
Your command was ignored.
Type  I <command> <return>  to replace it with another command,
or  <return>  to continue without it.


e:/anmh1205/IoT_Vehicle_Tracking_System/resources/reports/thesis/final/thesis-f
inal-report-condensed.tex:546: LaTeX Error: Command \h unavailable in encoding 
T1.

See the LaTeX manual or LaTeX Companion for explanation.
Type  H <return>  for immediate help.
 ...                                              
                                                  
l.546 ...�t định phân công phản biện củ
                                                  a Khoa
Your command was ignored.
Type  I <command> <return>  to replace it with another command,
or  <return>  to continue without it.

[3

]

e:/anmh1205/IoT_Vehicle_Tracking_System/resources/reports/thesis/final/thesis-f
inal-report-condensed.tex:551: LaTeX Error: Command \OCIRCUMFLEX unavailable in
 encoding T1.

See the LaTeX manual or LaTeX Companion for explanation.
Type  H <return>  for immediate help.
 ...                                              
                                                  
l.551 \thesisofficialheader
                           
Your command was ignored.
Type  I <command> <return>  to replace it with another command,
or  <return>  to continue without it.


e:/anmh1205/IoT_Vehicle_Tracking_System/resources/reports/thesis/final/thesis-f
inal-report-condensed.tex:551: LaTeX Error: Command \OCIRCUMFLEX unavailable in
 encoding T1.

See the LaTeX manual or LaTeX Companion for explanation.
Type  H <return>  for immediate help.
 ...                                              
                                                  
l.551 \thesisofficialheader
                           
Your command was ignored.
Type  I <command> <return>  to replace it with another command,
or  <return>  to continue without it.


e:/anmh1205/IoT_Vehicle_Tracking_System/resources/reports/thesis/final/thesis-f
inal-report-condensed.tex:551: LaTeX Error: Command \OCIRCUMFLEX unavailable in
 encoding T1.

See the LaTeX manual or LaTeX Companion for explanation.
Type  H <return>  for immediate help.
 ...                                              
                                                  
l.551 \thesisofficialheader
                           
Your command was ignored.
Type  I <command> <return>  to replace it with another command,
or  <return>  to continue without it.


e:/anmh1205/IoT_Vehicle_Tracking_System/resources/reports/thesis/final/thesis-f
inal-report-condensed.tex:551: LaTeX Error: Command \h unavailable in encoding 
T1.

See the LaTeX manual or LaTeX Companion for explanation.
Type  H <return>  for immediate help.
 ...                                              
                                                  
l.551 \thesisofficialheader
                           
Your command was ignored.
Type  I <command> <return>  to replace it with another command,
or  <return>  to continue without it.


e:/anmh1205/IoT_Vehicle_Tracking_System/resources/reports/thesis/final/thesis-f
inal-report-condensed.tex:551: LaTeX Error: Command \ECIRCUMFLEX unavailable in
 encoding T1.

See the LaTeX manual or LaTeX Companion for explanation.
Type  H <return>  for immediate help.
 ...                                              
                                                  
l.551 \thesisofficialheader
                           
Your command was ignored.
Type  I <command> <return>  to replace it with another command,
or  <return>  to continue without it.


e:/anmh1205/IoT_Vehicle_Tracking_System/resources/reports/thesis/final/thesis-f
inal-report-condensed.tex:551: LaTeX Error: Command \ocircumflex unavailable in
 encoding T1.

See the LaTeX manual or LaTeX Companion for explanation.
Type  H <return>  for immediate help.
 ...                                              
                                                  
l.551 \thesisofficialheader
                           
Your command was ignored.
Type  I <command> <return>  to replace it with another command,
or  <return>  to continue without it.


e:/anmh1205/IoT_Vehicle_Tracking_System/resources/reports/thesis/final/thesis-f
inal-report-condensed.tex:551: LaTeX Error: Command \acircumflex unavailable in
 encoding T1.

See the LaTeX manual or LaTeX Companion for explanation.
Type  H <return>  for immediate help.
 ...                                              
                                                  
l.551 \thesisofficialheader
                           
Your command was ignored.
Type  I <command> <return>  to replace it with another command,
or  <return>  to continue without it.


e:/anmh1205/IoT_Vehicle_Tracking_System/resources/reports/thesis/final/thesis-f
inal-report-condensed.tex:551: LaTeX Error: Command \uhorn unavailable in encod
ing T1.

See the LaTeX manual or LaTeX Companion for explanation.
Type  H <return>  for immediate help.
 ...                                              
                                                  
l.551 \thesisofficialheader
                           
Your command was ignored.
Type  I <command> <return>  to replace it with another command,
or  <return>  to continue without it.


e:/anmh1205/IoT_Vehicle_Tracking_System/resources/reports/thesis/final/thesis-f
inal-report-condensed.tex:553: LaTeX Error: Command \h unavailable in encoding 
T1.

See the LaTeX manual or LaTeX Companion for explanation.
Type  H <return>  for immediate help.
 ...                                              
                                                  
l.553 ...��N ĐÁNH GIÁ ĐỒ ÁN TỐT NGHIỆP}
                                                  
Your command was ignored.
Type  I <command> <return>  to replace it with another command,
or  <return>  to continue without it.


e:/anmh1205/IoT_Vehicle_Tracking_System/resources/reports/thesis/final/thesis-f
inal-report-condensed.tex:553: LaTeX Error: Command \OCIRCUMFLEX unavailable in
 encoding T1.

See the LaTeX manual or LaTeX Companion for explanation.
Type  H <return>  for immediate help.
 ...                                              
                                                  
l.553 ...��N ĐÁNH GIÁ ĐỒ ÁN TỐT NGHIỆP}
                                                  
Your command was ignored.
Type  I <command> <return>  to replace it with another command,
or  <return>  to continue without it.


e:/anmh1205/IoT_Vehicle_Tracking_System/resources/reports/thesis/final/thesis-f
inal-report-condensed.tex:553: LaTeX Error: Command \OCIRCUMFLEX unavailable in
 encoding T1.

See the LaTeX manual or LaTeX Companion for explanation.
Type  H <return>  for immediate help.
 ...                                              
                                                  
l.553 ...��N ĐÁNH GIÁ ĐỒ ÁN TỐT NGHIỆP}
                                                  
Your command was ignored.
Type  I <command> <return>  to replace it with another command,
or  <return>  to continue without it.


e:/anmh1205/IoT_Vehicle_Tracking_System/resources/reports/thesis/final/thesis-f
inal-report-condensed.tex:553: LaTeX Error: Command \OCIRCUMFLEX unavailable in
 encoding T1.

See the LaTeX manual or LaTeX Companion for explanation.
Type  H <return>  for immediate help.
 ...                                              
                                                  
l.553 ...��N ĐÁNH GIÁ ĐỒ ÁN TỐT NGHIỆP}
                                                  
Your command was ignored.
Type  I <command> <return>  to replace it with another command,
or  <return>  to continue without it.


e:/anmh1205/IoT_Vehicle_Tracking_System/resources/reports/thesis/final/thesis-f
inal-report-condensed.tex:553: LaTeX Error: Command \OCIRCUMFLEX unavailable in
 encoding T1.

See the LaTeX manual or LaTeX Companion for explanation.
Type  H <return>  for immediate help.
 ...                                              
                                                  
l.553 ...��N ĐÁNH GIÁ ĐỒ ÁN TỐT NGHIỆP}
                                                  
Your command was ignored.
Type  I <command> <return>  to replace it with another command,
or  <return>  to continue without it.


e:/anmh1205/IoT_Vehicle_Tracking_System/resources/reports/thesis/final/thesis-f
inal-report-condensed.tex:553: LaTeX Error: Command \ECIRCUMFLEX unavailable in
 encoding T1.

See the LaTeX manual or LaTeX Companion for explanation.
Type  H <return>  for immediate help.
 ...                                              
                                                  
l.553 ...��N ĐÁNH GIÁ ĐỒ ÁN TỐT NGHIỆP}
                                                  
Your command was ignored.
Type  I <command> <return>  to replace it with another command,
or  <return>  to continue without it.


e:/anmh1205/IoT_Vehicle_Tracking_System/resources/reports/thesis/final/thesis-f
inal-report-condensed.tex:559: LaTeX Error: Command \ohorn unavailable in encod
ing T1.

See the LaTeX manual or LaTeX Companion for explanation.
Type  H <return>  for immediate help.
 ...                                              
                                                  
l.559   \item Thờ
                   i gian: từ \ldots giờ \ldots đến \ldots giờ \ldo...

Your command was ignored.
Type  I <command> <return>  to replace it with another command,
or  <return>  to continue without it.


e:/anmh1205/IoT_Vehicle_Tracking_System/resources/reports/thesis/final/thesis-f
inal-report-condensed.tex:559: LaTeX Error: Command \ohorn unavailable in encod
ing T1.

See the LaTeX manual or LaTeX Companion for explanation.
Type  H <return>  for immediate help.
 ...                                              
                                                  
l.559   \item Thờ
                   i gian: từ \ldots giờ \ldots đến \ldots giờ \ldo...

Your command was ignored.
Type  I <command> <return>  to replace it with another command,
or  <return>  to continue without it.


e:/anmh1205/IoT_Vehicle_Tracking_System/resources/reports/thesis/final/thesis-f
inal-report-condensed.tex:559: LaTeX Error: Command \uhorn unavailable in encod
ing T1.

See the LaTeX manual or LaTeX Companion for explanation.
Type  H <return>  for immediate help.
 ...                                              
                                                  
l.559   \item Thời gian: từ
                                \ldots giờ \ldots đến \ldots giờ \ldo...

Your command was ignored.
Type  I <command> <return>  to replace it with another command,
or  <return>  to continue without it.


e:/anmh1205/IoT_Vehicle_Tracking_System/resources/reports/thesis/final/thesis-f
inal-report-condensed.tex:559: LaTeX Error: Command \uhorn unavailable in encod
ing T1.

See the LaTeX manual or LaTeX Companion for explanation.
Type  H <return>  for immediate help.
 ...                                              
                                                  
l.559   \item Thời gian: từ
                                \ldots giờ \ldots đến \ldots giờ \ldo...

Your command was ignored.
Type  I <command> <return>  to replace it with another command,
or  <return>  to continue without it.


e:/anmh1205/IoT_Vehicle_Tracking_System/resources/reports/thesis/final/thesis-f
inal-report-condensed.tex:559: LaTeX Error: Command \ohorn unavailable in encod
ing T1.

See the LaTeX manual or LaTeX Companion for explanation.
Type  H <return>  for immediate help.
 ...                                              
                                                  
l.559   \item Thời gian: từ \ldots giờ
                                             \ldots đến \ldots giờ \ldo...

Your command was ignored.
Type  I <command> <return>  to replace it with another command,
or  <return>  to continue without it.


e:/anmh1205/IoT_Vehicle_Tracking_System/resources/reports/thesis/final/thesis-f
inal-report-condensed.tex:559: LaTeX Error: Command \ohorn unavailable in encod
ing T1.

See the LaTeX manual or LaTeX Companion for explanation.
Type  H <return>  for immediate help.
 ...                                              
                                                  
l.559   \item Thời gian: từ \ldots giờ
                                             \ldots đến \ldots giờ \ldo...

Your command was ignored.
Type  I <command> <return>  to replace it with another command,
or  <return>  to continue without it.


e:/anmh1205/IoT_Vehicle_Tracking_System/resources/reports/thesis/final/thesis-f
inal-report-condensed.tex:559: LaTeX Error: Command \ecircumflex unavailable in
 encoding T1.

See the LaTeX manual or LaTeX Companion for explanation.
Type  H <return>  for immediate help.
 ...                                              
                                                  
l.559 ...ời gian: từ \ldots giờ \ldots đế
                                                  n \ldots giờ \ldots ngà...

Your command was ignored.
Type  I <command> <return>  to replace it with another command,
or  <return>  to continue without it.


e:/anmh1205/IoT_Vehicle_Tracking_System/resources/reports/thesis/final/thesis-f
inal-report-condensed.tex:559: LaTeX Error: Command \ecircumflex unavailable in
 encoding T1.

See the LaTeX manual or LaTeX Companion for explanation.
Type  H <return>  for immediate help.
 ...                                              
                                                  
l.559 ...ời gian: từ \ldots giờ \ldots đế
                                                  n \ldots giờ \ldots ngà...

Your command was ignored.
Type  I <command> <return>  to replace it with another command,
or  <return>  to continue without it.


e:/anmh1205/IoT_Vehicle_Tracking_System/resources/reports/thesis/final/thesis-f
inal-report-condensed.tex:559: LaTeX Error: Command \ohorn unavailable in encod
ing T1.

See the LaTeX manual or LaTeX Companion for explanation.
Type  H <return>  for immediate help.
 ...                                              
                                                  
l.559 ...� \ldots giờ \ldots đến \ldots giờ
                                                   \ldots ngày \ldots/\ldot...

Your command was ignored.
Type  I <command> <return>  to replace it with another command,
or  <return>  to continue without it.


e:/anmh1205/IoT_Vehicle_Tracking_System/resources/reports/thesis/final/thesis-f
inal-report-condensed.tex:559: LaTeX Error: Command \ohorn unavailable in encod
ing T1.

See the LaTeX manual or LaTeX Companion for explanation.
Type  H <return>  for immediate help.
 ...                                              
                                                  
l.559 ...� \ldots giờ \ldots đến \ldots giờ
                                                   \ldots ngày \ldots/\ldot...

Your command was ignored.
Type  I <command> <return>  to replace it with another command,
or  <return>  to continue without it.


e:/anmh1205/IoT_Vehicle_Tracking_System/resources/reports/thesis/final/thesis-f
inal-report-condensed.tex:560: LaTeX Error: Command \h unavailable in encoding 
T1.

See the LaTeX manual or LaTeX Companion for explanation.
Type  H <return>  for immediate help.
 ...                                              
                                                  
l.560   \item Địa điể
                           m: \dotfill
Your command was ignored.
Type  I <command> <return>  to replace it with another command,
or  <return>  to continue without it.


e:/anmh1205/IoT_Vehicle_Tracking_System/resources/reports/thesis/final/thesis-f
inal-report-condensed.tex:560: LaTeX Error: Command \ecircumflex unavailable in
 encoding T1.

See the LaTeX manual or LaTeX Companion for explanation.
Type  H <return>  for immediate help.
 ...                                              
                                                  
l.560   \item Địa điể
                           m: \dotfill
Your command was ignored.
Type  I <command> <return>  to replace it with another command,
or  <return>  to continue without it.


e:/anmh1205/IoT_Vehicle_Tracking_System/resources/reports/thesis/final/thesis-f
inal-report-condensed.tex:561: LaTeX Error: Command \ocircumflex unavailable in
 encoding T1.

See the LaTeX manual or LaTeX Companion for explanation.
Type  H <return>  for immediate help.
 ...                                              
                                                  
l.561 ...inh viên: Lê Trọng An \hfill Mã số
                                                   SV: 21010389
Your command was ignored.
Type  I <command> <return>  to replace it with another command,
or  <return>  to continue without it.


e:/anmh1205/IoT_Vehicle_Tracking_System/resources/reports/thesis/final/thesis-f
inal-report-condensed.tex:561: LaTeX Error: Command \ocircumflex unavailable in
 encoding T1.

See the LaTeX manual or LaTeX Companion for explanation.
Type  H <return>  for immediate help.
 ...                                              
                                                  
l.561 ...inh viên: Lê Trọng An \hfill Mã số
                                                   SV: 21010389
Your command was ignored.
Type  I <command> <return>  to replace it with another command,
or  <return>  to continue without it.


e:/anmh1205/IoT_Vehicle_Tracking_System/resources/reports/thesis/final/thesis-f
inal-report-condensed.tex:562: LaTeX Error: Command \ohorn unavailable in encod
ing T1.

See the LaTeX manual or LaTeX Companion for explanation.
Type  H <return>  for immediate help.
 ...                                              
                                                  
l.562   \item Lớ
                  p: K15-KTCĐT2 \hfill Ngành: Kỹ thuật Cơ Điện t�...

Your command was ignored.
Type  I <command> <return>  to replace it with another command,
or  <return>  to continue without it.


e:/anmh1205/IoT_Vehicle_Tracking_System/resources/reports/thesis/final/thesis-f
inal-report-condensed.tex:562: LaTeX Error: Command \ohorn unavailable in encod
ing T1.

See the LaTeX manual or LaTeX Companion for explanation.
Type  H <return>  for immediate help.
 ...                                              
                                                  
l.562   \item Lớ
                  p: K15-KTCĐT2 \hfill Ngành: Kỹ thuật Cơ Điện t�...

Your command was ignored.
Type  I <command> <return>  to replace it with another command,
or  <return>  to continue without it.


e:/anmh1205/IoT_Vehicle_Tracking_System/resources/reports/thesis/final/thesis-f
inal-report-condensed.tex:562: LaTeX Error: Command \acircumflex unavailable in
 encoding T1.

See the LaTeX manual or LaTeX Companion for explanation.
Type  H <return>  for immediate help.
 ...                                              
                                                  
l.562 ...p: K15-KTCĐT2 \hfill Ngành: Kỹ thuậ
                                                  t Cơ Điện tử \hfill ...

Your command was ignored.
Type  I <command> <return>  to replace it with another command,
or  <return>  to continue without it.


e:/anmh1205/IoT_Vehicle_Tracking_System/resources/reports/thesis/final/thesis-f
inal-report-condensed.tex:562: LaTeX Error: Command \ohorn unavailable in encod
ing T1.

See the LaTeX manual or LaTeX Companion for explanation.
Type  H <return>  for immediate help.
 ...                                              
                                                  
l.562 ...5-KTCĐT2 \hfill Ngành: Kỹ thuật Cơ
                                                   Điện tử \hfill Khóa...

Your command was ignored.
Type  I <command> <return>  to replace it with another command,
or  <return>  to continue without it.


e:/anmh1205/IoT_Vehicle_Tracking_System/resources/reports/thesis/final/thesis-f
inal-report-condensed.tex:562: LaTeX Error: Command \ecircumflex unavailable in
 encoding T1.

See the LaTeX manual or LaTeX Companion for explanation.
Type  H <return>  for immediate help.
 ...                                              
                                                  
l.562 ...T2 \hfill Ngành: Kỹ thuật Cơ Điệ
                                                  n tử \hfill Khóa: K15
Your command was ignored.
Type  I <command> <return>  to replace it with another command,
or  <return>  to continue without it.


e:/anmh1205/IoT_Vehicle_Tracking_System/resources/reports/thesis/final/thesis-f
inal-report-condensed.tex:562: LaTeX Error: Command \h unavailable in encoding 
T1.

See the LaTeX manual or LaTeX Companion for explanation.
Type  H <return>  for immediate help.
 ...                                              
                                                  
l.562 ...ill Ngành: Kỹ thuật Cơ Điện tử
                                                   \hfill Khóa: K15
Your command was ignored.
Type  I <command> <return>  to replace it with another command,
or  <return>  to continue without it.


e:/anmh1205/IoT_Vehicle_Tracking_System/resources/reports/thesis/final/thesis-f
inal-report-condensed.tex:562: LaTeX Error: Command \uhorn unavailable in encod
ing T1.

See the LaTeX manual or LaTeX Companion for explanation.
Type  H <return>  for immediate help.
 ...                                              
                                                  
l.562 ...ill Ngành: Kỹ thuật Cơ Điện tử
                                                   \hfill Khóa: K15
Your command was ignored.
Type  I <command> <return>  to replace it with another command,
or  <return>  to continue without it.


e:/anmh1205/IoT_Vehicle_Tracking_System/resources/reports/thesis/final/thesis-f
inal-report-condensed.tex:563: LaTeX Error: Command \ecircumflex unavailable in
 encoding T1.

See the LaTeX manual or LaTeX Companion for explanation.
Type  H <return>  for immediate help.
 ...                                              
                                                  
l.563   \item Tên đề
                         tài: Thiết kế hệ thống IoT cho ứng dụn...

Your command was ignored.
Type  I <command> <return>  to replace it with another command,
or  <return>  to continue without it.


e:/anmh1205/IoT_Vehicle_Tracking_System/resources/reports/thesis/final/thesis-f
inal-report-condensed.tex:563: LaTeX Error: Command \ecircumflex unavailable in
 encoding T1.

See the LaTeX manual or LaTeX Companion for explanation.
Type  H <return>  for immediate help.
 ...                                              
                                                  
l.563   \item Tên đề
                         tài: Thiết kế hệ thống IoT cho ứng dụn...

Your command was ignored.
Type  I <command> <return>  to replace it with another command,
or  <return>  to continue without it.


e:/anmh1205/IoT_Vehicle_Tracking_System/resources/reports/thesis/final/thesis-f
inal-report-condensed.tex:563: LaTeX Error: Command \ecircumflex unavailable in
 encoding T1.

See the LaTeX manual or LaTeX Companion for explanation.
Type  H <return>  for immediate help.
 ...                                              
                                                  
l.563   \item Tên đề tài: Thiế
                                     t kế hệ thống IoT cho ứng dụn...

Your command was ignored.
Type  I <command> <return>  to replace it with another command,
or  <return>  to continue without it.


e:/anmh1205/IoT_Vehicle_Tracking_System/resources/reports/thesis/final/thesis-f
inal-report-condensed.tex:563: LaTeX Error: Command \ecircumflex unavailable in
 encoding T1.

See the LaTeX manual or LaTeX Companion for explanation.
Type  H <return>  for immediate help.
 ...                                              
                                                  
l.563   \item Tên đề tài: Thiế
                                     t kế hệ thống IoT cho ứng dụn...

Your command was ignored.
Type  I <command> <return>  to replace it with another command,
or  <return>  to continue without it.


e:/anmh1205/IoT_Vehicle_Tracking_System/resources/reports/thesis/final/thesis-f
inal-report-condensed.tex:563: LaTeX Error: Command \ecircumflex unavailable in
 encoding T1.

See the LaTeX manual or LaTeX Companion for explanation.
Type  H <return>  for immediate help.
 ...                                              
                                                  
l.563   \item Tên đề tài: Thiết kế
                                            hệ thống IoT cho ứng dụn...

Your command was ignored.
Type  I <command> <return>  to replace it with another command,
or  <return>  to continue without it.


e:/anmh1205/IoT_Vehicle_Tracking_System/resources/reports/thesis/final/thesis-f
inal-report-condensed.tex:563: LaTeX Error: Command \ecircumflex unavailable in
 encoding T1.

See the LaTeX manual or LaTeX Companion for explanation.
Type  H <return>  for immediate help.
 ...                                              
                                                  
l.563   \item Tên đề tài: Thiết kế
                                            hệ thống IoT cho ứng dụn...

Your command was ignored.
Type  I <command> <return>  to replace it with another command,
or  <return>  to continue without it.


e:/anmh1205/IoT_Vehicle_Tracking_System/resources/reports/thesis/final/thesis-f
inal-report-condensed.tex:563: LaTeX Error: Command \ecircumflex unavailable in
 encoding T1.

See the LaTeX manual or LaTeX Companion for explanation.
Type  H <return>  for immediate help.
 ...                                              
                                                  
l.563   \item Tên đề tài: Thiết kế hệ
                                                 thống IoT cho ứng dụn...

Your command was ignored.
Type  I <command> <return>  to replace it with another command,
or  <return>  to continue without it.


e:/anmh1205/IoT_Vehicle_Tracking_System/resources/reports/thesis/final/thesis-f
inal-report-condensed.tex:563: LaTeX Error: Command \ocircumflex unavailable in
 encoding T1.

See the LaTeX manual or LaTeX Companion for explanation.
Type  H <return>  for immediate help.
 ...                                              
                                                  
l.563 ... Tên đề tài: Thiết kế hệ thố
                                                  ng IoT cho ứng dụng qu...

Your command was ignored.
Type  I <command> <return>  to replace it with another command,
or  <return>  to continue without it.


e:/anmh1205/IoT_Vehicle_Tracking_System/resources/reports/thesis/final/thesis-f
inal-report-condensed.tex:563: LaTeX Error: Command \ocircumflex unavailable in
 encoding T1.

See the LaTeX manual or LaTeX Companion for explanation.
Type  H <return>  for immediate help.
 ...                                              
                                                  
l.563 ... Tên đề tài: Thiết kế hệ thố
                                                  ng IoT cho ứng dụng qu...

Your command was ignored.
Type  I <command> <return>  to replace it with another command,
or  <return>  to continue without it.


e:/anmh1205/IoT_Vehicle_Tracking_System/resources/reports/thesis/final/thesis-f
inal-report-condensed.tex:563: LaTeX Error: Command \uhorn unavailable in encod
ing T1.

See the LaTeX manual or LaTeX Companion for explanation.
Type  H <return>  for immediate help.
 ...                                              
                                                  
l.563 ...�i: Thiết kế hệ thống IoT cho ứ
                                                  ng dụng quản lý phư�...

Your command was ignored.
Type  I <command> <return>  to replace it with another command,
or  <return>  to continue without it.


e:/anmh1205/IoT_Vehicle_Tracking_System/resources/reports/thesis/final/thesis-f
inal-report-condensed.tex:563: LaTeX Error: Command \uhorn unavailable in encod
ing T1.

See the LaTeX manual or LaTeX Companion for explanation.
Type  H <return>  for immediate help.
 ...                                              
                                                  
l.563 ...�i: Thiết kế hệ thống IoT cho ứ
                                                  ng dụng quản lý phư�...

Your command was ignored.
Type  I <command> <return>  to replace it with another command,
or  <return>  to continue without it.


e:/anmh1205/IoT_Vehicle_Tracking_System/resources/reports/thesis/final/thesis-f
inal-report-condensed.tex:563: LaTeX Error: Command \h unavailable in encoding 
T1.

See the LaTeX manual or LaTeX Companion for explanation.
Type  H <return>  for immediate help.
 ...                                              
                                                  
l.563 ...� hệ thống IoT cho ứng dụng quả
                                                  n lý phương tiện giao...

Your command was ignored.
Type  I <command> <return>  to replace it with another command,
or  <return>  to continue without it.


e:/anmh1205/IoT_Vehicle_Tracking_System/resources/reports/thesis/final/thesis-f
inal-report-condensed.tex:563: LaTeX Error: Command \uhorn unavailable in encod
ing T1.

See the LaTeX manual or LaTeX Companion for explanation.
Type  H <return>  for immediate help.
 ...                                              
                                                  
l.563 ...��ng IoT cho ứng dụng quản lý phư
                                                  ơng tiện giao thông tr...

Your command was ignored.
Type  I <command> <return>  to replace it with another command,
or  <return>  to continue without it.


e:/anmh1205/IoT_Vehicle_Tracking_System/resources/reports/thesis/final/thesis-f
inal-report-condensed.tex:563: LaTeX Error: Command \ohorn unavailable in encod
ing T1.

See the LaTeX manual or LaTeX Companion for explanation.
Type  H <return>  for immediate help.
 ...                                              
                                                  
l.563 ...ng IoT cho ứng dụng quản lý phươ
                                                  ng tiện giao thông tron...

Your command was ignored.
Type  I <command> <return>  to replace it with another command,
or  <return>  to continue without it.


e:/anmh1205/IoT_Vehicle_Tracking_System/resources/reports/thesis/final/thesis-f
inal-report-condensed.tex:563: LaTeX Error: Command \ecircumflex unavailable in
 encoding T1.

See the LaTeX manual or LaTeX Companion for explanation.
Type  H <return>  for immediate help.
 ...                                              
                                                  
l.563 ...ho ứng dụng quản lý phương tiệ
                                                  n giao thông trong lĩnh ...

Your command was ignored.
Type  I <command> <return>  to replace it with another command,
or  <return>  to continue without it.


e:/anmh1205/IoT_Vehicle_Tracking_System/resources/reports/thesis/final/thesis-f
inal-report-condensed.tex:563: LaTeX Error: Command \uhorn unavailable in encod
ing T1.

See the LaTeX manual or LaTeX Companion for explanation.
Type  H <return>  for immediate help.
 ...                                              
                                                  
l.563 ...�ơng tiện giao thông trong lĩnh vự
                                                  c cho thuê xe tự lái.
Your command was ignored.
Type  I <command> <return>  to replace it with another command,
or  <return>  to continue without it.


e:/anmh1205/IoT_Vehicle_Tracking_System/resources/reports/thesis/final/thesis-f
inal-report-condensed.tex:563: LaTeX Error: Command \uhorn unavailable in encod
ing T1.

See the LaTeX manual or LaTeX Companion for explanation.
Type  H <return>  for immediate help.
 ...                                              
                                                  
l.563 ...hông trong lĩnh vực cho thuê xe tự
                                                   lái.
Your command was ignored.
Type  I <command> <return>  to replace it with another command,
or  <return>  to continue without it.


e:/anmh1205/IoT_Vehicle_Tracking_System/resources/reports/thesis/final/thesis-f
inal-report-condensed.tex:564: LaTeX Error: Command \h unavailable in encoding 
T1.

See the LaTeX manual or LaTeX Companion for explanation.
Type  H <return>  for immediate help.
 ...                                              
                                                  
l.564   \item Giả
                   ng viên hướng dẫn: TS. Nguyễn Đức Nam
Your command was ignored.
Type  I <command> <return>  to replace it with another command,
or  <return>  to continue without it.


e:/anmh1205/IoT_Vehicle_Tracking_System/resources/reports/thesis/final/thesis-f
inal-report-condensed.tex:564: LaTeX Error: Command \uhorn unavailable in encod
ing T1.

See the LaTeX manual or LaTeX Companion for explanation.
Type  H <return>  for immediate help.
 ...                                              
                                                  
l.564   \item Giảng viên hư
                               ớng dẫn: TS. Nguyễn Đức Nam
Your command was ignored.
Type  I <command> <return>  to replace it with another command,
or  <return>  to continue without it.


e:/anmh1205/IoT_Vehicle_Tracking_System/resources/reports/thesis/final/thesis-f
inal-report-condensed.tex:564: LaTeX Error: Command \ohorn unavailable in encod
ing T1.

See the LaTeX manual or LaTeX Companion for explanation.
Type  H <return>  for immediate help.
 ...                                              
                                                  
l.564   \item Giảng viên hướ
                                  ng dẫn: TS. Nguyễn Đức Nam
Your command was ignored.
Type  I <command> <return>  to replace it with another command,
or  <return>  to continue without it.


e:/anmh1205/IoT_Vehicle_Tracking_System/resources/reports/thesis/final/thesis-f
inal-report-condensed.tex:564: LaTeX Error: Command \ohorn unavailable in encod
ing T1.

See the LaTeX manual or LaTeX Companion for explanation.
Type  H <return>  for immediate help.
 ...                                              
                                                  
l.564   \item Giảng viên hướ
                                  ng dẫn: TS. Nguyễn Đức Nam
Your command was ignored.
Type  I <command> <return>  to replace it with another command,
or  <return>  to continue without it.


e:/anmh1205/IoT_Vehicle_Tracking_System/resources/reports/thesis/final/thesis-f
inal-report-condensed.tex:564: LaTeX Error: Command \acircumflex unavailable in
 encoding T1.

See the LaTeX manual or LaTeX Companion for explanation.
Type  H <return>  for immediate help.
 ...                                              
                                                  
l.564   \item Giảng viên hướng dẫ
                                         n: TS. Nguyễn Đức Nam
Your command was ignored.
Type  I <command> <return>  to replace it with another command,
or  <return>  to continue without it.


e:/anmh1205/IoT_Vehicle_Tracking_System/resources/reports/thesis/final/thesis-f
inal-report-condensed.tex:564: LaTeX Error: Command \acircumflex unavailable in
 encoding T1.

See the LaTeX manual or LaTeX Companion for explanation.
Type  H <return>  for immediate help.
 ...                                              
                                                  
l.564   \item Giảng viên hướng dẫ
                                         n: TS. Nguyễn Đức Nam
Your command was ignored.
Type  I <command> <return>  to replace it with another command,
or  <return>  to continue without it.


e:/anmh1205/IoT_Vehicle_Tracking_System/resources/reports/thesis/final/thesis-f
inal-report-condensed.tex:564: LaTeX Error: Command \ecircumflex unavailable in
 encoding T1.

See the LaTeX manual or LaTeX Companion for explanation.
Type  H <return>  for immediate help.
 ...                                              
                                                  
l.564 ...Giảng viên hướng dẫn: TS. Nguyễ
                                                  n Đức Nam
Your command was ignored.
Type  I <command> <return>  to replace it with another command,
or  <return>  to continue without it.


e:/anmh1205/IoT_Vehicle_Tracking_System/resources/reports/thesis/final/thesis-f
inal-report-condensed.tex:564: LaTeX Error: Command \ecircumflex unavailable in
 encoding T1.

See the LaTeX manual or LaTeX Companion for explanation.
Type  H <return>  for immediate help.
 ...                                              
                                                  
l.564 ...Giảng viên hướng dẫn: TS. Nguyễ
                                                  n Đức Nam
Your command was ignored.
Type  I <command> <return>  to replace it with another command,
or  <return>  to continue without it.


e:/anmh1205/IoT_Vehicle_Tracking_System/resources/reports/thesis/final/thesis-f
inal-report-condensed.tex:564: LaTeX Error: Command \uhorn unavailable in encod
ing T1.

See the LaTeX manual or LaTeX Companion for explanation.
Type  H <return>  for immediate help.
 ...                                              
                                                  
l.564 ... viên hướng dẫn: TS. Nguyễn Đứ
                                                  c Nam
Your command was ignored.
Type  I <command> <return>  to replace it with another command,
or  <return>  to continue without it.


e:/anmh1205/IoT_Vehicle_Tracking_System/resources/reports/thesis/final/thesis-f
inal-report-condensed.tex:564: LaTeX Error: Command \uhorn unavailable in encod
ing T1.

See the LaTeX manual or LaTeX Companion for explanation.
Type  H <return>  for immediate help.
 ...                                              
                                                  
l.564 ... viên hướng dẫn: TS. Nguyễn Đứ
                                                  c Nam
Your command was ignored.
Type  I <command> <return>  to replace it with another command,
or  <return>  to continue without it.


e:/anmh1205/IoT_Vehicle_Tracking_System/resources/reports/thesis/final/thesis-f
inal-report-condensed.tex:567: LaTeX Error: Command \acircumflex unavailable in
 encoding T1.

See the LaTeX manual or LaTeX Companion for explanation.
Type  H <return>  for immediate help.
 ...                                              
                                                  
l.567 \textbf{II. Thành phần hội đồng}
                                              
Your command was ignored.
Type  I <command> <return>  to replace it with another command,
or  <return>  to continue without it.


e:/anmh1205/IoT_Vehicle_Tracking_System/resources/reports/thesis/final/thesis-f
inal-report-condensed.tex:567: LaTeX Error: Command \acircumflex unavailable in
 encoding T1.

See the LaTeX manual or LaTeX Companion for explanation.
Type  H <return>  for immediate help.
 ...                                              
                                                  
l.567 \textbf{II. Thành phần hội đồng}
                                              
Your command was ignored.
Type  I <command> <return>  to replace it with another command,
or  <return>  to continue without it.


e:/anmh1205/IoT_Vehicle_Tracking_System/resources/reports/thesis/final/thesis-f
inal-report-condensed.tex:567: LaTeX Error: Command \ocircumflex unavailable in
 encoding T1.

See the LaTeX manual or LaTeX Companion for explanation.
Type  H <return>  for immediate help.
 ...                                              
                                                  
l.567 \textbf{II. Thành phần hội đồng}
                                              
Your command was ignored.
Type  I <command> <return>  to replace it with another command,
or  <return>  to continue without it.


e:/anmh1205/IoT_Vehicle_Tracking_System/resources/reports/thesis/final/thesis-f
inal-report-condensed.tex:567: LaTeX Error: Command \ocircumflex unavailable in
 encoding T1.

See the LaTeX manual or LaTeX Companion for explanation.
Type  H <return>  for immediate help.
 ...                                              
                                                  
l.567 \textbf{II. Thành phần hội đồng}
                                              
Your command was ignored.
Type  I <command> <return>  to replace it with another command,
or  <return>  to continue without it.


e:/anmh1205/IoT_Vehicle_Tracking_System/resources/reports/thesis/final/thesis-f
inal-report-condensed.tex:567: LaTeX Error: Command \ocircumflex unavailable in
 encoding T1.

See the LaTeX manual or LaTeX Companion for explanation.
Type  H <return>  for immediate help.
 ...                                              
                                                  
l.567 \textbf{II. Thành phần hội đồng}
                                              
Your command was ignored.
Type  I <command> <return>  to replace it with another command,
or  <return>  to continue without it.


e:/anmh1205/IoT_Vehicle_Tracking_System/resources/reports/thesis/final/thesis-f
inal-report-condensed.tex:569: LaTeX Error: Command \h unavailable in encoding 
T1.

See the LaTeX manual or LaTeX Companion for explanation.
Type  H <return>  for immediate help.
 ...                                              
                                                  
l.569   \item \dotfill Chủ
                             tịch
Your command was ignored.
Type  I <command> <return>  to replace it with another command,
or  <return>  to continue without it.


e:/anmh1205/IoT_Vehicle_Tracking_System/resources/reports/thesis/final/thesis-f
inal-report-condensed.tex:570: LaTeX Error: Command \uhorn unavailable in encod
ing T1.

See the LaTeX manual or LaTeX Companion for explanation.
Type  H <return>  for immediate help.
 ...                                              
                                                  
l.570   \item \dotfill Thư
                            ký
Your command was ignored.
Type  I <command> <return>  to replace it with another command,
or  <return>  to continue without it.


e:/anmh1205/IoT_Vehicle_Tracking_System/resources/reports/thesis/final/thesis-f
inal-report-condensed.tex:571: LaTeX Error: Command \h unavailable in encoding 
T1.

See the LaTeX manual or LaTeX Companion for explanation.
Type  H <return>  for immediate help.
 ...                                              
                                                  
l.571   \item \dotfill Giả
                            ng viên phản biện
Your command was ignored.
Type  I <command> <return>  to replace it with another command,
or  <return>  to continue without it.


e:/anmh1205/IoT_Vehicle_Tracking_System/resources/reports/thesis/final/thesis-f
inal-report-condensed.tex:571: LaTeX Error: Command \h unavailable in encoding 
T1.

See the LaTeX manual or LaTeX Companion for explanation.
Type  H <return>  for immediate help.
 ...                                              
                                                  
l.571   \item \dotfill Giảng viên phả
                                          n biện
Your command was ignored.
Type  I <command> <return>  to replace it with another command,
or  <return>  to continue without it.


e:/anmh1205/IoT_Vehicle_Tracking_System/resources/reports/thesis/final/thesis-f
inal-report-condensed.tex:571: LaTeX Error: Command \ecircumflex unavailable in
 encoding T1.

See the LaTeX manual or LaTeX Companion for explanation.
Type  H <return>  for immediate help.
 ...                                              
                                                  
l.571   \item \dotfill Giảng viên phản biệ
                                                 n
Your command was ignored.
Type  I <command> <return>  to replace it with another command,
or  <return>  to continue without it.


e:/anmh1205/IoT_Vehicle_Tracking_System/resources/reports/thesis/final/thesis-f
inal-report-condensed.tex:572: LaTeX Error: Command \h unavailable in encoding 
T1.

See the LaTeX manual or LaTeX Companion for explanation.
Type  H <return>  for immediate help.
 ...                                              
                                                  
l.572   \item \dotfill Ủ
                          y viên 1
Your command was ignored.
Type  I <command> <return>  to replace it with another command,
or  <return>  to continue without it.


e:/anmh1205/IoT_Vehicle_Tracking_System/resources/reports/thesis/final/thesis-f
inal-report-condensed.tex:575: LaTeX Error: Command \h unavailable in encoding 
T1.

See the LaTeX manual or LaTeX Companion for explanation.
Type  H <return>  for immediate help.
 ...                                              
                                                  
l.575 ... hỏi của thành viên hội đồng:}
                                                   \dotfill\\[0.6cm]
Your command was ignored.
Type  I <command> <return>  to replace it with another command,
or  <return>  to continue without it.


e:/anmh1205/IoT_Vehicle_Tracking_System/resources/reports/thesis/final/thesis-f
inal-report-condensed.tex:575: LaTeX Error: Command \ocircumflex unavailable in
 encoding T1.

See the LaTeX manual or LaTeX Companion for explanation.
Type  H <return>  for immediate help.
 ...                                              
                                                  
l.575 ... hỏi của thành viên hội đồng:}
                                                   \dotfill\\[0.6cm]
Your command was ignored.
Type  I <command> <return>  to replace it with another command,
or  <return>  to continue without it.


e:/anmh1205/IoT_Vehicle_Tracking_System/resources/reports/thesis/final/thesis-f
inal-report-condensed.tex:575: LaTeX Error: Command \ohorn unavailable in encod
ing T1.

See the LaTeX manual or LaTeX Companion for explanation.
Type  H <return>  for immediate help.
 ...                                              
                                                  
l.575 ... hỏi của thành viên hội đồng:}
                                                   \dotfill\\[0.6cm]
Your command was ignored.
Type  I <command> <return>  to replace it with another command,
or  <return>  to continue without it.


e:/anmh1205/IoT_Vehicle_Tracking_System/resources/reports/thesis/final/thesis-f
inal-report-condensed.tex:575: LaTeX Error: Command \h unavailable in encoding 
T1.

See the LaTeX manual or LaTeX Companion for explanation.
Type  H <return>  for immediate help.
 ...                                              
                                                  
l.575 ... hỏi của thành viên hội đồng:}
                                                   \dotfill\\[0.6cm]
Your command was ignored.
Type  I <command> <return>  to replace it with another command,
or  <return>  to continue without it.


e:/anmh1205/IoT_Vehicle_Tracking_System/resources/reports/thesis/final/thesis-f
inal-report-condensed.tex:575: LaTeX Error: Command \h unavailable in encoding 
T1.

See the LaTeX manual or LaTeX Companion for explanation.
Type  H <return>  for immediate help.
 ...                                              
                                                  
l.575 ... hỏi của thành viên hội đồng:}
                                                   \dotfill\\[0.6cm]
Your command was ignored.
Type  I <command> <return>  to replace it with another command,
or  <return>  to continue without it.


e:/anmh1205/IoT_Vehicle_Tracking_System/resources/reports/thesis/final/thesis-f
inal-report-condensed.tex:575: LaTeX Error: Command \ocircumflex unavailable in
 encoding T1.

See the LaTeX manual or LaTeX Companion for explanation.
Type  H <return>  for immediate help.
 ...                                              
                                                  
l.575 ... hỏi của thành viên hội đồng:}
                                                   \dotfill\\[0.6cm]
Your command was ignored.
Type  I <command> <return>  to replace it with another command,
or  <return>  to continue without it.


e:/anmh1205/IoT_Vehicle_Tracking_System/resources/reports/thesis/final/thesis-f
inal-report-condensed.tex:575: LaTeX Error: Command \ocircumflex unavailable in
 encoding T1.

See the LaTeX manual or LaTeX Companion for explanation.
Type  H <return>  for immediate help.
 ...                                              
                                                  
l.575 ... hỏi của thành viên hội đồng:}
                                                   \dotfill\\[0.6cm]
Your command was ignored.
Type  I <command> <return>  to replace it with another command,
or  <return>  to continue without it.


e:/anmh1205/IoT_Vehicle_Tracking_System/resources/reports/thesis/final/thesis-f
inal-report-condensed.tex:575: LaTeX Error: Command \ocircumflex unavailable in
 encoding T1.

See the LaTeX manual or LaTeX Companion for explanation.
Type  H <return>  for immediate help.
 ...                                              
                                                  
l.575 ... hỏi của thành viên hội đồng:}
                                                   \dotfill\\[0.6cm]
Your command was ignored.
Type  I <command> <return>  to replace it with another command,
or  <return>  to continue without it.


e:/anmh1205/IoT_Vehicle_Tracking_System/resources/reports/thesis/final/thesis-f
inal-report-condensed.tex:576: LaTeX Error: Command \h unavailable in encoding 
T1.

See the LaTeX manual or LaTeX Companion for explanation.
Type  H <return>  for immediate help.
 ...                                              
                                                  
l.576 ...nội dung trả lời của sinh viên:}
                                                   \dotfill\\[0.6cm]
Your command was ignored.
Type  I <command> <return>  to replace it with another command,
or  <return>  to continue without it.


e:/anmh1205/IoT_Vehicle_Tracking_System/resources/reports/thesis/final/thesis-f
inal-report-condensed.tex:576: LaTeX Error: Command \ocircumflex unavailable in
 encoding T1.

See the LaTeX manual or LaTeX Companion for explanation.
Type  H <return>  for immediate help.
 ...                                              
                                                  
l.576 ...nội dung trả lời của sinh viên:}
                                                   \dotfill\\[0.6cm]
Your command was ignored.
Type  I <command> <return>  to replace it with another command,
or  <return>  to continue without it.


e:/anmh1205/IoT_Vehicle_Tracking_System/resources/reports/thesis/final/thesis-f
inal-report-condensed.tex:576: LaTeX Error: Command \ohorn unavailable in encod
ing T1.

See the LaTeX manual or LaTeX Companion for explanation.
Type  H <return>  for immediate help.
 ...                                              
                                                  
l.576 ...nội dung trả lời của sinh viên:}
                                                   \dotfill\\[0.6cm]
Your command was ignored.
Type  I <command> <return>  to replace it with another command,
or  <return>  to continue without it.


e:/anmh1205/IoT_Vehicle_Tracking_System/resources/reports/thesis/final/thesis-f
inal-report-condensed.tex:576: LaTeX Error: Command \ocircumflex unavailable in
 encoding T1.

See the LaTeX manual or LaTeX Companion for explanation.
Type  H <return>  for immediate help.
 ...                                              
                                                  
l.576 ...nội dung trả lời của sinh viên:}
                                                   \dotfill\\[0.6cm]
Your command was ignored.
Type  I <command> <return>  to replace it with another command,
or  <return>  to continue without it.


e:/anmh1205/IoT_Vehicle_Tracking_System/resources/reports/thesis/final/thesis-f
inal-report-condensed.tex:576: LaTeX Error: Command \h unavailable in encoding 
T1.

See the LaTeX manual or LaTeX Companion for explanation.
Type  H <return>  for immediate help.
 ...                                              
                                                  
l.576 ...nội dung trả lời của sinh viên:}
                                                   \dotfill\\[0.6cm]
Your command was ignored.
Type  I <command> <return>  to replace it with another command,
or  <return>  to continue without it.


e:/anmh1205/IoT_Vehicle_Tracking_System/resources/reports/thesis/final/thesis-f
inal-report-condensed.tex:576: LaTeX Error: Command \ohorn unavailable in encod
ing T1.

See the LaTeX manual or LaTeX Companion for explanation.
Type  H <return>  for immediate help.
 ...                                              
                                                  
l.576 ...nội dung trả lời của sinh viên:}
                                                   \dotfill\\[0.6cm]
Your command was ignored.
Type  I <command> <return>  to replace it with another command,
or  <return>  to continue without it.


e:/anmh1205/IoT_Vehicle_Tracking_System/resources/reports/thesis/final/thesis-f
inal-report-condensed.tex:576: LaTeX Error: Command \ohorn unavailable in encod
ing T1.

See the LaTeX manual or LaTeX Companion for explanation.
Type  H <return>  for immediate help.
 ...                                              
                                                  
l.576 ...nội dung trả lời của sinh viên:}
                                                   \dotfill\\[0.6cm]
Your command was ignored.
Type  I <command> <return>  to replace it with another command,
or  <return>  to continue without it.


e:/anmh1205/IoT_Vehicle_Tracking_System/resources/reports/thesis/final/thesis-f
inal-report-condensed.tex:576: LaTeX Error: Command \h unavailable in encoding 
T1.

See the LaTeX manual or LaTeX Companion for explanation.
Type  H <return>  for immediate help.
 ...                                              
                                                  
l.576 ...nội dung trả lời của sinh viên:}
                                                   \dotfill\\[0.6cm]
Your command was ignored.
Type  I <command> <return>  to replace it with another command,
or  <return>  to continue without it.


e:/anmh1205/IoT_Vehicle_Tracking_System/resources/reports/thesis/final/thesis-f
inal-report-condensed.tex:577: LaTeX Error: Command \ocircumflex unavailable in
 encoding T1.

See the LaTeX manual or LaTeX Companion for explanation.
Type  H <return>  for immediate help.
 ...                                              
                                                  
l.577 ...��i dung đánh giá của Hội đồng}
                                                  
Your command was ignored.
Type  I <command> <return>  to replace it with another command,
or  <return>  to continue without it.


e:/anmh1205/IoT_Vehicle_Tracking_System/resources/reports/thesis/final/thesis-f
inal-report-condensed.tex:577: LaTeX Error: Command \h unavailable in encoding 
T1.

See the LaTeX manual or LaTeX Companion for explanation.
Type  H <return>  for immediate help.
 ...                                              
                                                  
l.577 ...��i dung đánh giá của Hội đồng}
                                                  
Your command was ignored.
Type  I <command> <return>  to replace it with another command,
or  <return>  to continue without it.


e:/anmh1205/IoT_Vehicle_Tracking_System/resources/reports/thesis/final/thesis-f
inal-report-condensed.tex:577: LaTeX Error: Command \ocircumflex unavailable in
 encoding T1.

See the LaTeX manual or LaTeX Companion for explanation.
Type  H <return>  for immediate help.
 ...                                              
                                                  
l.577 ...��i dung đánh giá của Hội đồng}
                                                  
Your command was ignored.
Type  I <command> <return>  to replace it with another command,
or  <return>  to continue without it.


e:/anmh1205/IoT_Vehicle_Tracking_System/resources/reports/thesis/final/thesis-f
inal-report-condensed.tex:577: LaTeX Error: Command \ocircumflex unavailable in
 encoding T1.

See the LaTeX manual or LaTeX Companion for explanation.
Type  H <return>  for immediate help.
 ...                                              
                                                  
l.577 ...��i dung đánh giá của Hội đồng}
                                                  
Your command was ignored.
Type  I <command> <return>  to replace it with another command,
or  <return>  to continue without it.


e:/anmh1205/IoT_Vehicle_Tracking_System/resources/reports/thesis/final/thesis-f
inal-report-condensed.tex:577: LaTeX Error: Command \ocircumflex unavailable in
 encoding T1.

See the LaTeX manual or LaTeX Companion for explanation.
Type  H <return>  for immediate help.
 ...                                              
                                                  
l.577 ...��i dung đánh giá của Hội đồng}
                                                  
Your command was ignored.
Type  I <command> <return>  to replace it with another command,
or  <return>  to continue without it.


e:/anmh1205/IoT_Vehicle_Tracking_System/resources/reports/thesis/final/thesis-f
inal-report-condensed.tex:579: LaTeX Error: Command \h unavailable in encoding 
T1.

See the LaTeX manual or LaTeX Companion for explanation.
Type  H <return>  for immediate help.
 ...                                              
                                                  
l.579   \item Ý nghĩa củ
                            a đồ án: \dotfill
Your command was ignored.
Type  I <command> <return>  to replace it with another command,
or  <return>  to continue without it.


e:/anmh1205/IoT_Vehicle_Tracking_System/resources/reports/thesis/final/thesis-f
inal-report-condensed.tex:579: LaTeX Error: Command \ocircumflex unavailable in
 encoding T1.

See the LaTeX manual or LaTeX Companion for explanation.
Type  H <return>  for immediate help.
 ...                                              
                                                  
l.579   \item Ý nghĩa của đồ
                                    án: \dotfill
Your command was ignored.
Type  I <command> <return>  to replace it with another command,
or  <return>  to continue without it.


e:/anmh1205/IoT_Vehicle_Tracking_System/resources/reports/thesis/final/thesis-f
inal-report-condensed.tex:579: LaTeX Error: Command \ocircumflex unavailable in
 encoding T1.

See the LaTeX manual or LaTeX Companion for explanation.
Type  H <return>  for immediate help.
 ...                                              
                                                  
l.579   \item Ý nghĩa của đồ
                                    án: \dotfill
Your command was ignored.
Type  I <command> <return>  to replace it with another command,
or  <return>  to continue without it.


e:/anmh1205/IoT_Vehicle_Tracking_System/resources/reports/thesis/final/thesis-f
inal-report-condensed.tex:580: LaTeX Error: Command \ecircumflex unavailable in
 encoding T1.

See the LaTeX manual or LaTeX Companion for explanation.
Type  H <return>  for immediate help.
 ...                                              
                                                  
l.580   \item Về
                   nội dung, kết cấu của đồ án: \dotfill
Your command was ignored.
Type  I <command> <return>  to replace it with another command,
or  <return>  to continue without it.


e:/anmh1205/IoT_Vehicle_Tracking_System/resources/reports/thesis/final/thesis-f
inal-report-condensed.tex:580: LaTeX Error: Command \ecircumflex unavailable in
 encoding T1.

See the LaTeX manual or LaTeX Companion for explanation.
Type  H <return>  for immediate help.
 ...                                              
                                                  
l.580   \item Về
                   nội dung, kết cấu của đồ án: \dotfill
Your command was ignored.
Type  I <command> <return>  to replace it with another command,
or  <return>  to continue without it.


e:/anmh1205/IoT_Vehicle_Tracking_System/resources/reports/thesis/final/thesis-f
inal-report-condensed.tex:580: LaTeX Error: Command \ocircumflex unavailable in
 encoding T1.

See the LaTeX manual or LaTeX Companion for explanation.
Type  H <return>  for immediate help.
 ...                                              
                                                  
l.580   \item Về nộ
                       i dung, kết cấu của đồ án: \dotfill
Your command was ignored.
Type  I <command> <return>  to replace it with another command,
or  <return>  to continue without it.


e:/anmh1205/IoT_Vehicle_Tracking_System/resources/reports/thesis/final/thesis-f
inal-report-condensed.tex:580: LaTeX Error: Command \ecircumflex unavailable in
 encoding T1.

See the LaTeX manual or LaTeX Companion for explanation.
Type  H <return>  for immediate help.
 ...                                              
                                                  
l.580   \item Về nội dung, kế
                                   t cấu của đồ án: \dotfill
Your command was ignored.
Type  I <command> <return>  to replace it with another command,
or  <return>  to continue without it.


e:/anmh1205/IoT_Vehicle_Tracking_System/resources/reports/thesis/final/thesis-f
inal-report-condensed.tex:580: LaTeX Error: Command \ecircumflex unavailable in
 encoding T1.

See the LaTeX manual or LaTeX Companion for explanation.
Type  H <return>  for immediate help.
 ...                                              
                                                  
l.580   \item Về nội dung, kế
                                   t cấu của đồ án: \dotfill
Your command was ignored.
Type  I <command> <return>  to replace it with another command,
or  <return>  to continue without it.


e:/anmh1205/IoT_Vehicle_Tracking_System/resources/reports/thesis/final/thesis-f
inal-report-condensed.tex:580: LaTeX Error: Command \acircumflex unavailable in
 encoding T1.

See the LaTeX manual or LaTeX Companion for explanation.
Type  H <return>  for immediate help.
 ...                                              
                                                  
l.580   \item Về nội dung, kết cấ
                                         u của đồ án: \dotfill
Your command was ignored.
Type  I <command> <return>  to replace it with another command,
or  <return>  to continue without it.


e:/anmh1205/IoT_Vehicle_Tracking_System/resources/reports/thesis/final/thesis-f
inal-report-condensed.tex:580: LaTeX Error: Command \acircumflex unavailable in
 encoding T1.

See the LaTeX manual or LaTeX Companion for explanation.
Type  H <return>  for immediate help.
 ...                                              
                                                  
l.580   \item Về nội dung, kết cấ
                                         u của đồ án: \dotfill
Your command was ignored.
Type  I <command> <return>  to replace it with another command,
or  <return>  to continue without it.


e:/anmh1205/IoT_Vehicle_Tracking_System/resources/reports/thesis/final/thesis-f
inal-report-condensed.tex:580: LaTeX Error: Command \h unavailable in encoding 
T1.

See the LaTeX manual or LaTeX Companion for explanation.
Type  H <return>  for immediate help.
 ...                                              
                                                  
l.580   \item Về nội dung, kết cấu củ
                                               a đồ án: \dotfill
Your command was ignored.
Type  I <command> <return>  to replace it with another command,
or  <return>  to continue without it.


e:/anmh1205/IoT_Vehicle_Tracking_System/resources/reports/thesis/final/thesis-f
inal-report-condensed.tex:580: LaTeX Error: Command \ocircumflex unavailable in
 encoding T1.

See the LaTeX manual or LaTeX Companion for explanation.
Type  H <return>  for immediate help.
 ...                                              
                                                  
l.580 ... Về nội dung, kết cấu của đồ
                                                   án: \dotfill
Your command was ignored.
Type  I <command> <return>  to replace it with another command,
or  <return>  to continue without it.


e:/anmh1205/IoT_Vehicle_Tracking_System/resources/reports/thesis/final/thesis-f
inal-report-condensed.tex:580: LaTeX Error: Command \ocircumflex unavailable in
 encoding T1.

See the LaTeX manual or LaTeX Companion for explanation.
Type  H <return>  for immediate help.
 ...                                              
                                                  
l.580 ... Về nội dung, kết cấu của đồ
                                                   án: \dotfill
Your command was ignored.
Type  I <command> <return>  to replace it with another command,
or  <return>  to continue without it.


e:/anmh1205/IoT_Vehicle_Tracking_System/resources/reports/thesis/final/thesis-f
inal-report-condensed.tex:581: LaTeX Error: Command \uhorn unavailable in encod
ing T1.

See the LaTeX manual or LaTeX Companion for explanation.
Type  H <return>  for immediate help.
 ...                                              
                                                  
l.581   \item Phư
                  ơng pháp nghiên cứu: \dotfill
Your command was ignored.
Type  I <command> <return>  to replace it with another command,
or  <return>  to continue without it.


e:/anmh1205/IoT_Vehicle_Tracking_System/resources/reports/thesis/final/thesis-f
inal-report-condensed.tex:581: LaTeX Error: Command \ohorn unavailable in encod
ing T1.

See the LaTeX manual or LaTeX Companion for explanation.
Type  H <return>  for immediate help.
 ...                                              
                                                  
l.581   \item Phươ
                    ng pháp nghiên cứu: \dotfill
Your command was ignored.
Type  I <command> <return>  to replace it with another command,
or  <return>  to continue without it.


e:/anmh1205/IoT_Vehicle_Tracking_System/resources/reports/thesis/final/thesis-f
inal-report-condensed.tex:581: LaTeX Error: Command \uhorn unavailable in encod
ing T1.

See the LaTeX manual or LaTeX Companion for explanation.
Type  H <return>  for immediate help.
 ...                                              
                                                  
l.581   \item Phương pháp nghiên cứ
                                         u: \dotfill
Your command was ignored.
Type  I <command> <return>  to replace it with another command,
or  <return>  to continue without it.


e:/anmh1205/IoT_Vehicle_Tracking_System/resources/reports/thesis/final/thesis-f
inal-report-condensed.tex:581: LaTeX Error: Command \uhorn unavailable in encod
ing T1.

See the LaTeX manual or LaTeX Companion for explanation.
Type  H <return>  for immediate help.
 ...                                              
                                                  
l.581   \item Phương pháp nghiên cứ
                                         u: \dotfill
Your command was ignored.
Type  I <command> <return>  to replace it with another command,
or  <return>  to continue without it.


e:/anmh1205/IoT_Vehicle_Tracking_System/resources/reports/thesis/final/thesis-f
inal-report-condensed.tex:582: LaTeX Error: Command \ecircumflex unavailable in
 encoding T1.

See the LaTeX manual or LaTeX Companion for explanation.
Type  H <return>  for immediate help.
 ...                                              
                                                  
l.582   \item Các kế
                       t quả nghiên cứu đạt được: \dotfill
Your command was ignored.
Type  I <command> <return>  to replace it with another command,
or  <return>  to continue without it.


e:/anmh1205/IoT_Vehicle_Tracking_System/resources/reports/thesis/final/thesis-f
inal-report-condensed.tex:582: LaTeX Error: Command \ecircumflex unavailable in
 encoding T1.

See the LaTeX manual or LaTeX Companion for explanation.
Type  H <return>  for immediate help.
 ...                                              
                                                  
l.582   \item Các kế
                       t quả nghiên cứu đạt được: \dotfill
Your command was ignored.
Type  I <command> <return>  to replace it with another command,
or  <return>  to continue without it.


e:/anmh1205/IoT_Vehicle_Tracking_System/resources/reports/thesis/final/thesis-f
inal-report-condensed.tex:582: LaTeX Error: Command \h unavailable in encoding 
T1.

See the LaTeX manual or LaTeX Companion for explanation.
Type  H <return>  for immediate help.
 ...                                              
                                                  
l.582   \item Các kết quả
                               nghiên cứu đạt được: \dotfill
Your command was ignored.
Type  I <command> <return>  to replace it with another command,
or  <return>  to continue without it.


e:/anmh1205/IoT_Vehicle_Tracking_System/resources/reports/thesis/final/thesis-f
inal-report-condensed.tex:582: LaTeX Error: Command \uhorn unavailable in encod
ing T1.

See the LaTeX manual or LaTeX Companion for explanation.
Type  H <return>  for immediate help.
 ...                                              
                                                  
l.582   \item Các kết quả nghiên cứ
                                           u đạt được: \dotfill
Your command was ignored.
Type  I <command> <return>  to replace it with another command,
or  <return>  to continue without it.


e:/anmh1205/IoT_Vehicle_Tracking_System/resources/reports/thesis/final/thesis-f
inal-report-condensed.tex:582: LaTeX Error: Command \uhorn unavailable in encod
ing T1.

See the LaTeX manual or LaTeX Companion for explanation.
Type  H <return>  for immediate help.
 ...                                              
                                                  
l.582   \item Các kết quả nghiên cứ
                                           u đạt được: \dotfill
Your command was ignored.
Type  I <command> <return>  to replace it with another command,
or  <return>  to continue without it.


e:/anmh1205/IoT_Vehicle_Tracking_System/resources/reports/thesis/final/thesis-f
inal-report-condensed.tex:582: LaTeX Error: Command \uhorn unavailable in encod
ing T1.

See the LaTeX manual or LaTeX Companion for explanation.
Type  H <return>  for immediate help.
 ...                                              
                                                  
l.582 ...ác kết quả nghiên cứu đạt đư
                                                  ợc: \dotfill
Your command was ignored.
Type  I <command> <return>  to replace it with another command,
or  <return>  to continue without it.


e:/anmh1205/IoT_Vehicle_Tracking_System/resources/reports/thesis/final/thesis-f
inal-report-condensed.tex:582: LaTeX Error: Command \ohorn unavailable in encod
ing T1.

See the LaTeX manual or LaTeX Companion for explanation.
Type  H <return>  for immediate help.
 ...                                              
                                                  
l.582 ... kết quả nghiên cứu đạt đượ
                                                  c: \dotfill
Your command was ignored.
Type  I <command> <return>  to replace it with another command,
or  <return>  to continue without it.


e:/anmh1205/IoT_Vehicle_Tracking_System/resources/reports/thesis/final/thesis-f
inal-report-condensed.tex:584: LaTeX Error: Command \h unavailable in encoding 
T1.

See the LaTeX manual or LaTeX Companion for explanation.
Type  H <return>  for immediate help.
 ...                                              
                                                  
l.584 \textbf{VI. Điểm kết luận:}
                                         \dotfill\ (Bằng chữ: \dotfill)
Your command was ignored.
Type  I <command> <return>  to replace it with another command,
or  <return>  to continue without it.


e:/anmh1205/IoT_Vehicle_Tracking_System/resources/reports/thesis/final/thesis-f
inal-report-condensed.tex:584: LaTeX Error: Command \ecircumflex unavailable in
 encoding T1.

See the LaTeX manual or LaTeX Companion for explanation.
Type  H <return>  for immediate help.
 ...                                              
                                                  
l.584 \textbf{VI. Điểm kết luận:}
                                         \dotfill\ (Bằng chữ: \dotfill)
Your command was ignored.
Type  I <command> <return>  to replace it with another command,
or  <return>  to continue without it.


e:/anmh1205/IoT_Vehicle_Tracking_System/resources/reports/thesis/final/thesis-f
inal-report-condensed.tex:584: LaTeX Error: Command \ecircumflex unavailable in
 encoding T1.

See the LaTeX manual or LaTeX Companion for explanation.
Type  H <return>  for immediate help.
 ...                                              
                                                  
l.584 \textbf{VI. Điểm kết luận:}
                                         \dotfill\ (Bằng chữ: \dotfill)
Your command was ignored.
Type  I <command> <return>  to replace it with another command,
or  <return>  to continue without it.


e:/anmh1205/IoT_Vehicle_Tracking_System/resources/reports/thesis/final/thesis-f
inal-report-condensed.tex:584: LaTeX Error: Command \ecircumflex unavailable in
 encoding T1.

See the LaTeX manual or LaTeX Companion for explanation.
Type  H <return>  for immediate help.
 ...                                              
                                                  
l.584 \textbf{VI. Điểm kết luận:}
                                         \dotfill\ (Bằng chữ: \dotfill)
Your command was ignored.
Type  I <command> <return>  to replace it with another command,
or  <return>  to continue without it.


e:/anmh1205/IoT_Vehicle_Tracking_System/resources/reports/thesis/final/thesis-f
inal-report-condensed.tex:584: LaTeX Error: Command \acircumflex unavailable in
 encoding T1.

See the LaTeX manual or LaTeX Companion for explanation.
Type  H <return>  for immediate help.
 ...                                              
                                                  
l.584 \textbf{VI. Điểm kết luận:}
                                         \dotfill\ (Bằng chữ: \dotfill)
Your command was ignored.
Type  I <command> <return>  to replace it with another command,
or  <return>  to continue without it.


e:/anmh1205/IoT_Vehicle_Tracking_System/resources/reports/thesis/final/thesis-f
inal-report-condensed.tex:584: LaTeX Error: Command \abreve unavailable in enco
ding T1.

See the LaTeX manual or LaTeX Companion for explanation.
Type  H <return>  for immediate help.
 ...                                              
                                                  
l.584 ...I. Điểm kết luận:} \dotfill\ (Bằ
                                                  ng chữ: \dotfill)
Your command was ignored.
Type  I <command> <return>  to replace it with another command,
or  <return>  to continue without it.


e:/anmh1205/IoT_Vehicle_Tracking_System/resources/reports/thesis/final/thesis-f
inal-report-condensed.tex:584: LaTeX Error: Command \abreve unavailable in enco
ding T1.

See the LaTeX manual or LaTeX Companion for explanation.
Type  H <return>  for immediate help.
 ...                                              
                                                  
l.584 ...I. Điểm kết luận:} \dotfill\ (Bằ
                                                  ng chữ: \dotfill)
Your command was ignored.
Type  I <command> <return>  to replace it with another command,
or  <return>  to continue without it.


e:/anmh1205/IoT_Vehicle_Tracking_System/resources/reports/thesis/final/thesis-f
inal-report-condensed.tex:584: LaTeX Error: Command \uhorn unavailable in encod
ing T1.

See the LaTeX manual or LaTeX Companion for explanation.
Type  H <return>  for immediate help.
 ...                                              
                                                  
l.584 ...�m kết luận:} \dotfill\ (Bằng chữ
                                                  : \dotfill)
Your command was ignored.
Type  I <command> <return>  to replace it with another command,
or  <return>  to continue without it.


e:/anmh1205/IoT_Vehicle_Tracking_System/resources/reports/thesis/final/thesis-f
inal-report-condensed.tex:584: LaTeX Error: Command \uhorn unavailable in encod
ing T1.

See the LaTeX manual or LaTeX Companion for explanation.
Type  H <return>  for immediate help.
 ...                                              
                                                  
l.584 ...�m kết luận:} \dotfill\ (Bằng chữ
                                                  : \dotfill)
Your command was ignored.
Type  I <command> <return>  to replace it with another command,
or  <return>  to continue without it.


e:/anmh1205/IoT_Vehicle_Tracking_System/resources/reports/thesis/final/thesis-f
inal-report-condensed.tex:586: LaTeX Error: Command \h unavailable in encoding 
T1.

See the LaTeX manual or LaTeX Companion for explanation.
Type  H <return>  for immediate help.
 ...                                              
                                                  
l.586 ...CHỦ TỊCH HỘI ĐỒNG}{}{THƯ KÝ}{}
                                                  
Your command was ignored.
Type  I <command> <return>  to replace it with another command,
or  <return>  to continue without it.


e:/anmh1205/IoT_Vehicle_Tracking_System/resources/reports/thesis/final/thesis-f
inal-report-condensed.tex:586: LaTeX Error: Command \OCIRCUMFLEX unavailable in
 encoding T1.

See the LaTeX manual or LaTeX Companion for explanation.
Type  H <return>  for immediate help.
 ...                                              
                                                  
l.586 ...CHỦ TỊCH HỘI ĐỒNG}{}{THƯ KÝ}{}
                                                  
Your command was ignored.
Type  I <command> <return>  to replace it with another command,
or  <return>  to continue without it.


e:/anmh1205/IoT_Vehicle_Tracking_System/resources/reports/thesis/final/thesis-f
inal-report-condensed.tex:586: LaTeX Error: Command \OCIRCUMFLEX unavailable in
 encoding T1.

See the LaTeX manual or LaTeX Companion for explanation.
Type  H <return>  for immediate help.
 ...                                              
                                                  
l.586 ...CHỦ TỊCH HỘI ĐỒNG}{}{THƯ KÝ}{}
                                                  
Your command was ignored.
Type  I <command> <return>  to replace it with another command,
or  <return>  to continue without it.


e:/anmh1205/IoT_Vehicle_Tracking_System/resources/reports/thesis/final/thesis-f
inal-report-condensed.tex:586: LaTeX Error: Command \OCIRCUMFLEX unavailable in
 encoding T1.

See the LaTeX manual or LaTeX Companion for explanation.
Type  H <return>  for immediate help.
 ...                                              
                                                  
l.586 ...CHỦ TỊCH HỘI ĐỒNG}{}{THƯ KÝ}{}
                                                  
Your command was ignored.
Type  I <command> <return>  to replace it with another command,
or  <return>  to continue without it.


e:/anmh1205/IoT_Vehicle_Tracking_System/resources/reports/thesis/final/thesis-f
inal-report-condensed.tex:586: LaTeX Error: Command \UHORN unavailable in encod
ing T1.

See the LaTeX manual or LaTeX Companion for explanation.
Type  H <return>  for immediate help.
 ...                                              
                                                  
l.586 ...CHỦ TỊCH HỘI ĐỒNG}{}{THƯ KÝ}{}
                                                  
Your command was ignored.
Type  I <command> <return>  to replace it with another command,
or  <return>  to continue without it.

[4

]

e:/anmh1205/IoT_Vehicle_Tracking_System/resources/reports/thesis/final/thesis-f
inal-report-condensed.tex:591: LaTeX Error: Command \h unavailable in encoding 
T1.

See the LaTeX manual or LaTeX Companion for explanation.
Type  H <return>  for immediate help.
 ...                                              
                                                  
l.591 ...{\Large GIẢI TRÌNH CÁC CHỈNH SỬA}
                                                  \\[0.2cm]
Your command was ignored.
Type  I <command> <return>  to replace it with another command,
or  <return>  to continue without it.


e:/anmh1205/IoT_Vehicle_Tracking_System/resources/reports/thesis/final/thesis-f
inal-report-condensed.tex:591: LaTeX Error: Command \h unavailable in encoding 
T1.

See the LaTeX manual or LaTeX Companion for explanation.
Type  H <return>  for immediate help.
 ...                                              
                                                  
l.591 ...{\Large GIẢI TRÌNH CÁC CHỈNH SỬA}
                                                  \\[0.2cm]
Your command was ignored.
Type  I <command> <return>  to replace it with another command,
or  <return>  to continue without it.


e:/anmh1205/IoT_Vehicle_Tracking_System/resources/reports/thesis/final/thesis-f
inal-report-condensed.tex:591: LaTeX Error: Command \h unavailable in encoding 
T1.

See the LaTeX manual or LaTeX Companion for explanation.
Type  H <return>  for immediate help.
 ...                                              
                                                  
l.591 ...{\Large GIẢI TRÌNH CÁC CHỈNH SỬA}
                                                  \\[0.2cm]
Your command was ignored.
Type  I <command> <return>  to replace it with another command,
or  <return>  to continue without it.


e:/anmh1205/IoT_Vehicle_Tracking_System/resources/reports/thesis/final/thesis-f
inal-report-condensed.tex:591: LaTeX Error: Command \UHORN unavailable in encod
ing T1.

See the LaTeX manual or LaTeX Companion for explanation.
Type  H <return>  for immediate help.
 ...                                              
                                                  
l.591 ...{\Large GIẢI TRÌNH CÁC CHỈNH SỬA}
                                                  \\[0.2cm]
Your command was ignored.
Type  I <command> <return>  to replace it with another command,
or  <return>  to continue without it.


e:/anmh1205/IoT_Vehicle_Tracking_System/resources/reports/thesis/final/thesis-f
inal-report-condensed.tex:592: LaTeX Error: Command \ecircumflex unavailable in
 encoding T1.

See the LaTeX manual or LaTeX Companion for explanation.
Type  H <return>  for immediate help.
 ...                                              
                                                  
l.592   \textit{(Nếu có)}
                            
Your command was ignored.
Type  I <command> <return>  to replace it with another command,
or  <return>  to continue without it.


e:/anmh1205/IoT_Vehicle_Tracking_System/resources/reports/thesis/final/thesis-f
inal-report-condensed.tex:592: LaTeX Error: Command \ecircumflex unavailable in
 encoding T1.

See the LaTeX manual or LaTeX Companion for explanation.
Type  H <return>  for immediate help.
 ...                                              
                                                  
l.592   \textit{(Nếu có)}
                            
Your command was ignored.
Type  I <command> <return>  to replace it with another command,
or  <return>  to continue without it.


e:/anmh1205/IoT_Vehicle_Tracking_System/resources/reports/thesis/final/thesis-f
inal-report-condensed.tex:598: LaTeX Error: Command \uhorn unavailable in encod
ing T1.

See the LaTeX manual or LaTeX Companion for explanation.
Type  H <return>  for immediate help.
 ...                                              
                                                  
l.598   Chư
            a phát sinh nội dung cần giải trình.
Your command was ignored.
Type  I <command> <return>  to replace it with another command,
or  <return>  to continue without it.


e:/anmh1205/IoT_Vehicle_Tracking_System/resources/reports/thesis/final/thesis-f
inal-report-condensed.tex:598: LaTeX Error: Command \ocircumflex unavailable in
 encoding T1.

See the LaTeX manual or LaTeX Companion for explanation.
Type  H <return>  for immediate help.
 ...                                              
                                                  
l.598   Chưa phát sinh nộ
                             i dung cần giải trình.
Your command was ignored.
Type  I <command> <return>  to replace it with another command,
or  <return>  to continue without it.


e:/anmh1205/IoT_Vehicle_Tracking_System/resources/reports/thesis/final/thesis-f
inal-report-condensed.tex:598: LaTeX Error: Command \acircumflex unavailable in
 encoding T1.

See the LaTeX manual or LaTeX Companion for explanation.
Type  H <return>  for immediate help.
 ...                                              
                                                  
l.598   Chưa phát sinh nội dung cầ
                                        n giải trình.
Your command was ignored.
Type  I <command> <return>  to replace it with another command,
or  <return>  to continue without it.


e:/anmh1205/IoT_Vehicle_Tracking_System/resources/reports/thesis/final/thesis-f
inal-report-condensed.tex:598: LaTeX Error: Command \acircumflex unavailable in
 encoding T1.

See the LaTeX manual or LaTeX Companion for explanation.
Type  H <return>  for immediate help.
 ...                                              
                                                  
l.598   Chưa phát sinh nội dung cầ
                                        n giải trình.
Your command was ignored.
Type  I <command> <return>  to replace it with another command,
or  <return>  to continue without it.


e:/anmh1205/IoT_Vehicle_Tracking_System/resources/reports/thesis/final/thesis-f
inal-report-condensed.tex:598: LaTeX Error: Command \h unavailable in encoding 
T1.

See the LaTeX manual or LaTeX Companion for explanation.
Type  H <return>  for immediate help.
 ...                                              
                                                  
l.598   Chưa phát sinh nội dung cần giả
                                               i trình.
Your command was ignored.
Type  I <command> <return>  to replace it with another command,
or  <return>  to continue without it.

[5

]

e:/anmh1205/IoT_Vehicle_Tracking_System/resources/reports/thesis/final/thesis-f
inal-report-condensed.tex:602: LaTeX Error: Command \OHORN unavailable in encod
ing T1.

See the LaTeX manual or LaTeX Companion for explanation.
Type  H <return>  for immediate help.
 ...                                              
                                                  
l.602 \majorheading{LỜI CAM ĐOAN}
                                    
Your command was ignored.
Type  I <command> <return>  to replace it with another command,
or  <return>  to continue without it.


e:/anmh1205/IoT_Vehicle_Tracking_System/resources/reports/thesis/final/thesis-f
inal-report-condensed.tex:602: LaTeX Error: Command \OHORN unavailable in encod
ing T1.

See the LaTeX manual or LaTeX Companion for explanation.
Type  H <return>  for immediate help.
 ...                                              
                                                  
l.602 \majorheading{LỜI CAM ĐOAN}
                                    
Your command was ignored.
Type  I <command> <return>  to replace it with another command,
or  <return>  to continue without it.


e:/anmh1205/IoT_Vehicle_Tracking_System/resources/reports/thesis/final/thesis-f
inal-report-condensed.tex:605: LaTeX Error: Command \ohorn unavailable in encod
ing T1.

See the LaTeX manual or LaTeX Companion for explanation.
Type  H <return>  for immediate help.
 ...                                              
                                                  
l.605 Mã sinh viên: 21010389 \hfill Lớ
                                          p: K15-KTCĐT2\\
Your command was ignored.
Type  I <command> <return>  to replace it with another command,
or  <return>  to continue without it.


e:/anmh1205/IoT_Vehicle_Tracking_System/resources/reports/thesis/final/thesis-f
inal-report-condensed.tex:605: LaTeX Error: Command \ohorn unavailable in encod
ing T1.

See the LaTeX manual or LaTeX Companion for explanation.
Type  H <return>  for immediate help.
 ...                                              
                                                  
l.605 Mã sinh viên: 21010389 \hfill Lớ
                                          p: K15-KTCĐT2\\
Your command was ignored.
Type  I <command> <return>  to replace it with another command,
or  <return>  to continue without it.


e:/anmh1205/IoT_Vehicle_Tracking_System/resources/reports/thesis/final/thesis-f
inal-report-condensed.tex:606: LaTeX Error: Command \acircumflex unavailable in
 encoding T1.

See the LaTeX manual or LaTeX Companion for explanation.
Type  H <return>  for immediate help.
 ...                                              
                                                  
l.606 Ngành: Kỹ thuậ
                         t Cơ Điện tử.
Your command was ignored.
Type  I <command> <return>  to replace it with another command,
or  <return>  to continue without it.


e:/anmh1205/IoT_Vehicle_Tracking_System/resources/reports/thesis/final/thesis-f
inal-report-condensed.tex:606: LaTeX Error: Command \ohorn unavailable in encod
ing T1.

See the LaTeX manual or LaTeX Companion for explanation.
Type  H <return>  for immediate help.
 ...                                              
                                                  
l.606 Ngành: Kỹ thuật Cơ
                               Điện tử.
Your command was ignored.
Type  I <command> <return>  to replace it with another command,
or  <return>  to continue without it.


e:/anmh1205/IoT_Vehicle_Tracking_System/resources/reports/thesis/final/thesis-f
inal-report-condensed.tex:606: LaTeX Error: Command \ecircumflex unavailable in
 encoding T1.

See the LaTeX manual or LaTeX Companion for explanation.
Type  H <return>  for immediate help.
 ...                                              
                                                  
l.606 Ngành: Kỹ thuật Cơ Điệ
                                     n tử.
Your command was ignored.
Type  I <command> <return>  to replace it with another command,
or  <return>  to continue without it.


e:/anmh1205/IoT_Vehicle_Tracking_System/resources/reports/thesis/final/thesis-f
inal-report-condensed.tex:606: LaTeX Error: Command \h unavailable in encoding 
T1.

See the LaTeX manual or LaTeX Companion for explanation.
Type  H <return>  for immediate help.
 ...                                              
                                                  
l.606 Ngành: Kỹ thuật Cơ Điện tử
                                           .
Your command was ignored.
Type  I <command> <return>  to replace it with another command,
or  <return>  to continue without it.


e:/anmh1205/IoT_Vehicle_Tracking_System/resources/reports/thesis/final/thesis-f
inal-report-condensed.tex:606: LaTeX Error: Command \uhorn unavailable in encod
ing T1.

See the LaTeX manual or LaTeX Companion for explanation.
Type  H <return>  for immediate help.
 ...                                              
                                                  
l.606 Ngành: Kỹ thuật Cơ Điện tử
                                           .
Your command was ignored.
Type  I <command> <return>  to replace it with another command,
or  <return>  to continue without it.


e:/anmh1205/IoT_Vehicle_Tracking_System/resources/reports/thesis/final/thesis-f
inal-report-condensed.tex:608: LaTeX Error: Command \uhorn unavailable in encod
ing T1.

See the LaTeX manual or LaTeX Companion for explanation.
Type  H <return>  for immediate help.
 ...                                              
                                                  
l.608 Tôi đã thự
                     c hiện đồ án tốt nghiệp với đề tài: Thi...

Your command was ignored.
Type  I <command> <return>  to replace it with another command,
or  <return>  to continue without it.


e:/anmh1205/IoT_Vehicle_Tracking_System/resources/reports/thesis/final/thesis-f
inal-report-condensed.tex:608: LaTeX Error: Command \ecircumflex unavailable in
 encoding T1.

See the LaTeX manual or LaTeX Companion for explanation.
Type  H <return>  for immediate help.
 ...                                              
                                                  
l.608 Tôi đã thực hiệ
                            n đồ án tốt nghiệp với đề tài: Thi...

Your command was ignored.
Type  I <command> <return>  to replace it with another command,
or  <return>  to continue without it.


e:/anmh1205/IoT_Vehicle_Tracking_System/resources/reports/thesis/final/thesis-f
inal-report-condensed.tex:608: LaTeX Error: Command \ocircumflex unavailable in
 encoding T1.

See the LaTeX manual or LaTeX Companion for explanation.
Type  H <return>  for immediate help.
 ...                                              
                                                  
l.608 Tôi đã thực hiện đồ
                                    án tốt nghiệp với đề tài: Thi...

Your command was ignored.
Type  I <command> <return>  to replace it with another command,
or  <return>  to continue without it.


e:/anmh1205/IoT_Vehicle_Tracking_System/resources/reports/thesis/final/thesis-f
inal-report-condensed.tex:608: LaTeX Error: Command \ocircumflex unavailable in
 encoding T1.

See the LaTeX manual or LaTeX Companion for explanation.
Type  H <return>  for immediate help.
 ...                                              
                                                  
l.608 Tôi đã thực hiện đồ
                                    án tốt nghiệp với đề tài: Thi...

Your command was ignored.
Type  I <command> <return>  to replace it with another command,
or  <return>  to continue without it.


e:/anmh1205/IoT_Vehicle_Tracking_System/resources/reports/thesis/final/thesis-f
inal-report-condensed.tex:608: LaTeX Error: Command \ocircumflex unavailable in
 encoding T1.

See the LaTeX manual or LaTeX Companion for explanation.
Type  H <return>  for immediate help.
 ...                                              
                                                  
l.608 Tôi đã thực hiện đồ án tố
                                            t nghiệp với đề tài: Thi...

Your command was ignored.
Type  I <command> <return>  to replace it with another command,
or  <return>  to continue without it.


e:/anmh1205/IoT_Vehicle_Tracking_System/resources/reports/thesis/final/thesis-f
inal-report-condensed.tex:608: LaTeX Error: Command \ocircumflex unavailable in
 encoding T1.

See the LaTeX manual or LaTeX Companion for explanation.
Type  H <return>  for immediate help.
 ...                                              
                                                  
l.608 Tôi đã thực hiện đồ án tố
                                            t nghiệp với đề tài: Thi...

Your command was ignored.
Type  I <command> <return>  to replace it with another command,
or  <return>  to continue without it.


e:/anmh1205/IoT_Vehicle_Tracking_System/resources/reports/thesis/final/thesis-f
inal-report-condensed.tex:608: LaTeX Error: Command \ecircumflex unavailable in
 encoding T1.

See the LaTeX manual or LaTeX Companion for explanation.
Type  H <return>  for immediate help.
 ...                                              
                                                  
l.608 ...�ã thực hiện đồ án tốt nghiệ
                                                  p với đề tài: Thiế...

Your command was ignored.
Type  I <command> <return>  to replace it with another command,
or  <return>  to continue without it.


e:/anmh1205/IoT_Vehicle_Tracking_System/resources/reports/thesis/final/thesis-f
inal-report-condensed.tex:608: LaTeX Error: Command \ohorn unavailable in encod
ing T1.

See the LaTeX manual or LaTeX Companion for explanation.
Type  H <return>  for immediate help.
 ...                                              
                                                  
l.608 ...ực hiện đồ án tốt nghiệp vớ
                                                  i đề tài: Thiết kế...

Your command was ignored.
Type  I <command> <return>  to replace it with another command,
or  <return>  to continue without it.


e:/anmh1205/IoT_Vehicle_Tracking_System/resources/reports/thesis/final/thesis-f
inal-report-condensed.tex:608: LaTeX Error: Command \ohorn unavailable in encod
ing T1.

See the LaTeX manual or LaTeX Companion for explanation.
Type  H <return>  for immediate help.
 ...                                              
                                                  
l.608 ...ực hiện đồ án tốt nghiệp vớ
                                                  i đề tài: Thiết kế...

Your command was ignored.
Type  I <command> <return>  to replace it with another command,
or  <return>  to continue without it.


e:/anmh1205/IoT_Vehicle_Tracking_System/resources/reports/thesis/final/thesis-f
inal-report-condensed.tex:608: LaTeX Error: Command \ecircumflex unavailable in
 encoding T1.

See the LaTeX manual or LaTeX Companion for explanation.
Type  H <return>  for immediate help.
 ...                                              
                                                  
l.608 ...ện đồ án tốt nghiệp với đề
                                                   tài: Thiết kế hệ t...

Your command was ignored.
Type  I <command> <return>  to replace it with another command,
or  <return>  to continue without it.


e:/anmh1205/IoT_Vehicle_Tracking_System/resources/reports/thesis/final/thesis-f
inal-report-condensed.tex:608: LaTeX Error: Command \ecircumflex unavailable in
 encoding T1.

See the LaTeX manual or LaTeX Companion for explanation.
Type  H <return>  for immediate help.
 ...                                              
                                                  
l.608 ...ện đồ án tốt nghiệp với đề
                                                   tài: Thiết kế hệ t...

Your command was ignored.
Type  I <command> <return>  to replace it with another command,
or  <return>  to continue without it.


e:/anmh1205/IoT_Vehicle_Tracking_System/resources/reports/thesis/final/thesis-f
inal-report-condensed.tex:608: LaTeX Error: Command \ecircumflex unavailable in
 encoding T1.

See the LaTeX manual or LaTeX Companion for explanation.
Type  H <return>  for immediate help.
 ...                                              
                                                  
l.608 ...n tốt nghiệp với đề tài: Thiế
                                                  t kế hệ thống IoT ch...

Your command was ignored.
Type  I <command> <return>  to replace it with another command,
or  <return>  to continue without it.


e:/anmh1205/IoT_Vehicle_Tracking_System/resources/reports/thesis/final/thesis-f
inal-report-condensed.tex:608: LaTeX Error: Command \ecircumflex unavailable in
 encoding T1.

See the LaTeX manual or LaTeX Companion for explanation.
Type  H <return>  for immediate help.
 ...                                              
                                                  
l.608 ...n tốt nghiệp với đề tài: Thiế
                                                  t kế hệ thống IoT ch...

Your command was ignored.
Type  I <command> <return>  to replace it with another command,
or  <return>  to continue without it.


e:/anmh1205/IoT_Vehicle_Tracking_System/resources/reports/thesis/final/thesis-f
inal-report-condensed.tex:608: LaTeX Error: Command \ecircumflex unavailable in
 encoding T1.

See the LaTeX manual or LaTeX Companion for explanation.
Type  H <return>  for immediate help.
 ...                                              
                                                  
l.608 ...t nghiệp với đề tài: Thiết kế
                                                   hệ thống IoT cho ứn...

Your command was ignored.
Type  I <command> <return>  to replace it with another command,
or  <return>  to continue without it.


e:/anmh1205/IoT_Vehicle_Tracking_System/resources/reports/thesis/final/thesis-f
inal-report-condensed.tex:608: LaTeX Error: Command \ecircumflex unavailable in
 encoding T1.

See the LaTeX manual or LaTeX Companion for explanation.
Type  H <return>  for immediate help.
 ...                                              
                                                  
l.608 ...t nghiệp với đề tài: Thiết kế
                                                   hệ thống IoT cho ứn...

Your command was ignored.
Type  I <command> <return>  to replace it with another command,
or  <return>  to continue without it.


e:/anmh1205/IoT_Vehicle_Tracking_System/resources/reports/thesis/final/thesis-f
inal-report-condensed.tex:608: LaTeX Error: Command \ecircumflex unavailable in
 encoding T1.

See the LaTeX manual or LaTeX Companion for explanation.
Type  H <return>  for immediate help.
 ...                                              
                                                  
l.608 ...iệp với đề tài: Thiết kế hệ
                                                   thống IoT cho ứng d�...

Your command was ignored.
Type  I <command> <return>  to replace it with another command,
or  <return>  to continue without it.


e:/anmh1205/IoT_Vehicle_Tracking_System/resources/reports/thesis/final/thesis-f
inal-report-condensed.tex:608: LaTeX Error: Command \ocircumflex unavailable in
 encoding T1.

See the LaTeX manual or LaTeX Companion for explanation.
Type  H <return>  for immediate help.
 ...                                              
                                                  
l.608 ...với đề tài: Thiết kế hệ thố
                                                  ng IoT cho ứng dụng qu...

Your command was ignored.
Type  I <command> <return>  to replace it with another command,
or  <return>  to continue without it.


e:/anmh1205/IoT_Vehicle_Tracking_System/resources/reports/thesis/final/thesis-f
inal-report-condensed.tex:608: LaTeX Error: Command \ocircumflex unavailable in
 encoding T1.

See the LaTeX manual or LaTeX Companion for explanation.
Type  H <return>  for immediate help.
 ...                                              
                                                  
l.608 ...với đề tài: Thiết kế hệ thố
                                                  ng IoT cho ứng dụng qu...

Your command was ignored.
Type  I <command> <return>  to replace it with another command,
or  <return>  to continue without it.


e:/anmh1205/IoT_Vehicle_Tracking_System/resources/reports/thesis/final/thesis-f
inal-report-condensed.tex:608: LaTeX Error: Command \uhorn unavailable in encod
ing T1.

See the LaTeX manual or LaTeX Companion for explanation.
Type  H <return>  for immediate help.
 ...                                              
                                                  
l.608 ...�i: Thiết kế hệ thống IoT cho ứ
                                                  ng dụng quản lý phư�...

Your command was ignored.
Type  I <command> <return>  to replace it with another command,
or  <return>  to continue without it.


e:/anmh1205/IoT_Vehicle_Tracking_System/resources/reports/thesis/final/thesis-f
inal-report-condensed.tex:608: LaTeX Error: Command \uhorn unavailable in encod
ing T1.

See the LaTeX manual or LaTeX Companion for explanation.
Type  H <return>  for immediate help.
 ...                                              
                                                  
l.608 ...�i: Thiết kế hệ thống IoT cho ứ
                                                  ng dụng quản lý phư�...

Your command was ignored.
Type  I <command> <return>  to replace it with another command,
or  <return>  to continue without it.


e:/anmh1205/IoT_Vehicle_Tracking_System/resources/reports/thesis/final/thesis-f
inal-report-condensed.tex:608: LaTeX Error: Command \h unavailable in encoding 
T1.

See the LaTeX manual or LaTeX Companion for explanation.
Type  H <return>  for immediate help.
 ...                                              
                                                  
l.608 ...� hệ thống IoT cho ứng dụng quả
                                                  n lý phương tiện giao...

Your command was ignored.
Type  I <command> <return>  to replace it with another command,
or  <return>  to continue without it.


e:/anmh1205/IoT_Vehicle_Tracking_System/resources/reports/thesis/final/thesis-f
inal-report-condensed.tex:608: LaTeX Error: Command \uhorn unavailable in encod
ing T1.

See the LaTeX manual or LaTeX Companion for explanation.
Type  H <return>  for immediate help.
 ...                                              
                                                  
l.608 ...��ng IoT cho ứng dụng quản lý phư
                                                  ơng tiện giao thông tr...

Your command was ignored.
Type  I <command> <return>  to replace it with another command,
or  <return>  to continue without it.


e:/anmh1205/IoT_Vehicle_Tracking_System/resources/reports/thesis/final/thesis-f
inal-report-condensed.tex:608: LaTeX Error: Command \ohorn unavailable in encod
ing T1.

See the LaTeX manual or LaTeX Companion for explanation.
Type  H <return>  for immediate help.
 ...                                              
                                                  
l.608 ...ng IoT cho ứng dụng quản lý phươ
                                                  ng tiện giao thông tron...

Your command was ignored.
Type  I <command> <return>  to replace it with another command,
or  <return>  to continue without it.


e:/anmh1205/IoT_Vehicle_Tracking_System/resources/reports/thesis/final/thesis-f
inal-report-condensed.tex:608: LaTeX Error: Command \ecircumflex unavailable in
 encoding T1.

See the LaTeX manual or LaTeX Companion for explanation.
Type  H <return>  for immediate help.
 ...                                              
                                                  
l.608 ...ho ứng dụng quản lý phương tiệ
                                                  n giao thông trong lĩnh ...

Your command was ignored.
Type  I <command> <return>  to replace it with another command,
or  <return>  to continue without it.


e:/anmh1205/IoT_Vehicle_Tracking_System/resources/reports/thesis/final/thesis-f
inal-report-condensed.tex:608: LaTeX Error: Command \uhorn unavailable in encod
ing T1.

See the LaTeX manual or LaTeX Companion for explanation.
Type  H <return>  for immediate help.
 ...                                              
                                                  
l.608 ...�ơng tiện giao thông trong lĩnh vự
                                                  c cho thuê xe tự lái.
Your command was ignored.
Type  I <command> <return>  to replace it with another command,
or  <return>  to continue without it.


e:/anmh1205/IoT_Vehicle_Tracking_System/resources/reports/thesis/final/thesis-f
inal-report-condensed.tex:608: LaTeX Error: Command \uhorn unavailable in encod
ing T1.

See the LaTeX manual or LaTeX Companion for explanation.
Type  H <return>  for immediate help.
 ...                                              
                                                  
l.608 ...hông trong lĩnh vực cho thuê xe tự
                                                   lái.
Your command was ignored.
Type  I <command> <return>  to replace it with another command,
or  <return>  to continue without it.


e:/anmh1205/IoT_Vehicle_Tracking_System/resources/reports/thesis/final/thesis-f
inal-report-condensed.tex:610: LaTeX Error: Command \ecircumflex unavailable in
 encoding T1.

See the LaTeX manual or LaTeX Companion for explanation.
Type  H <return>  for immediate help.
 ...                                              
                                                  
l.610 Tôi xin cam đoan đây là đề
                                         tài nghiên cứu của riêng tô...

Your command was ignored.
Type  I <command> <return>  to replace it with another command,
or  <return>  to continue without it.


e:/anmh1205/IoT_Vehicle_Tracking_System/resources/reports/thesis/final/thesis-f
inal-report-condensed.tex:610: LaTeX Error: Command \ecircumflex unavailable in
 encoding T1.

See the LaTeX manual or LaTeX Companion for explanation.
Type  H <return>  for immediate help.
 ...                                              
                                                  
l.610 Tôi xin cam đoan đây là đề
                                         tài nghiên cứu của riêng tô...

Your command was ignored.
Type  I <command> <return>  to replace it with another command,
or  <return>  to continue without it.


e:/anmh1205/IoT_Vehicle_Tracking_System/resources/reports/thesis/final/thesis-f
inal-report-condensed.tex:610: LaTeX Error: Command \uhorn unavailable in encod
ing T1.

See the LaTeX manual or LaTeX Companion for explanation.
Type  H <return>  for immediate help.
 ...                                              
                                                  
l.610 ...m đoan đây là đề tài nghiên cứ
                                                  u của riêng tôi và đ...

Your command was ignored.
Type  I <command> <return>  to replace it with another command,
or  <return>  to continue without it.


e:/anmh1205/IoT_Vehicle_Tracking_System/resources/reports/thesis/final/thesis-f
inal-report-condensed.tex:610: LaTeX Error: Command \uhorn unavailable in encod
ing T1.

See the LaTeX manual or LaTeX Companion for explanation.
Type  H <return>  for immediate help.
 ...                                              
                                                  
l.610 ...m đoan đây là đề tài nghiên cứ
                                                  u của riêng tôi và đ...

Your command was ignored.
Type  I <command> <return>  to replace it with another command,
or  <return>  to continue without it.


e:/anmh1205/IoT_Vehicle_Tracking_System/resources/reports/thesis/final/thesis-f
inal-report-condensed.tex:610: LaTeX Error: Command \h unavailable in encoding 
T1.

See the LaTeX manual or LaTeX Companion for explanation.
Type  H <return>  for immediate help.
 ...                                              
                                                  
l.610 ...n đây là đề tài nghiên cứu củ
                                                  a riêng tôi và được...

Your command was ignored.
Type  I <command> <return>  to replace it with another command,
or  <return>  to continue without it.


e:/anmh1205/IoT_Vehicle_Tracking_System/resources/reports/thesis/final/thesis-f
inal-report-condensed.tex:610: LaTeX Error: Command \uhorn unavailable in encod
ing T1.

See the LaTeX manual or LaTeX Companion for explanation.
Type  H <return>  for immediate help.
 ...                                              
                                                  
l.610 ... nghiên cứu của riêng tôi và đư
                                                  ợc sự hướng dẫn c...

Your command was ignored.
Type  I <command> <return>  to replace it with another command,
or  <return>  to continue without it.


e:/anmh1205/IoT_Vehicle_Tracking_System/resources/reports/thesis/final/thesis-f
inal-report-condensed.tex:610: LaTeX Error: Command \ohorn unavailable in encod
ing T1.

See the LaTeX manual or LaTeX Companion for explanation.
Type  H <return>  for immediate help.
 ...                                              
                                                  
l.610 ...hiên cứu của riêng tôi và đượ
                                                  c sự hướng dẫn củ...

Your command was ignored.
Type  I <command> <return>  to replace it with another command,
or  <return>  to continue without it.


e:/anmh1205/IoT_Vehicle_Tracking_System/resources/reports/thesis/final/thesis-f
inal-report-condensed.tex:610: LaTeX Error: Command \uhorn unavailable in encod
ing T1.

See the LaTeX manual or LaTeX Companion for explanation.
Type  H <return>  for immediate help.
 ...                                              
                                                  
l.610 ...cứu của riêng tôi và được sự
                                                   hướng dẫn của TS. ...

Your command was ignored.
Type  I <command> <return>  to replace it with another command,
or  <return>  to continue without it.


e:/anmh1205/IoT_Vehicle_Tracking_System/resources/reports/thesis/final/thesis-f
inal-report-condensed.tex:610: LaTeX Error: Command \uhorn unavailable in encod
ing T1.

See the LaTeX manual or LaTeX Companion for explanation.
Type  H <return>  for immediate help.
 ...                                              
                                                  
l.610 ...u của riêng tôi và được sự hư
                                                  ớng dẫn của TS. Nguy...

Your command was ignored.
Type  I <command> <return>  to replace it with another command,
or  <return>  to continue without it.


e:/anmh1205/IoT_Vehicle_Tracking_System/resources/reports/thesis/final/thesis-f
inal-report-condensed.tex:610: LaTeX Error: Command \ohorn unavailable in encod
ing T1.

See the LaTeX manual or LaTeX Companion for explanation.
Type  H <return>  for immediate help.
 ...                                              
                                                  
l.610 ...ủa riêng tôi và được sự hướ
                                                  ng dẫn của TS. Nguyễ...

Your command was ignored.
Type  I <command> <return>  to replace it with another command,
or  <return>  to continue without it.


e:/anmh1205/IoT_Vehicle_Tracking_System/resources/reports/thesis/final/thesis-f
inal-report-condensed.tex:610: LaTeX Error: Command \ohorn unavailable in encod
ing T1.

See the LaTeX manual or LaTeX Companion for explanation.
Type  H <return>  for immediate help.
 ...                                              
                                                  
l.610 ...ủa riêng tôi và được sự hướ
                                                  ng dẫn của TS. Nguyễ...

Your command was ignored.
Type  I <command> <return>  to replace it with another command,
or  <return>  to continue without it.


e:/anmh1205/IoT_Vehicle_Tracking_System/resources/reports/thesis/final/thesis-f
inal-report-condensed.tex:610: LaTeX Error: Command \acircumflex unavailable in
 encoding T1.

See the LaTeX manual or LaTeX Companion for explanation.
Type  H <return>  for immediate help.
 ...                                              
                                                  
l.610 ...êng tôi và được sự hướng dẫ
                                                  n của TS. Nguyễn Đứ...

Your command was ignored.
Type  I <command> <return>  to replace it with another command,
or  <return>  to continue without it.


e:/anmh1205/IoT_Vehicle_Tracking_System/resources/reports/thesis/final/thesis-f
inal-report-condensed.tex:610: LaTeX Error: Command \acircumflex unavailable in
 encoding T1.

See the LaTeX manual or LaTeX Companion for explanation.
Type  H <return>  for immediate help.
 ...                                              
                                                  
l.610 ...êng tôi và được sự hướng dẫ
                                                  n của TS. Nguyễn Đứ...

Your command was ignored.
Type  I <command> <return>  to replace it with another command,
or  <return>  to continue without it.


e:/anmh1205/IoT_Vehicle_Tracking_System/resources/reports/thesis/final/thesis-f
inal-report-condensed.tex:610: LaTeX Error: Command \h unavailable in encoding 
T1.

See the LaTeX manual or LaTeX Companion for explanation.
Type  H <return>  for immediate help.
 ...                                              
                                                  
l.610 ...ôi và được sự hướng dẫn củ
                                                  a TS. Nguyễn Đức Nam.
Your command was ignored.
Type  I <command> <return>  to replace it with another command,
or  <return>  to continue without it.


e:/anmh1205/IoT_Vehicle_Tracking_System/resources/reports/thesis/final/thesis-f
inal-report-condensed.tex:610: LaTeX Error: Command \ecircumflex unavailable in
 encoding T1.

See the LaTeX manual or LaTeX Companion for explanation.
Type  H <return>  for immediate help.
 ...                                              
                                                  
l.610 ...��c sự hướng dẫn của TS. Nguyễ
                                                  n Đức Nam.
Your command was ignored.
Type  I <command> <return>  to replace it with another command,
or  <return>  to continue without it.


e:/anmh1205/IoT_Vehicle_Tracking_System/resources/reports/thesis/final/thesis-f
inal-report-condensed.tex:610: LaTeX Error: Command \ecircumflex unavailable in
 encoding T1.

See the LaTeX manual or LaTeX Companion for explanation.
Type  H <return>  for immediate help.
 ...                                              
                                                  
l.610 ...��c sự hướng dẫn của TS. Nguyễ
                                                  n Đức Nam.
Your command was ignored.
Type  I <command> <return>  to replace it with another command,
or  <return>  to continue without it.


e:/anmh1205/IoT_Vehicle_Tracking_System/resources/reports/thesis/final/thesis-f
inal-report-condensed.tex:610: LaTeX Error: Command \uhorn unavailable in encod
ing T1.

See the LaTeX manual or LaTeX Companion for explanation.
Type  H <return>  for immediate help.
 ...                                              
                                                  
l.610 ...� hướng dẫn của TS. Nguyễn Đứ
                                                  c Nam.
Your command was ignored.
Type  I <command> <return>  to replace it with another command,
or  <return>  to continue without it.


e:/anmh1205/IoT_Vehicle_Tracking_System/resources/reports/thesis/final/thesis-f
inal-report-condensed.tex:610: LaTeX Error: Command \uhorn unavailable in encod
ing T1.

See the LaTeX manual or LaTeX Companion for explanation.
Type  H <return>  for immediate help.
 ...                                              
                                                  
l.610 ...� hướng dẫn của TS. Nguyễn Đứ
                                                  c Nam.
Your command was ignored.
Type  I <command> <return>  to replace it with another command,
or  <return>  to continue without it.


e:/anmh1205/IoT_Vehicle_Tracking_System/resources/reports/thesis/final/thesis-f
inal-report-condensed.tex:612: LaTeX Error: Command \ocircumflex unavailable in
 encoding T1.

See the LaTeX manual or LaTeX Companion for explanation.
Type  H <return>  for immediate help.
 ...                                              
                                                  
l.612 Các nộ
               i dung nghiên cứu, kết quả trong đề tài này là t...

Your command was ignored.
Type  I <command> <return>  to replace it with another command,
or  <return>  to continue without it.


e:/anmh1205/IoT_Vehicle_Tracking_System/resources/reports/thesis/final/thesis-f
inal-report-condensed.tex:612: LaTeX Error: Command \uhorn unavailable in encod
ing T1.

See the LaTeX manual or LaTeX Companion for explanation.
Type  H <return>  for immediate help.
 ...                                              
                                                  
l.612 Các nội dung nghiên cứ
                                  u, kết quả trong đề tài này là t...

Your command was ignored.
Type  I <command> <return>  to replace it with another command,
or  <return>  to continue without it.


e:/anmh1205/IoT_Vehicle_Tracking_System/resources/reports/thesis/final/thesis-f
inal-report-condensed.tex:612: LaTeX Error: Command \uhorn unavailable in encod
ing T1.

See the LaTeX manual or LaTeX Companion for explanation.
Type  H <return>  for immediate help.
 ...                                              
                                                  
l.612 Các nội dung nghiên cứ
                                  u, kết quả trong đề tài này là t...

Your command was ignored.
Type  I <command> <return>  to replace it with another command,
or  <return>  to continue without it.


e:/anmh1205/IoT_Vehicle_Tracking_System/resources/reports/thesis/final/thesis-f
inal-report-condensed.tex:612: LaTeX Error: Command \ecircumflex unavailable in
 encoding T1.

See the LaTeX manual or LaTeX Companion for explanation.
Type  H <return>  for immediate help.
 ...                                              
                                                  
l.612 Các nội dung nghiên cứu, kế
                                         t quả trong đề tài này là t...

Your command was ignored.
Type  I <command> <return>  to replace it with another command,
or  <return>  to continue without it.


e:/anmh1205/IoT_Vehicle_Tracking_System/resources/reports/thesis/final/thesis-f
inal-report-condensed.tex:612: LaTeX Error: Command \ecircumflex unavailable in
 encoding T1.

See the LaTeX manual or LaTeX Companion for explanation.
Type  H <return>  for immediate help.
 ...                                              
                                                  
l.612 Các nội dung nghiên cứu, kế
                                         t quả trong đề tài này là t...

Your command was ignored.
Type  I <command> <return>  to replace it with another command,
or  <return>  to continue without it.


e:/anmh1205/IoT_Vehicle_Tracking_System/resources/reports/thesis/final/thesis-f
inal-report-condensed.tex:612: LaTeX Error: Command \h unavailable in encoding 
T1.

See the LaTeX manual or LaTeX Companion for explanation.
Type  H <return>  for immediate help.
 ...                                              
                                                  
l.612 Các nội dung nghiên cứu, kết quả
                                                 trong đề tài này là t...

Your command was ignored.
Type  I <command> <return>  to replace it with another command,
or  <return>  to continue without it.


e:/anmh1205/IoT_Vehicle_Tracking_System/resources/reports/thesis/final/thesis-f
inal-report-condensed.tex:612: LaTeX Error: Command \ecircumflex unavailable in
 encoding T1.

See the LaTeX manual or LaTeX Companion for explanation.
Type  H <return>  for immediate help.
 ...                                              
                                                  
l.612 ...ng nghiên cứu, kết quả trong đề
                                                   tài này là trung thự...

Your command was ignored.
Type  I <command> <return>  to replace it with another command,
or  <return>  to continue without it.


e:/anmh1205/IoT_Vehicle_Tracking_System/resources/reports/thesis/final/thesis-f
inal-report-condensed.tex:612: LaTeX Error: Command \ecircumflex unavailable in
 encoding T1.

See the LaTeX manual or LaTeX Companion for explanation.
Type  H <return>  for immediate help.
 ...                                              
                                                  
l.612 ...ng nghiên cứu, kết quả trong đề
                                                   tài này là trung thự...

Your command was ignored.
Type  I <command> <return>  to replace it with another command,
or  <return>  to continue without it.


e:/anmh1205/IoT_Vehicle_Tracking_System/resources/reports/thesis/final/thesis-f
inal-report-condensed.tex:612: LaTeX Error: Command \uhorn unavailable in encod
ing T1.

See the LaTeX manual or LaTeX Companion for explanation.
Type  H <return>  for immediate help.
 ...                                              
                                                  
l.612 ...ả trong đề tài này là trung thự
                                                  c và chưa được công...

Your command was ignored.
Type  I <command> <return>  to replace it with another command,
or  <return>  to continue without it.


e:/anmh1205/IoT_Vehicle_Tracking_System/resources/reports/thesis/final/thesis-f
inal-report-condensed.tex:612: LaTeX Error: Command \uhorn unavailable in encod
ing T1.

See the LaTeX manual or LaTeX Companion for explanation.
Type  H <return>  for immediate help.
 ...                                              
                                                  
l.612 ...đề tài này là trung thực và chư
                                                  a được công bố dư�...

Your command was ignored.
Type  I <command> <return>  to replace it with another command,
or  <return>  to continue without it.


e:/anmh1205/IoT_Vehicle_Tracking_System/resources/reports/thesis/final/thesis-f
inal-report-condensed.tex:612: LaTeX Error: Command \uhorn unavailable in encod
ing T1.

See the LaTeX manual or LaTeX Companion for explanation.
Type  H <return>  for immediate help.
 ...                                              
                                                  
l.612 ...tài này là trung thực và chưa đư
                                                  ợc công bố dưới b�...

Your command was ignored.
Type  I <command> <return>  to replace it with another command,
or  <return>  to continue without it.


e:/anmh1205/IoT_Vehicle_Tracking_System/resources/reports/thesis/final/thesis-f
inal-report-condensed.tex:612: LaTeX Error: Command \ohorn unavailable in encod
ing T1.

See the LaTeX manual or LaTeX Companion for explanation.
Type  H <return>  for immediate help.
 ...                                              
                                                  
l.612 ...i này là trung thực và chưa đượ
                                                  c công bố dưới bất...

Your command was ignored.
Type  I <command> <return>  to replace it with another command,
or  <return>  to continue without it.


e:/anmh1205/IoT_Vehicle_Tracking_System/resources/reports/thesis/final/thesis-f
inal-report-condensed.tex:612: LaTeX Error: Command \ocircumflex unavailable in
 encoding T1.

See the LaTeX manual or LaTeX Companion for explanation.
Type  H <return>  for immediate help.
 ...                                              
                                                  
l.612 ...rung thực và chưa được công bố
                                                   dưới bất kỳ hình ...

Your command was ignored.
Type  I <command> <return>  to replace it with another command,
or  <return>  to continue without it.


e:/anmh1205/IoT_Vehicle_Tracking_System/resources/reports/thesis/final/thesis-f
inal-report-condensed.tex:612: LaTeX Error: Command \ocircumflex unavailable in
 encoding T1.

See the LaTeX manual or LaTeX Companion for explanation.
Type  H <return>  for immediate help.
 ...                                              
                                                  
l.612 ...rung thực và chưa được công bố
                                                   dưới bất kỳ hình ...

Your command was ignored.
Type  I <command> <return>  to replace it with another command,
or  <return>  to continue without it.


e:/anmh1205/IoT_Vehicle_Tracking_System/resources/reports/thesis/final/thesis-f
inal-report-condensed.tex:612: LaTeX Error: Command \uhorn unavailable in encod
ing T1.

See the LaTeX manual or LaTeX Companion for explanation.
Type  H <return>  for immediate help.
 ...                                              
                                                  
l.612 ... thực và chưa được công bố dư
                                                  ới bất kỳ hình th�...

Your command was ignored.
Type  I <command> <return>  to replace it with another command,
or  <return>  to continue without it.


e:/anmh1205/IoT_Vehicle_Tracking_System/resources/reports/thesis/final/thesis-f
inal-report-condensed.tex:612: LaTeX Error: Command \ohorn unavailable in encod
ing T1.

See the LaTeX manual or LaTeX Companion for explanation.
Type  H <return>  for immediate help.
 ...                                              
                                                  
l.612 ...ực và chưa được công bố dướ
                                                  i bất kỳ hình thức ...

Your command was ignored.
Type  I <command> <return>  to replace it with another command,
or  <return>  to continue without it.


e:/anmh1205/IoT_Vehicle_Tracking_System/resources/reports/thesis/final/thesis-f
inal-report-condensed.tex:612: LaTeX Error: Command \ohorn unavailable in encod
ing T1.

See the LaTeX manual or LaTeX Companion for explanation.
Type  H <return>  for immediate help.
 ...                                              
                                                  
l.612 ...ực và chưa được công bố dướ
                                                  i bất kỳ hình thức ...

Your command was ignored.
Type  I <command> <return>  to replace it with another command,
or  <return>  to continue without it.


e:/anmh1205/IoT_Vehicle_Tracking_System/resources/reports/thesis/final/thesis-f
inal-report-condensed.tex:612: LaTeX Error: Command \acircumflex unavailable in
 encoding T1.

See the LaTeX manual or LaTeX Companion for explanation.
Type  H <return>  for immediate help.
 ...                                              
                                                  
l.612 ...à chưa được công bố dưới bấ
                                                  t kỳ hình thức nào. ...

Your command was ignored.
Type  I <command> <return>  to replace it with another command,
or  <return>  to continue without it.


e:/anmh1205/IoT_Vehicle_Tracking_System/resources/reports/thesis/final/thesis-f
inal-report-condensed.tex:612: LaTeX Error: Command \acircumflex unavailable in
 encoding T1.

See the LaTeX manual or LaTeX Companion for explanation.
Type  H <return>  for immediate help.
 ...                                              
                                                  
l.612 ...à chưa được công bố dưới bấ
                                                  t kỳ hình thức nào. ...

Your command was ignored.
Type  I <command> <return>  to replace it with another command,
or  <return>  to continue without it.


e:/anmh1205/IoT_Vehicle_Tracking_System/resources/reports/thesis/final/thesis-f
inal-report-condensed.tex:612: LaTeX Error: Command \uhorn unavailable in encod
ing T1.

See the LaTeX manual or LaTeX Companion for explanation.
Type  H <return>  for immediate help.
 ...                                              
                                                  
l.612 ...công bố dưới bất kỳ hình thứ
                                                  c nào. Nếu phát hiện...

Your command was ignored.
Type  I <command> <return>  to replace it with another command,
or  <return>  to continue without it.


e:/anmh1205/IoT_Vehicle_Tracking_System/resources/reports/thesis/final/thesis-f
inal-report-condensed.tex:612: LaTeX Error: Command \uhorn unavailable in encod
ing T1.

See the LaTeX manual or LaTeX Companion for explanation.
Type  H <return>  for immediate help.
 ...                                              
                                                  
l.612 ...công bố dưới bất kỳ hình thứ
                                                  c nào. Nếu phát hiện...

Your command was ignored.
Type  I <command> <return>  to replace it with another command,
or  <return>  to continue without it.


e:/anmh1205/IoT_Vehicle_Tracking_System/resources/reports/thesis/final/thesis-f
inal-report-condensed.tex:612: LaTeX Error: Command \ecircumflex unavailable in
 encoding T1.

See the LaTeX manual or LaTeX Companion for explanation.
Type  H <return>  for immediate help.
 ...                                              
                                                  
l.612 ...ưới bất kỳ hình thức nào. Nế
                                                  u phát hiện có bất k...

Your command was ignored.
Type  I <command> <return>  to replace it with another command,
or  <return>  to continue without it.


e:/anmh1205/IoT_Vehicle_Tracking_System/resources/reports/thesis/final/thesis-f
inal-report-condensed.tex:612: LaTeX Error: Command \ecircumflex unavailable in
 encoding T1.

See the LaTeX manual or LaTeX Companion for explanation.
Type  H <return>  for immediate help.
 ...                                              
                                                  
l.612 ...ưới bất kỳ hình thức nào. Nế
                                                  u phát hiện có bất k...

Your command was ignored.
Type  I <command> <return>  to replace it with another command,
or  <return>  to continue without it.


e:/anmh1205/IoT_Vehicle_Tracking_System/resources/reports/thesis/final/thesis-f
inal-report-condensed.tex:612: LaTeX Error: Command \ecircumflex unavailable in
 encoding T1.

See the LaTeX manual or LaTeX Companion for explanation.
Type  H <return>  for immediate help.
 ...                                              
                                                  
l.612 ...kỳ hình thức nào. Nếu phát hiệ
                                                  n có bất kỳ hình th�...

Your command was ignored.
Type  I <command> <return>  to replace it with another command,
or  <return>  to continue without it.


e:/anmh1205/IoT_Vehicle_Tracking_System/resources/reports/thesis/final/thesis-f
inal-report-condensed.tex:612: LaTeX Error: Command \acircumflex unavailable in
 encoding T1.

See the LaTeX manual or LaTeX Companion for explanation.
Type  H <return>  for immediate help.
 ...                                              
                                                  
l.612 ... thức nào. Nếu phát hiện có bấ
                                                  t kỳ hình thức gian l...

Your command was ignored.
Type  I <command> <return>  to replace it with another command,
or  <return>  to continue without it.


e:/anmh1205/IoT_Vehicle_Tracking_System/resources/reports/thesis/final/thesis-f
inal-report-condensed.tex:612: LaTeX Error: Command \acircumflex unavailable in
 encoding T1.

See the LaTeX manual or LaTeX Companion for explanation.
Type  H <return>  for immediate help.
 ...                                              
                                                  
l.612 ... thức nào. Nếu phát hiện có bấ
                                                  t kỳ hình thức gian l...

Your command was ignored.
Type  I <command> <return>  to replace it with another command,
or  <return>  to continue without it.


e:/anmh1205/IoT_Vehicle_Tracking_System/resources/reports/thesis/final/thesis-f
inal-report-condensed.tex:612: LaTeX Error: Command \uhorn unavailable in encod
ing T1.

See the LaTeX manual or LaTeX Companion for explanation.
Type  H <return>  for immediate help.
 ...                                              
                                                  
l.612 ...u phát hiện có bất kỳ hình thứ
                                                  c gian lận nào, tôi xi...

Your command was ignored.
Type  I <command> <return>  to replace it with another command,
or  <return>  to continue without it.


e:/anmh1205/IoT_Vehicle_Tracking_System/resources/reports/thesis/final/thesis-f
inal-report-condensed.tex:612: LaTeX Error: Command \uhorn unavailable in encod
ing T1.

See the LaTeX manual or LaTeX Companion for explanation.
Type  H <return>  for immediate help.
 ...                                              
                                                  
l.612 ...u phát hiện có bất kỳ hình thứ
                                                  c gian lận nào, tôi xi...

Your command was ignored.
Type  I <command> <return>  to replace it with another command,
or  <return>  to continue without it.


e:/anmh1205/IoT_Vehicle_Tracking_System/resources/reports/thesis/final/thesis-f
inal-report-condensed.tex:612: LaTeX Error: Command \acircumflex unavailable in
 encoding T1.

See the LaTeX manual or LaTeX Companion for explanation.
Type  H <return>  for immediate help.
 ...                                              
                                                  
l.612 ...��n có bất kỳ hình thức gian lậ
                                                  n nào, tôi xin hoàn to�...

Your command was ignored.
Type  I <command> <return>  to replace it with another command,
or  <return>  to continue without it.


e:/anmh1205/IoT_Vehicle_Tracking_System/resources/reports/thesis/final/thesis-f
inal-report-condensed.tex:612: LaTeX Error: Command \ecircumflex unavailable in
 encoding T1.

See the LaTeX manual or LaTeX Companion for explanation.
Type  H <return>  for immediate help.
 ...                                              
                                                  
l.612 ...tôi xin hoàn toàn chịu trách nhiệ
                                                  m trước pháp luật.
Your command was ignored.
Type  I <command> <return>  to replace it with another command,
or  <return>  to continue without it.


e:/anmh1205/IoT_Vehicle_Tracking_System/resources/reports/thesis/final/thesis-f
inal-report-condensed.tex:612: LaTeX Error: Command \uhorn unavailable in encod
ing T1.

See the LaTeX manual or LaTeX Companion for explanation.
Type  H <return>  for immediate help.
 ...                                              
                                                  
l.612 ...in hoàn toàn chịu trách nhiệm trư
                                                  ớc pháp luật.
Your command was ignored.
Type  I <command> <return>  to replace it with another command,
or  <return>  to continue without it.


e:/anmh1205/IoT_Vehicle_Tracking_System/resources/reports/thesis/final/thesis-f
inal-report-condensed.tex:612: LaTeX Error: Command \ohorn unavailable in encod
ing T1.

See the LaTeX manual or LaTeX Companion for explanation.
Type  H <return>  for immediate help.
 ...                                              
                                                  
l.612 ...hoàn toàn chịu trách nhiệm trướ
                                                  c pháp luật.
Your command was ignored.
Type  I <command> <return>  to replace it with another command,
or  <return>  to continue without it.


e:/anmh1205/IoT_Vehicle_Tracking_System/resources/reports/thesis/final/thesis-f
inal-report-condensed.tex:612: LaTeX Error: Command \ohorn unavailable in encod
ing T1.

See the LaTeX manual or LaTeX Companion for explanation.
Type  H <return>  for immediate help.
 ...                                              
                                                  
l.612 ...hoàn toàn chịu trách nhiệm trướ
                                                  c pháp luật.
Your command was ignored.
Type  I <command> <return>  to replace it with another command,
or  <return>  to continue without it.


e:/anmh1205/IoT_Vehicle_Tracking_System/resources/reports/thesis/final/thesis-f
inal-report-condensed.tex:612: LaTeX Error: Command \acircumflex unavailable in
 encoding T1.

See the LaTeX manual or LaTeX Companion for explanation.
Type  H <return>  for immediate help.
 ...                                              
                                                  
l.612 ...hịu trách nhiệm trước pháp luậ
                                                  t.
Your command was ignored.
Type  I <command> <return>  to replace it with another command,
or  <return>  to continue without it.


e:/anmh1205/IoT_Vehicle_Tracking_System/resources/reports/thesis/final/thesis-f
inal-report-condensed.tex:615: LaTeX Error: Command \ocircumflex unavailable in
 encoding T1.

See the LaTeX manual or LaTeX Companion for explanation.
Type  H <return>  for immediate help.
 ...                                              
                                                  
l.615   Hà Nộ
                i, ngày \ldots, tháng \ldots năm 20\ldots
Your command was ignored.
Type  I <command> <return>  to replace it with another command,
or  <return>  to continue without it.


e:/anmh1205/IoT_Vehicle_Tracking_System/resources/reports/thesis/final/thesis-f
inal-report-condensed.tex:618: LaTeX Error: Command \h unavailable in encoding 
T1.

See the LaTeX manual or LaTeX Companion for explanation.
Type  H <return>  for immediate help.
 ...                                              
                                                  
l.618 ...n Đức Nam}{SINH VIÊN}{Lê Trọng An}
                                                  
Your command was ignored.
Type  I <command> <return>  to replace it with another command,
or  <return>  to continue without it.


e:/anmh1205/IoT_Vehicle_Tracking_System/resources/reports/thesis/final/thesis-f
inal-report-condensed.tex:618: LaTeX Error: Command \UHORN unavailable in encod
ing T1.

See the LaTeX manual or LaTeX Companion for explanation.
Type  H <return>  for immediate help.
 ...                                              
                                                  
l.618 ...n Đức Nam}{SINH VIÊN}{Lê Trọng An}
                                                  
Your command was ignored.
Type  I <command> <return>  to replace it with another command,
or  <return>  to continue without it.


e:/anmh1205/IoT_Vehicle_Tracking_System/resources/reports/thesis/final/thesis-f
inal-report-condensed.tex:618: LaTeX Error: Command \OHORN unavailable in encod
ing T1.

See the LaTeX manual or LaTeX Companion for explanation.
Type  H <return>  for immediate help.
 ...                                              
                                                  
l.618 ...n Đức Nam}{SINH VIÊN}{Lê Trọng An}
                                                  
Your command was ignored.
Type  I <command> <return>  to replace it with another command,
or  <return>  to continue without it.


e:/anmh1205/IoT_Vehicle_Tracking_System/resources/reports/thesis/final/thesis-f
inal-report-condensed.tex:618: LaTeX Error: Command \OHORN unavailable in encod
ing T1.

See the LaTeX manual or LaTeX Companion for explanation.
Type  H <return>  for immediate help.
 ...                                              
                                                  
l.618 ...n Đức Nam}{SINH VIÊN}{Lê Trọng An}
                                                  
Your command was ignored.
Type  I <command> <return>  to replace it with another command,
or  <return>  to continue without it.


e:/anmh1205/IoT_Vehicle_Tracking_System/resources/reports/thesis/final/thesis-f
inal-report-condensed.tex:618: LaTeX Error: Command \ACIRCUMFLEX unavailable in
 encoding T1.

See the LaTeX manual or LaTeX Companion for explanation.
Type  H <return>  for immediate help.
 ...                                              
                                                  
l.618 ...n Đức Nam}{SINH VIÊN}{Lê Trọng An}
                                                  
Your command was ignored.
Type  I <command> <return>  to replace it with another command,
or  <return>  to continue without it.


e:/anmh1205/IoT_Vehicle_Tracking_System/resources/reports/thesis/final/thesis-f
inal-report-condensed.tex:618: LaTeX Error: Command \ACIRCUMFLEX unavailable in
 encoding T1.

See the LaTeX manual or LaTeX Companion for explanation.
Type  H <return>  for immediate help.
 ...                                              
                                                  
l.618 ...n Đức Nam}{SINH VIÊN}{Lê Trọng An}
                                                  
Your command was ignored.
Type  I <command> <return>  to replace it with another command,
or  <return>  to continue without it.


e:/anmh1205/IoT_Vehicle_Tracking_System/resources/reports/thesis/final/thesis-f
inal-report-condensed.tex:618: LaTeX Error: Command \ecircumflex unavailable in
 encoding T1.

See the LaTeX manual or LaTeX Companion for explanation.
Type  H <return>  for immediate help.
 ...                                              
                                                  
l.618 ...n Đức Nam}{SINH VIÊN}{Lê Trọng An}
                                                  
Your command was ignored.
Type  I <command> <return>  to replace it with another command,
or  <return>  to continue without it.


e:/anmh1205/IoT_Vehicle_Tracking_System/resources/reports/thesis/final/thesis-f
inal-report-condensed.tex:618: LaTeX Error: Command \ecircumflex unavailable in
 encoding T1.

See the LaTeX manual or LaTeX Companion for explanation.
Type  H <return>  for immediate help.
 ...                                              
                                                  
l.618 ...n Đức Nam}{SINH VIÊN}{Lê Trọng An}
                                                  
Your command was ignored.
Type  I <command> <return>  to replace it with another command,
or  <return>  to continue without it.


e:/anmh1205/IoT_Vehicle_Tracking_System/resources/reports/thesis/final/thesis-f
inal-report-condensed.tex:618: LaTeX Error: Command \uhorn unavailable in encod
ing T1.

See the LaTeX manual or LaTeX Companion for explanation.
Type  H <return>  for immediate help.
 ...                                              
                                                  
l.618 ...n Đức Nam}{SINH VIÊN}{Lê Trọng An}
                                                  
Your command was ignored.
Type  I <command> <return>  to replace it with another command,
or  <return>  to continue without it.


e:/anmh1205/IoT_Vehicle_Tracking_System/resources/reports/thesis/final/thesis-f
inal-report-condensed.tex:618: LaTeX Error: Command \uhorn unavailable in encod
ing T1.

See the LaTeX manual or LaTeX Companion for explanation.
Type  H <return>  for immediate help.
 ...                                              
                                                  
l.618 ...n Đức Nam}{SINH VIÊN}{Lê Trọng An}
                                                  
Your command was ignored.
Type  I <command> <return>  to replace it with another command,
or  <return>  to continue without it.

[6


]

e:/anmh1205/IoT_Vehicle_Tracking_System/resources/reports/thesis/final/thesis-f
inal-report-condensed.tex:620: LaTeX Error: Command \ABREVE unavailable in enco
ding T1.

See the LaTeX manual or LaTeX Companion for explanation.
Type  H <return>  for immediate help.
 ...                                              
                                                  
l.620 ...ẮT ĐỒ ÁN TỐT NGHIỆP - ABSTRACT}
                                                  
Your command was ignored.
Type  I <command> <return>  to replace it with another command,
or  <return>  to continue without it.


e:/anmh1205/IoT_Vehicle_Tracking_System/resources/reports/thesis/final/thesis-f
inal-report-condensed.tex:620: LaTeX Error: Command \ABREVE unavailable in enco
ding T1.

See the LaTeX manual or LaTeX Companion for explanation.
Type  H <return>  for immediate help.
 ...                                              
                                                  
l.620 ...ẮT ĐỒ ÁN TỐT NGHIỆP - ABSTRACT}
                                                  
Your command was ignored.
Type  I <command> <return>  to replace it with another command,
or  <return>  to continue without it.


e:/anmh1205/IoT_Vehicle_Tracking_System/resources/reports/thesis/final/thesis-f
inal-report-condensed.tex:620: LaTeX Error: Command \OCIRCUMFLEX unavailable in
 encoding T1.

See the LaTeX manual or LaTeX Companion for explanation.
Type  H <return>  for immediate help.
 ...                                              
                                                  
l.620 ...ẮT ĐỒ ÁN TỐT NGHIỆP - ABSTRACT}
                                                  
Your command was ignored.
Type  I <command> <return>  to replace it with another command,
or  <return>  to continue without it.


e:/anmh1205/IoT_Vehicle_Tracking_System/resources/reports/thesis/final/thesis-f
inal-report-condensed.tex:620: LaTeX Error: Command \OCIRCUMFLEX unavailable in
 encoding T1.

See the LaTeX manual or LaTeX Companion for explanation.
Type  H <return>  for immediate help.
 ...                                              
                                                  
l.620 ...ẮT ĐỒ ÁN TỐT NGHIỆP - ABSTRACT}
                                                  
Your command was ignored.
Type  I <command> <return>  to replace it with another command,
or  <return>  to continue without it.


e:/anmh1205/IoT_Vehicle_Tracking_System/resources/reports/thesis/final/thesis-f
inal-report-condensed.tex:620: LaTeX Error: Command \OCIRCUMFLEX unavailable in
 encoding T1.

See the LaTeX manual or LaTeX Companion for explanation.
Type  H <return>  for immediate help.
 ...                                              
                                                  
l.620 ...ẮT ĐỒ ÁN TỐT NGHIỆP - ABSTRACT}
                                                  
Your command was ignored.
Type  I <command> <return>  to replace it with another command,
or  <return>  to continue without it.


e:/anmh1205/IoT_Vehicle_Tracking_System/resources/reports/thesis/final/thesis-f
inal-report-condensed.tex:620: LaTeX Error: Command \OCIRCUMFLEX unavailable in
 encoding T1.

See the LaTeX manual or LaTeX Companion for explanation.
Type  H <return>  for immediate help.
 ...                                              
                                                  
l.620 ...ẮT ĐỒ ÁN TỐT NGHIỆP - ABSTRACT}
                                                  
Your command was ignored.
Type  I <command> <return>  to replace it with another command,
or  <return>  to continue without it.


e:/anmh1205/IoT_Vehicle_Tracking_System/resources/reports/thesis/final/thesis-f
inal-report-condensed.tex:620: LaTeX Error: Command \ECIRCUMFLEX unavailable in
 encoding T1.

See the LaTeX manual or LaTeX Companion for explanation.
Type  H <return>  for immediate help.
 ...                                              
                                                  
l.620 ...ẮT ĐỒ ÁN TỐT NGHIỆP - ABSTRACT}
                                                  
Your command was ignored.
Type  I <command> <return>  to replace it with another command,
or  <return>  to continue without it.


e:/anmh1205/IoT_Vehicle_Tracking_System/resources/reports/thesis/final/thesis-f
inal-report-condensed.tex:622: LaTeX Error: Command \uhorn unavailable in encod
ing T1.

See the LaTeX manual or LaTeX Companion for explanation.
Type  H <return>  for immediate help.
 ...                                              
                                                  
l.622 Sự
           phát triển nhanh của dịch vụ cho thuê xe tự lái tạ...

Your command was ignored.
Type  I <command> <return>  to replace it with another command,
or  <return>  to continue without it.


e:/anmh1205/IoT_Vehicle_Tracking_System/resources/reports/thesis/final/thesis-f
inal-report-condensed.tex:622: LaTeX Error: Command \h unavailable in encoding 
T1.

See the LaTeX manual or LaTeX Companion for explanation.
Type  H <return>  for immediate help.
 ...                                              
                                                  
l.622 Sự phát triể
                       n nhanh của dịch vụ cho thuê xe tự lái tạ...

Your command was ignored.
Type  I <command> <return>  to replace it with another command,
or  <return>  to continue without it.


e:/anmh1205/IoT_Vehicle_Tracking_System/resources/reports/thesis/final/thesis-f
inal-report-condensed.tex:622: LaTeX Error: Command \ecircumflex unavailable in
 encoding T1.

See the LaTeX manual or LaTeX Companion for explanation.
Type  H <return>  for immediate help.
 ...                                              
                                                  
l.622 Sự phát triể
                       n nhanh của dịch vụ cho thuê xe tự lái tạ...

Your command was ignored.
Type  I <command> <return>  to replace it with another command,
or  <return>  to continue without it.


e:/anmh1205/IoT_Vehicle_Tracking_System/resources/reports/thesis/final/thesis-f
inal-report-condensed.tex:622: LaTeX Error: Command \h unavailable in encoding 
T1.

See the LaTeX manual or LaTeX Companion for explanation.
Type  H <return>  for immediate help.
 ...                                              
                                                  
l.622 Sự phát triển nhanh củ
                                   a dịch vụ cho thuê xe tự lái tạ...

Your command was ignored.
Type  I <command> <return>  to replace it with another command,
or  <return>  to continue without it.


e:/anmh1205/IoT_Vehicle_Tracking_System/resources/reports/thesis/final/thesis-f
inal-report-condensed.tex:622: LaTeX Error: Command \uhorn unavailable in encod
ing T1.

See the LaTeX manual or LaTeX Companion for explanation.
Type  H <return>  for immediate help.
 ...                                              
                                                  
l.622 ...nhanh của dịch vụ cho thuê xe tự
                                                   lái tại Việt Nam là...

Your command was ignored.
Type  I <command> <return>  to replace it with another command,
or  <return>  to continue without it.


e:/anmh1205/IoT_Vehicle_Tracking_System/resources/reports/thesis/final/thesis-f
inal-report-condensed.tex:622: LaTeX Error: Command \ecircumflex unavailable in
 encoding T1.

See the LaTeX manual or LaTeX Companion for explanation.
Type  H <return>  for immediate help.
 ...                                              
                                                  
l.622 ...h vụ cho thuê xe tự lái tại Việ
                                                  t Nam làm gia
Your command was ignored.
Type  I <command> <return>  to replace it with another command,
or  <return>  to continue without it.


e:/anmh1205/IoT_Vehicle_Tracking_System/resources/reports/thesis/final/thesis-f
inal-report-condensed.tex:623: LaTeX Error: Command \acircumflex unavailable in
 encoding T1.

See the LaTeX manual or LaTeX Companion for explanation.
Type  H <return>  for immediate help.
 ...                                              
                                                  
l.623  tăng nhu cầ
                     u giám sát phương tiện từ xa. Nhu cầu này kh...

Your command was ignored.
Type  I <command> <return>  to replace it with another command,
or  <return>  to continue without it.


e:/anmh1205/IoT_Vehicle_Tracking_System/resources/reports/thesis/final/thesis-f
inal-report-condensed.tex:623: LaTeX Error: Command \acircumflex unavailable in
 encoding T1.

See the LaTeX manual or LaTeX Companion for explanation.
Type  H <return>  for immediate help.
 ...                                              
                                                  
l.623  tăng nhu cầ
                     u giám sát phương tiện từ xa. Nhu cầu này kh...

Your command was ignored.
Type  I <command> <return>  to replace it with another command,
or  <return>  to continue without it.


e:/anmh1205/IoT_Vehicle_Tracking_System/resources/reports/thesis/final/thesis-f
inal-report-condensed.tex:623: LaTeX Error: Command \uhorn unavailable in encod
ing T1.

See the LaTeX manual or LaTeX Companion for explanation.
Type  H <return>  for immediate help.
 ...                                              
                                                  
l.623  tăng nhu cầu giám sát phư
                                      ơng tiện từ xa. Nhu cầu này kh...

Your command was ignored.
Type  I <command> <return>  to replace it with another command,
or  <return>  to continue without it.


e:/anmh1205/IoT_Vehicle_Tracking_System/resources/reports/thesis/final/thesis-f
inal-report-condensed.tex:623: LaTeX Error: Command \ohorn unavailable in encod
ing T1.

See the LaTeX manual or LaTeX Companion for explanation.
Type  H <return>  for immediate help.
 ...                                              
                                                  
l.623  tăng nhu cầu giám sát phươ
                                        ng tiện từ xa. Nhu cầu này kh...

Your command was ignored.
Type  I <command> <return>  to replace it with another command,
or  <return>  to continue without it.


e:/anmh1205/IoT_Vehicle_Tracking_System/resources/reports/thesis/final/thesis-f
inal-report-condensed.tex:623: LaTeX Error: Command \ecircumflex unavailable in
 encoding T1.

See the LaTeX manual or LaTeX Companion for explanation.
Type  H <return>  for immediate help.
 ...                                              
                                                  
l.623  tăng nhu cầu giám sát phương tiệ
                                                n từ xa. Nhu cầu này kh...

Your command was ignored.
Type  I <command> <return>  to replace it with another command,
or  <return>  to continue without it.


e:/anmh1205/IoT_Vehicle_Tracking_System/resources/reports/thesis/final/thesis-f
inal-report-condensed.tex:623: LaTeX Error: Command \uhorn unavailable in encod
ing T1.

See the LaTeX manual or LaTeX Companion for explanation.
Type  H <return>  for immediate help.
 ...                                              
                                                  
l.623 ...nhu cầu giám sát phương tiện từ
                                                   xa. Nhu cầu này không...

Your command was ignored.
Type  I <command> <return>  to replace it with another command,
or  <return>  to continue without it.


e:/anmh1205/IoT_Vehicle_Tracking_System/resources/reports/thesis/final/thesis-f
inal-report-condensed.tex:623: LaTeX Error: Command \uhorn unavailable in encod
ing T1.

See the LaTeX manual or LaTeX Companion for explanation.
Type  H <return>  for immediate help.
 ...                                              
                                                  
l.623 ...nhu cầu giám sát phương tiện từ
                                                   xa. Nhu cầu này không...

Your command was ignored.
Type  I <command> <return>  to replace it with another command,
or  <return>  to continue without it.


e:/anmh1205/IoT_Vehicle_Tracking_System/resources/reports/thesis/final/thesis-f
inal-report-condensed.tex:623: LaTeX Error: Command \acircumflex unavailable in
 encoding T1.

See the LaTeX manual or LaTeX Companion for explanation.
Type  H <return>  for immediate help.
 ...                                              
                                                  
l.623 ...�m sát phương tiện từ xa. Nhu cầ
                                                  u này không chỉ dừng...

Your command was ignored.
Type  I <command> <return>  to replace it with another command,
or  <return>  to continue without it.


e:/anmh1205/IoT_Vehicle_Tracking_System/resources/reports/thesis/final/thesis-f
inal-report-condensed.tex:623: LaTeX Error: Command \acircumflex unavailable in
 encoding T1.

See the LaTeX manual or LaTeX Companion for explanation.
Type  H <return>  for immediate help.
 ...                                              
                                                  
l.623 ...�m sát phương tiện từ xa. Nhu cầ
                                                  u này không chỉ dừng...

Your command was ignored.
Type  I <command> <return>  to replace it with another command,
or  <return>  to continue without it.


e:/anmh1205/IoT_Vehicle_Tracking_System/resources/reports/thesis/final/thesis-f
inal-report-condensed.tex:623: LaTeX Error: Command \h unavailable in encoding 
T1.

See the LaTeX manual or LaTeX Companion for explanation.
Type  H <return>  for immediate help.
 ...                                              
                                                  
l.623 ...ện từ xa. Nhu cầu này không chỉ
                                                   dừng ở
Your command was ignored.
Type  I <command> <return>  to replace it with another command,
or  <return>  to continue without it.


e:/anmh1205/IoT_Vehicle_Tracking_System/resources/reports/thesis/final/thesis-f
inal-report-condensed.tex:623: LaTeX Error: Command \uhorn unavailable in encod
ing T1.

See the LaTeX manual or LaTeX Companion for explanation.
Type  H <return>  for immediate help.
 ...                                              
                                                  
l.623 ...từ xa. Nhu cầu này không chỉ dừ
                                                  ng ở
Your command was ignored.
Type  I <command> <return>  to replace it with another command,
or  <return>  to continue without it.


e:/anmh1205/IoT_Vehicle_Tracking_System/resources/reports/thesis/final/thesis-f
inal-report-condensed.tex:623: LaTeX Error: Command \uhorn unavailable in encod
ing T1.

See the LaTeX manual or LaTeX Companion for explanation.
Type  H <return>  for immediate help.
 ...                                              
                                                  
l.623 ...từ xa. Nhu cầu này không chỉ dừ
                                                  ng ở
Your command was ignored.
Type  I <command> <return>  to replace it with another command,
or  <return>  to continue without it.


e:/anmh1205/IoT_Vehicle_Tracking_System/resources/reports/thesis/final/thesis-f
inal-report-condensed.tex:623: LaTeX Error: Command \h unavailable in encoding 
T1.

See the LaTeX manual or LaTeX Companion for explanation.
Type  H <return>  for immediate help.
 ...                                              
                                                  
l.623 ...a. Nhu cầu này không chỉ dừng ở
                                                  
Your command was ignored.
Type  I <command> <return>  to replace it with another command,
or  <return>  to continue without it.


e:/anmh1205/IoT_Vehicle_Tracking_System/resources/reports/thesis/final/thesis-f
inal-report-condensed.tex:623: LaTeX Error: Command \ohorn unavailable in encod
ing T1.

See the LaTeX manual or LaTeX Companion for explanation.
Type  H <return>  for immediate help.
 ...                                              
                                                  
l.623 ...a. Nhu cầu này không chỉ dừng ở
                                                  
Your command was ignored.
Type  I <command> <return>  to replace it with another command,
or  <return>  to continue without it.


e:/anmh1205/IoT_Vehicle_Tracking_System/resources/reports/thesis/final/thesis-f
inal-report-condensed.tex:624: LaTeX Error: Command \ecircumflex unavailable in
 encoding T1.

See the LaTeX manual or LaTeX Companion for explanation.
Type  H <return>  for immediate help.
 ...                                              
                                                  
l.624 việ
           c xác định vị trí xe, mà còn bao gồm theo dõi trạng...

Your command was ignored.
Type  I <command> <return>  to replace it with another command,
or  <return>  to continue without it.


e:/anmh1205/IoT_Vehicle_Tracking_System/resources/reports/thesis/final/thesis-f
inal-report-condensed.tex:624: LaTeX Error: Command \ocircumflex unavailable in
 encoding T1.

See the LaTeX manual or LaTeX Companion for explanation.
Type  H <return>  for immediate help.
 ...                                              
                                                  
l.624 ...c định vị trí xe, mà còn bao gồ
                                                  m theo dõi trạng thái ...

Your command was ignored.
Type  I <command> <return>  to replace it with another command,
or  <return>  to continue without it.


e:/anmh1205/IoT_Vehicle_Tracking_System/resources/reports/thesis/final/thesis-f
inal-report-condensed.tex:624: LaTeX Error: Command \ocircumflex unavailable in
 encoding T1.

See the LaTeX manual or LaTeX Companion for explanation.
Type  H <return>  for immediate help.
 ...                                              
                                                  
l.624 ...c định vị trí xe, mà còn bao gồ
                                                  m theo dõi trạng thái ...

Your command was ignored.
Type  I <command> <return>  to replace it with another command,
or  <return>  to continue without it.


e:/anmh1205/IoT_Vehicle_Tracking_System/resources/reports/thesis/final/thesis-f
inal-report-condensed.tex:624: LaTeX Error: Command \acircumflex unavailable in
 encoding T1.

See the LaTeX manual or LaTeX Companion for explanation.
Type  H <return>  for immediate help.
 ...                                              
                                                  
l.624 ...�n bao gồm theo dõi trạng thái vậ
                                                  n hành và
Your command was ignored.
Type  I <command> <return>  to replace it with another command,
or  <return>  to continue without it.


e:/anmh1205/IoT_Vehicle_Tracking_System/resources/reports/thesis/final/thesis-f
inal-report-condensed.tex:625: LaTeX Error: Command \ecircumflex unavailable in
 encoding T1.

See the LaTeX manual or LaTeX Companion for explanation.
Type  H <return>  for immediate help.
 ...                                              
                                                  
l.625 phát hiệ
                 n sớm các dấu hiệu bất thường. Từ yêu cầu ...

Your command was ignored.
Type  I <command> <return>  to replace it with another command,
or  <return>  to continue without it.


e:/anmh1205/IoT_Vehicle_Tracking_System/resources/reports/thesis/final/thesis-f
inal-report-condensed.tex:625: LaTeX Error: Command \ohorn unavailable in encod
ing T1.

See the LaTeX manual or LaTeX Companion for explanation.
Type  H <return>  for immediate help.
 ...                                              
                                                  
l.625 phát hiện sớ
                       m các dấu hiệu bất thường. Từ yêu cầu ...

Your command was ignored.
Type  I <command> <return>  to replace it with another command,
or  <return>  to continue without it.


e:/anmh1205/IoT_Vehicle_Tracking_System/resources/reports/thesis/final/thesis-f
inal-report-condensed.tex:625: LaTeX Error: Command \ohorn unavailable in encod
ing T1.

See the LaTeX manual or LaTeX Companion for explanation.
Type  H <return>  for immediate help.
 ...                                              
                                                  
l.625 phát hiện sớ
                       m các dấu hiệu bất thường. Từ yêu cầu ...

Your command was ignored.
Type  I <command> <return>  to replace it with another command,
or  <return>  to continue without it.


e:/anmh1205/IoT_Vehicle_Tracking_System/resources/reports/thesis/final/thesis-f
inal-report-condensed.tex:625: LaTeX Error: Command \acircumflex unavailable in
 encoding T1.

See the LaTeX manual or LaTeX Companion for explanation.
Type  H <return>  for immediate help.
 ...                                              
                                                  
l.625 phát hiện sớm các dấ
                                  u hiệu bất thường. Từ yêu cầu ...

Your command was ignored.
Type  I <command> <return>  to replace it with another command,
or  <return>  to continue without it.


e:/anmh1205/IoT_Vehicle_Tracking_System/resources/reports/thesis/final/thesis-f
inal-report-condensed.tex:625: LaTeX Error: Command \acircumflex unavailable in
 encoding T1.

See the LaTeX manual or LaTeX Companion for explanation.
Type  H <return>  for immediate help.
 ...                                              
                                                  
l.625 phát hiện sớm các dấ
                                  u hiệu bất thường. Từ yêu cầu ...

Your command was ignored.
Type  I <command> <return>  to replace it with another command,
or  <return>  to continue without it.


e:/anmh1205/IoT_Vehicle_Tracking_System/resources/reports/thesis/final/thesis-f
inal-report-condensed.tex:625: LaTeX Error: Command \ecircumflex unavailable in
 encoding T1.

See the LaTeX manual or LaTeX Companion for explanation.
Type  H <return>  for immediate help.
 ...                                              
                                                  
l.625 phát hiện sớm các dấu hiệ
                                         u bất thường. Từ yêu cầu ...

Your command was ignored.
Type  I <command> <return>  to replace it with another command,
or  <return>  to continue without it.


e:/anmh1205/IoT_Vehicle_Tracking_System/resources/reports/thesis/final/thesis-f
inal-report-condensed.tex:625: LaTeX Error: Command \acircumflex unavailable in
 encoding T1.

See the LaTeX manual or LaTeX Companion for explanation.
Type  H <return>  for immediate help.
 ...                                              
                                                  
l.625 phát hiện sớm các dấu hiệu bấ
                                               t thường. Từ yêu cầu ...

Your command was ignored.
Type  I <command> <return>  to replace it with another command,
or  <return>  to continue without it.


e:/anmh1205/IoT_Vehicle_Tracking_System/resources/reports/thesis/final/thesis-f
inal-report-condensed.tex:625: LaTeX Error: Command \acircumflex unavailable in
 encoding T1.

See the LaTeX manual or LaTeX Companion for explanation.
Type  H <return>  for immediate help.
 ...                                              
                                                  
l.625 phát hiện sớm các dấu hiệu bấ
                                               t thường. Từ yêu cầu ...

Your command was ignored.
Type  I <command> <return>  to replace it with another command,
or  <return>  to continue without it.


e:/anmh1205/IoT_Vehicle_Tracking_System/resources/reports/thesis/final/thesis-f
inal-report-condensed.tex:625: LaTeX Error: Command \uhorn unavailable in encod
ing T1.

See the LaTeX manual or LaTeX Companion for explanation.
Type  H <return>  for immediate help.
 ...                                              
                                                  
l.625 ...hiện sớm các dấu hiệu bất thư
                                                  ờng. Từ yêu cầu đ�...

Your command was ignored.
Type  I <command> <return>  to replace it with another command,
or  <return>  to continue without it.


e:/anmh1205/IoT_Vehicle_Tracking_System/resources/reports/thesis/final/thesis-f
inal-report-condensed.tex:625: LaTeX Error: Command \ohorn unavailable in encod
ing T1.

See the LaTeX manual or LaTeX Companion for explanation.
Type  H <return>  for immediate help.
 ...                                              
                                                  
l.625 ...��n sớm các dấu hiệu bất thườ
                                                  ng. Từ yêu cầu đó, ...

Your command was ignored.
Type  I <command> <return>  to replace it with another command,
or  <return>  to continue without it.


e:/anmh1205/IoT_Vehicle_Tracking_System/resources/reports/thesis/final/thesis-f
inal-report-condensed.tex:625: LaTeX Error: Command \ohorn unavailable in encod
ing T1.

See the LaTeX manual or LaTeX Companion for explanation.
Type  H <return>  for immediate help.
 ...                                              
                                                  
l.625 ...��n sớm các dấu hiệu bất thườ
                                                  ng. Từ yêu cầu đó, ...

Your command was ignored.
Type  I <command> <return>  to replace it with another command,
or  <return>  to continue without it.


e:/anmh1205/IoT_Vehicle_Tracking_System/resources/reports/thesis/final/thesis-f
inal-report-condensed.tex:625: LaTeX Error: Command \uhorn unavailable in encod
ing T1.

See the LaTeX manual or LaTeX Companion for explanation.
Type  H <return>  for immediate help.
 ...                                              
                                                  
l.625 ...m các dấu hiệu bất thường. Từ
                                                   yêu cầu đó, đồ á...

Your command was ignored.
Type  I <command> <return>  to replace it with another command,
or  <return>  to continue without it.


e:/anmh1205/IoT_Vehicle_Tracking_System/resources/reports/thesis/final/thesis-f
inal-report-condensed.tex:625: LaTeX Error: Command \uhorn unavailable in encod
ing T1.

See the LaTeX manual or LaTeX Companion for explanation.
Type  H <return>  for immediate help.
 ...                                              
                                                  
l.625 ...m các dấu hiệu bất thường. Từ
                                                   yêu cầu đó, đồ á...

Your command was ignored.
Type  I <command> <return>  to replace it with another command,
or  <return>  to continue without it.


e:/anmh1205/IoT_Vehicle_Tracking_System/resources/reports/thesis/final/thesis-f
inal-report-condensed.tex:625: LaTeX Error: Command \acircumflex unavailable in
 encoding T1.

See the LaTeX manual or LaTeX Companion for explanation.
Type  H <return>  for immediate help.
 ...                                              
                                                  
l.625 ...�u hiệu bất thường. Từ yêu cầ
                                                  u đó, đồ án trình bày

Your command was ignored.
Type  I <command> <return>  to replace it with another command,
or  <return>  to continue without it.


e:/anmh1205/IoT_Vehicle_Tracking_System/resources/reports/thesis/final/thesis-f
inal-report-condensed.tex:625: LaTeX Error: Command \acircumflex unavailable in
 encoding T1.

See the LaTeX manual or LaTeX Companion for explanation.
Type  H <return>  for immediate help.
 ...                                              
                                                  
l.625 ...�u hiệu bất thường. Từ yêu cầ
                                                  u đó, đồ án trình bày

Your command was ignored.
Type  I <command> <return>  to replace it with another command,
or  <return>  to continue without it.


e:/anmh1205/IoT_Vehicle_Tracking_System/resources/reports/thesis/final/thesis-f
inal-report-condensed.tex:625: LaTeX Error: Command \ocircumflex unavailable in
 encoding T1.

See the LaTeX manual or LaTeX Companion for explanation.
Type  H <return>  for immediate help.
 ...                                              
                                                  
l.625 ...�t thường. Từ yêu cầu đó, đồ
                                                   án trình bày
Your command was ignored.
Type  I <command> <return>  to replace it with another command,
or  <return>  to continue without it.


e:/anmh1205/IoT_Vehicle_Tracking_System/resources/reports/thesis/final/thesis-f
inal-report-condensed.tex:625: LaTeX Error: Command \ocircumflex unavailable in
 encoding T1.

See the LaTeX manual or LaTeX Companion for explanation.
Type  H <return>  for immediate help.
 ...                                              
                                                  
l.625 ...�t thường. Từ yêu cầu đó, đồ
                                                   án trình bày
Your command was ignored.
Type  I <command> <return>  to replace it with another command,
or  <return>  to continue without it.


e:/anmh1205/IoT_Vehicle_Tracking_System/resources/reports/thesis/final/thesis-f
inal-report-condensed.tex:626: LaTeX Error: Command \ecircumflex unavailable in
 encoding T1.

See the LaTeX manual or LaTeX Companion for explanation.
Type  H <return>  for immediate help.
 ...                                              
                                                  
l.626 quá trình thiế
                        t kế và triển khai một hệ thống giám sá...

Your command was ignored.
Type  I <command> <return>  to replace it with another command,
or  <return>  to continue without it.


e:/anmh1205/IoT_Vehicle_Tracking_System/resources/reports/thesis/final/thesis-f
inal-report-condensed.tex:626: LaTeX Error: Command \ecircumflex unavailable in
 encoding T1.

See the LaTeX manual or LaTeX Companion for explanation.
Type  H <return>  for immediate help.
 ...                                              
                                                  
l.626 quá trình thiế
                        t kế và triển khai một hệ thống giám sá...

Your command was ignored.
Type  I <command> <return>  to replace it with another command,
or  <return>  to continue without it.


e:/anmh1205/IoT_Vehicle_Tracking_System/resources/reports/thesis/final/thesis-f
inal-report-condensed.tex:626: LaTeX Error: Command \ecircumflex unavailable in
 encoding T1.

See the LaTeX manual or LaTeX Companion for explanation.
Type  H <return>  for immediate help.
 ...                                              
                                                  
l.626 quá trình thiết kế
                               và triển khai một hệ thống giám sá...

Your command was ignored.
Type  I <command> <return>  to replace it with another command,
or  <return>  to continue without it.


e:/anmh1205/IoT_Vehicle_Tracking_System/resources/reports/thesis/final/thesis-f
inal-report-condensed.tex:626: LaTeX Error: Command \ecircumflex unavailable in
 encoding T1.

See the LaTeX manual or LaTeX Companion for explanation.
Type  H <return>  for immediate help.
 ...                                              
                                                  
l.626 quá trình thiết kế
                               và triển khai một hệ thống giám sá...

Your command was ignored.
Type  I <command> <return>  to replace it with another command,
or  <return>  to continue without it.


e:/anmh1205/IoT_Vehicle_Tracking_System/resources/reports/thesis/final/thesis-f
inal-report-condensed.tex:626: LaTeX Error: Command \h unavailable in encoding 
T1.

See the LaTeX manual or LaTeX Companion for explanation.
Type  H <return>  for immediate help.
 ...                                              
                                                  
l.626 quá trình thiết kế và triể
                                         n khai một hệ thống giám sá...

Your command was ignored.
Type  I <command> <return>  to replace it with another command,
or  <return>  to continue without it.


e:/anmh1205/IoT_Vehicle_Tracking_System/resources/reports/thesis/final/thesis-f
inal-report-condensed.tex:626: LaTeX Error: Command \ecircumflex unavailable in
 encoding T1.

See the LaTeX manual or LaTeX Companion for explanation.
Type  H <return>  for immediate help.
 ...                                              
                                                  
l.626 quá trình thiết kế và triể
                                         n khai một hệ thống giám sá...

Your command was ignored.
Type  I <command> <return>  to replace it with another command,
or  <return>  to continue without it.


e:/anmh1205/IoT_Vehicle_Tracking_System/resources/reports/thesis/final/thesis-f
inal-report-condensed.tex:626: LaTeX Error: Command \ocircumflex unavailable in
 encoding T1.

See the LaTeX manual or LaTeX Companion for explanation.
Type  H <return>  for immediate help.
 ...                                              
                                                  
l.626 ...trình thiết kế và triển khai mộ
                                                  t hệ thống giám sát ...

Your command was ignored.
Type  I <command> <return>  to replace it with another command,
or  <return>  to continue without it.


e:/anmh1205/IoT_Vehicle_Tracking_System/resources/reports/thesis/final/thesis-f
inal-report-condensed.tex:626: LaTeX Error: Command \ecircumflex unavailable in
 encoding T1.

See the LaTeX manual or LaTeX Companion for explanation.
Type  H <return>  for immediate help.
 ...                                              
                                                  
l.626 ... thiết kế và triển khai một hệ
                                                   thống giám sát phươ...

Your command was ignored.
Type  I <command> <return>  to replace it with another command,
or  <return>  to continue without it.


e:/anmh1205/IoT_Vehicle_Tracking_System/resources/reports/thesis/final/thesis-f
inal-report-condensed.tex:626: LaTeX Error: Command \ocircumflex unavailable in
 encoding T1.

See the LaTeX manual or LaTeX Companion for explanation.
Type  H <return>  for immediate help.
 ...                                              
                                                  
l.626 ...�t kế và triển khai một hệ thố
                                                  ng giám sát phương ti�...

Your command was ignored.
Type  I <command> <return>  to replace it with another command,
or  <return>  to continue without it.


e:/anmh1205/IoT_Vehicle_Tracking_System/resources/reports/thesis/final/thesis-f
inal-report-condensed.tex:626: LaTeX Error: Command \ocircumflex unavailable in
 encoding T1.

See the LaTeX manual or LaTeX Companion for explanation.
Type  H <return>  for immediate help.
 ...                                              
                                                  
l.626 ...�t kế và triển khai một hệ thố
                                                  ng giám sát phương ti�...

Your command was ignored.
Type  I <command> <return>  to replace it with another command,
or  <return>  to continue without it.


e:/anmh1205/IoT_Vehicle_Tracking_System/resources/reports/thesis/final/thesis-f
inal-report-condensed.tex:626: LaTeX Error: Command \uhorn unavailable in encod
ing T1.

See the LaTeX manual or LaTeX Companion for explanation.
Type  H <return>  for immediate help.
 ...                                              
                                                  
l.626 ...n khai một hệ thống giám sát phư
                                                  ơng tiện theo
Your command was ignored.
Type  I <command> <return>  to replace it with another command,
or  <return>  to continue without it.


e:/anmh1205/IoT_Vehicle_Tracking_System/resources/reports/thesis/final/thesis-f
inal-report-condensed.tex:626: LaTeX Error: Command \ohorn unavailable in encod
ing T1.

See the LaTeX manual or LaTeX Companion for explanation.
Type  H <return>  for immediate help.
 ...                                              
                                                  
l.626 ...khai một hệ thống giám sát phươ
                                                  ng tiện theo
Your command was ignored.
Type  I <command> <return>  to replace it with another command,
or  <return>  to continue without it.


e:/anmh1205/IoT_Vehicle_Tracking_System/resources/reports/thesis/final/thesis-f
inal-report-condensed.tex:626: LaTeX Error: Command \ecircumflex unavailable in
 encoding T1.

See the LaTeX manual or LaTeX Companion for explanation.
Type  H <return>  for immediate help.
 ...                                              
                                                  
l.626 ...�t hệ thống giám sát phương tiệ
                                                  n theo
Your command was ignored.
Type  I <command> <return>  to replace it with another command,
or  <return>  to continue without it.


e:/anmh1205/IoT_Vehicle_Tracking_System/resources/reports/thesis/final/thesis-f
inal-report-condensed.tex:627: LaTeX Error: Command \ecircumflex unavailable in
 encoding T1.

See the LaTeX manual or LaTeX Companion for explanation.
Type  H <return>  for immediate help.
 ...                                              
                                                  
l.627 kiế
           n trúc tích hợp, bao gồm thiết bị gắn trên xe, hạ ...

Your command was ignored.
Type  I <command> <return>  to replace it with another command,
or  <return>  to continue without it.


e:/anmh1205/IoT_Vehicle_Tracking_System/resources/reports/thesis/final/thesis-f
inal-report-condensed.tex:627: LaTeX Error: Command \ecircumflex unavailable in
 encoding T1.

See the LaTeX manual or LaTeX Companion for explanation.
Type  H <return>  for immediate help.
 ...                                              
                                                  
l.627 kiế
           n trúc tích hợp, bao gồm thiết bị gắn trên xe, hạ ...

Your command was ignored.
Type  I <command> <return>  to replace it with another command,
or  <return>  to continue without it.


e:/anmh1205/IoT_Vehicle_Tracking_System/resources/reports/thesis/final/thesis-f
inal-report-condensed.tex:627: LaTeX Error: Command \ohorn unavailable in encod
ing T1.

See the LaTeX manual or LaTeX Companion for explanation.
Type  H <return>  for immediate help.
 ...                                              
                                                  
l.627 kiến trúc tích hợ
                             p, bao gồm thiết bị gắn trên xe, hạ ...

Your command was ignored.
Type  I <command> <return>  to replace it with another command,
or  <return>  to continue without it.


e:/anmh1205/IoT_Vehicle_Tracking_System/resources/reports/thesis/final/thesis-f
inal-report-condensed.tex:627: LaTeX Error: Command \ocircumflex unavailable in
 encoding T1.

See the LaTeX manual or LaTeX Companion for explanation.
Type  H <return>  for immediate help.
 ...                                              
                                                  
l.627 kiến trúc tích hợp, bao gồ
                                        m thiết bị gắn trên xe, hạ ...

Your command was ignored.
Type  I <command> <return>  to replace it with another command,
or  <return>  to continue without it.


e:/anmh1205/IoT_Vehicle_Tracking_System/resources/reports/thesis/final/thesis-f
inal-report-condensed.tex:627: LaTeX Error: Command \ocircumflex unavailable in
 encoding T1.

See the LaTeX manual or LaTeX Companion for explanation.
Type  H <return>  for immediate help.
 ...                                              
                                                  
l.627 kiến trúc tích hợp, bao gồ
                                        m thiết bị gắn trên xe, hạ ...

Your command was ignored.
Type  I <command> <return>  to replace it with another command,
or  <return>  to continue without it.


e:/anmh1205/IoT_Vehicle_Tracking_System/resources/reports/thesis/final/thesis-f
inal-report-condensed.tex:627: LaTeX Error: Command \ecircumflex unavailable in
 encoding T1.

See the LaTeX manual or LaTeX Companion for explanation.
Type  H <return>  for immediate help.
 ...                                              
                                                  
l.627 kiến trúc tích hợp, bao gồm thiế
                                                t bị gắn trên xe, hạ ...

Your command was ignored.
Type  I <command> <return>  to replace it with another command,
or  <return>  to continue without it.


e:/anmh1205/IoT_Vehicle_Tracking_System/resources/reports/thesis/final/thesis-f
inal-report-condensed.tex:627: LaTeX Error: Command \ecircumflex unavailable in
 encoding T1.

See the LaTeX manual or LaTeX Companion for explanation.
Type  H <return>  for immediate help.
 ...                                              
                                                  
l.627 kiến trúc tích hợp, bao gồm thiế
                                                t bị gắn trên xe, hạ ...

Your command was ignored.
Type  I <command> <return>  to replace it with another command,
or  <return>  to continue without it.


e:/anmh1205/IoT_Vehicle_Tracking_System/resources/reports/thesis/final/thesis-f
inal-report-condensed.tex:627: LaTeX Error: Command \abreve unavailable in enco
ding T1.

See the LaTeX manual or LaTeX Companion for explanation.
Type  H <return>  for immediate help.
 ...                                              
                                                  
l.627 ... tích hợp, bao gồm thiết bị gắ
                                                  n trên xe, hạ tầng m�...

Your command was ignored.
Type  I <command> <return>  to replace it with another command,
or  <return>  to continue without it.


e:/anmh1205/IoT_Vehicle_Tracking_System/resources/reports/thesis/final/thesis-f
inal-report-condensed.tex:627: LaTeX Error: Command \abreve unavailable in enco
ding T1.

See the LaTeX manual or LaTeX Companion for explanation.
Type  H <return>  for immediate help.
 ...                                              
                                                  
l.627 ... tích hợp, bao gồm thiết bị gắ
                                                  n trên xe, hạ tầng m�...

Your command was ignored.
Type  I <command> <return>  to replace it with another command,
or  <return>  to continue without it.


e:/anmh1205/IoT_Vehicle_Tracking_System/resources/reports/thesis/final/thesis-f
inal-report-condensed.tex:627: LaTeX Error: Command \acircumflex unavailable in
 encoding T1.

See the LaTeX manual or LaTeX Companion for explanation.
Type  H <return>  for immediate help.
 ...                                              
                                                  
l.627 ...�m thiết bị gắn trên xe, hạ tầ
                                                  ng máy chủ tiếp
Your command was ignored.
Type  I <command> <return>  to replace it with another command,
or  <return>  to continue without it.


e:/anmh1205/IoT_Vehicle_Tracking_System/resources/reports/thesis/final/thesis-f
inal-report-condensed.tex:627: LaTeX Error: Command \acircumflex unavailable in
 encoding T1.

See the LaTeX manual or LaTeX Companion for explanation.
Type  H <return>  for immediate help.
 ...                                              
                                                  
l.627 ...�m thiết bị gắn trên xe, hạ tầ
                                                  ng máy chủ tiếp
Your command was ignored.
Type  I <command> <return>  to replace it with another command,
or  <return>  to continue without it.


e:/anmh1205/IoT_Vehicle_Tracking_System/resources/reports/thesis/final/thesis-f
inal-report-condensed.tex:627: LaTeX Error: Command \h unavailable in encoding 
T1.

See the LaTeX manual or LaTeX Companion for explanation.
Type  H <return>  for immediate help.
 ...                                              
                                                  
l.627 ...�� gắn trên xe, hạ tầng máy chủ
                                                   tiếp
Your command was ignored.
Type  I <command> <return>  to replace it with another command,
or  <return>  to continue without it.


e:/anmh1205/IoT_Vehicle_Tracking_System/resources/reports/thesis/final/thesis-f
inal-report-condensed.tex:627: LaTeX Error: Command \ecircumflex unavailable in
 encoding T1.

See the LaTeX manual or LaTeX Companion for explanation.
Type  H <return>  for immediate help.
 ...                                              
                                                  
l.627 ...�n trên xe, hạ tầng máy chủ tiế
                                                  p
Your command was ignored.
Type  I <command> <return>  to replace it with another command,
or  <return>  to continue without it.


e:/anmh1205/IoT_Vehicle_Tracking_System/resources/reports/thesis/final/thesis-f
inal-report-condensed.tex:627: LaTeX Error: Command \ecircumflex unavailable in
 encoding T1.

See the LaTeX manual or LaTeX Companion for explanation.
Type  H <return>  for immediate help.
 ...                                              
                                                  
l.627 ...�n trên xe, hạ tầng máy chủ tiế
                                                  p
Your command was ignored.
Type  I <command> <return>  to replace it with another command,
or  <return>  to continue without it.


e:/anmh1205/IoT_Vehicle_Tracking_System/resources/reports/thesis/final/thesis-f
inal-report-condensed.tex:628: LaTeX Error: Command \acircumflex unavailable in
 encoding T1.

See the LaTeX manual or LaTeX Companion for explanation.
Type  H <return>  for immediate help.
 ...                                              
                                                  
l.628 nhậ
           n dữ liệu và giao diện theo dõi dành cho người quản...

Your command was ignored.
Type  I <command> <return>  to replace it with another command,
or  <return>  to continue without it.


e:/anmh1205/IoT_Vehicle_Tracking_System/resources/reports/thesis/final/thesis-f
inal-report-condensed.tex:628: LaTeX Error: Command \uhorn unavailable in encod
ing T1.

See the LaTeX manual or LaTeX Companion for explanation.
Type  H <return>  for immediate help.
 ...                                              
                                                  
l.628 nhận dữ
                  liệu và giao diện theo dõi dành cho người quản...

Your command was ignored.
Type  I <command> <return>  to replace it with another command,
or  <return>  to continue without it.


e:/anmh1205/IoT_Vehicle_Tracking_System/resources/reports/thesis/final/thesis-f
inal-report-condensed.tex:628: LaTeX Error: Command \uhorn unavailable in encod
ing T1.

See the LaTeX manual or LaTeX Companion for explanation.
Type  H <return>  for immediate help.
 ...                                              
                                                  
l.628 nhận dữ
                  liệu và giao diện theo dõi dành cho người quản...

Your command was ignored.
Type  I <command> <return>  to replace it with another command,
or  <return>  to continue without it.


e:/anmh1205/IoT_Vehicle_Tracking_System/resources/reports/thesis/final/thesis-f
inal-report-condensed.tex:628: LaTeX Error: Command \ecircumflex unavailable in
 encoding T1.

See the LaTeX manual or LaTeX Companion for explanation.
Type  H <return>  for immediate help.
 ...                                              
                                                  
l.628 nhận dữ liệ
                       u và giao diện theo dõi dành cho người quản...

Your command was ignored.
Type  I <command> <return>  to replace it with another command,
or  <return>  to continue without it.


e:/anmh1205/IoT_Vehicle_Tracking_System/resources/reports/thesis/final/thesis-f
inal-report-condensed.tex:628: LaTeX Error: Command \ecircumflex unavailable in
 encoding T1.

See the LaTeX manual or LaTeX Companion for explanation.
Type  H <return>  for immediate help.
 ...                                              
                                                  
l.628 nhận dữ liệu và giao diệ
                                       n theo dõi dành cho người quản...

Your command was ignored.
Type  I <command> <return>  to replace it with another command,
or  <return>  to continue without it.


e:/anmh1205/IoT_Vehicle_Tracking_System/resources/reports/thesis/final/thesis-f
inal-report-condensed.tex:628: LaTeX Error: Command \uhorn unavailable in encod
ing T1.

See the LaTeX manual or LaTeX Companion for explanation.
Type  H <return>  for immediate help.
 ...                                              
                                                  
l.628 ... và giao diện theo dõi dành cho ngư
                                                  ời quản lý. Hệ th�...

Your command was ignored.
Type  I <command> <return>  to replace it with another command,
or  <return>  to continue without it.


e:/anmh1205/IoT_Vehicle_Tracking_System/resources/reports/thesis/final/thesis-f
inal-report-condensed.tex:628: LaTeX Error: Command \ohorn unavailable in encod
ing T1.

See the LaTeX manual or LaTeX Companion for explanation.
Type  H <return>  for immediate help.
 ...                                              
                                                  
l.628 ...� giao diện theo dõi dành cho ngườ
                                                  i quản lý. Hệ thống...

Your command was ignored.
Type  I <command> <return>  to replace it with another command,
or  <return>  to continue without it.


e:/anmh1205/IoT_Vehicle_Tracking_System/resources/reports/thesis/final/thesis-f
inal-report-condensed.tex:628: LaTeX Error: Command \ohorn unavailable in encod
ing T1.

See the LaTeX manual or LaTeX Companion for explanation.
Type  H <return>  for immediate help.
 ...                                              
                                                  
l.628 ...� giao diện theo dõi dành cho ngườ
                                                  i quản lý. Hệ thống...

Your command was ignored.
Type  I <command> <return>  to replace it with another command,
or  <return>  to continue without it.


e:/anmh1205/IoT_Vehicle_Tracking_System/resources/reports/thesis/final/thesis-f
inal-report-condensed.tex:628: LaTeX Error: Command \h unavailable in encoding 
T1.

See the LaTeX manual or LaTeX Companion for explanation.
Type  H <return>  for immediate help.
 ...                                              
                                                  
l.628 ...diện theo dõi dành cho người quả
                                                  n lý. Hệ thống này
Your command was ignored.
Type  I <command> <return>  to replace it with another command,
or  <return>  to continue without it.


e:/anmh1205/IoT_Vehicle_Tracking_System/resources/reports/thesis/final/thesis-f
inal-report-condensed.tex:628: LaTeX Error: Command \ecircumflex unavailable in
 encoding T1.

See the LaTeX manual or LaTeX Companion for explanation.
Type  H <return>  for immediate help.
 ...                                              
                                                  
l.628 ... dõi dành cho người quản lý. Hệ
                                                   thống này
Your command was ignored.
Type  I <command> <return>  to replace it with another command,
or  <return>  to continue without it.


e:/anmh1205/IoT_Vehicle_Tracking_System/resources/reports/thesis/final/thesis-f
inal-report-condensed.tex:628: LaTeX Error: Command \ocircumflex unavailable in
 encoding T1.

See the LaTeX manual or LaTeX Companion for explanation.
Type  H <return>  for immediate help.
 ...                                              
                                                  
l.628 ...dành cho người quản lý. Hệ thố
                                                  ng này
Your command was ignored.
Type  I <command> <return>  to replace it with another command,
or  <return>  to continue without it.


e:/anmh1205/IoT_Vehicle_Tracking_System/resources/reports/thesis/final/thesis-f
inal-report-condensed.tex:628: LaTeX Error: Command \ocircumflex unavailable in
 encoding T1.

See the LaTeX manual or LaTeX Companion for explanation.
Type  H <return>  for immediate help.
 ...                                              
                                                  
l.628 ...dành cho người quản lý. Hệ thố
                                                  ng này
Your command was ignored.
Type  I <command> <return>  to replace it with another command,
or  <return>  to continue without it.


e:/anmh1205/IoT_Vehicle_Tracking_System/resources/reports/thesis/final/thesis-f
inal-report-condensed.tex:629: LaTeX Error: Command \abreve unavailable in enco
ding T1.

See the LaTeX manual or LaTeX Companion for explanation.
Type  H <return>  for immediate help.
 ...                                              
                                                  
l.629 nhằ
           m hỗ trợ doanh nghiệp nắm được vị trí xe, trạng ...

Your command was ignored.
Type  I <command> <return>  to replace it with another command,
or  <return>  to continue without it.


e:/anmh1205/IoT_Vehicle_Tracking_System/resources/reports/thesis/final/thesis-f
inal-report-condensed.tex:629: LaTeX Error: Command \abreve unavailable in enco
ding T1.

See the LaTeX manual or LaTeX Companion for explanation.
Type  H <return>  for immediate help.
 ...                                              
                                                  
l.629 nhằ
           m hỗ trợ doanh nghiệp nắm được vị trí xe, trạng ...

Your command was ignored.
Type  I <command> <return>  to replace it with another command,
or  <return>  to continue without it.


e:/anmh1205/IoT_Vehicle_Tracking_System/resources/reports/thesis/final/thesis-f
inal-report-condensed.tex:629: LaTeX Error: Command \ocircumflex unavailable in
 encoding T1.

See the LaTeX manual or LaTeX Companion for explanation.
Type  H <return>  for immediate help.
 ...                                              
                                                  
l.629 nhằm hỗ
                  trợ doanh nghiệp nắm được vị trí xe, trạng ...

Your command was ignored.
Type  I <command> <return>  to replace it with another command,
or  <return>  to continue without it.


e:/anmh1205/IoT_Vehicle_Tracking_System/resources/reports/thesis/final/thesis-f
inal-report-condensed.tex:629: LaTeX Error: Command \ocircumflex unavailable in
 encoding T1.

See the LaTeX manual or LaTeX Companion for explanation.
Type  H <return>  for immediate help.
 ...                                              
                                                  
l.629 nhằm hỗ
                  trợ doanh nghiệp nắm được vị trí xe, trạng ...

Your command was ignored.
Type  I <command> <return>  to replace it with another command,
or  <return>  to continue without it.


e:/anmh1205/IoT_Vehicle_Tracking_System/resources/reports/thesis/final/thesis-f
inal-report-condensed.tex:629: LaTeX Error: Command \ohorn unavailable in encod
ing T1.

See the LaTeX manual or LaTeX Companion for explanation.
Type  H <return>  for immediate help.
 ...                                              
                                                  
l.629 nhằm hỗ trợ
                        doanh nghiệp nắm được vị trí xe, trạng ...

Your command was ignored.
Type  I <command> <return>  to replace it with another command,
or  <return>  to continue without it.


e:/anmh1205/IoT_Vehicle_Tracking_System/resources/reports/thesis/final/thesis-f
inal-report-condensed.tex:629: LaTeX Error: Command \ecircumflex unavailable in
 encoding T1.

See the LaTeX manual or LaTeX Companion for explanation.
Type  H <return>  for immediate help.
 ...                                              
                                                  
l.629 nhằm hỗ trợ doanh nghiệ
                                     p nắm được vị trí xe, trạng ...

Your command was ignored.
Type  I <command> <return>  to replace it with another command,
or  <return>  to continue without it.


e:/anmh1205/IoT_Vehicle_Tracking_System/resources/reports/thesis/final/thesis-f
inal-report-condensed.tex:629: LaTeX Error: Command \abreve unavailable in enco
ding T1.

See the LaTeX manual or LaTeX Companion for explanation.
Type  H <return>  for immediate help.
 ...                                              
                                                  
l.629 nhằm hỗ trợ doanh nghiệp nắ
                                           m được vị trí xe, trạng ...

Your command was ignored.
Type  I <command> <return>  to replace it with another command,
or  <return>  to continue without it.


e:/anmh1205/IoT_Vehicle_Tracking_System/resources/reports/thesis/final/thesis-f
inal-report-condensed.tex:629: LaTeX Error: Command \abreve unavailable in enco
ding T1.

See the LaTeX manual or LaTeX Companion for explanation.
Type  H <return>  for immediate help.
 ...                                              
                                                  
l.629 nhằm hỗ trợ doanh nghiệp nắ
                                           m được vị trí xe, trạng ...

Your command was ignored.
Type  I <command> <return>  to replace it with another command,
or  <return>  to continue without it.


e:/anmh1205/IoT_Vehicle_Tracking_System/resources/reports/thesis/final/thesis-f
inal-report-condensed.tex:629: LaTeX Error: Command \uhorn unavailable in encod
ing T1.

See the LaTeX manual or LaTeX Companion for explanation.
Type  H <return>  for immediate help.
 ...                                              
                                                  
l.629 nhằm hỗ trợ doanh nghiệp nắm đư
                                                 ợc vị trí xe, trạng ...

Your command was ignored.
Type  I <command> <return>  to replace it with another command,
or  <return>  to continue without it.


e:/anmh1205/IoT_Vehicle_Tracking_System/resources/reports/thesis/final/thesis-f
inal-report-condensed.tex:629: LaTeX Error: Command \ohorn unavailable in encod
ing T1.

See the LaTeX manual or LaTeX Companion for explanation.
Type  H <return>  for immediate help.
 ...                                              
                                                  
l.629 ...m hỗ trợ doanh nghiệp nắm đượ
                                                  c vị trí xe, trạng th...

Your command was ignored.
Type  I <command> <return>  to replace it with another command,
or  <return>  to continue without it.


e:/anmh1205/IoT_Vehicle_Tracking_System/resources/reports/thesis/final/thesis-f
inal-report-condensed.tex:629: LaTeX Error: Command \acircumflex unavailable in
 encoding T1.

See the LaTeX manual or LaTeX Companion for explanation.
Type  H <return>  for immediate help.
 ...                                              
                                                  
l.629 ...c vị trí xe, trạng thái kỹ thuậ
                                                  t và phản
Your command was ignored.
Type  I <command> <return>  to replace it with another command,
or  <return>  to continue without it.


e:/anmh1205/IoT_Vehicle_Tracking_System/resources/reports/thesis/final/thesis-f
inal-report-condensed.tex:629: LaTeX Error: Command \h unavailable in encoding 
T1.

See the LaTeX manual or LaTeX Companion for explanation.
Type  H <return>  for immediate help.
 ...                                              
                                                  
l.629 ... xe, trạng thái kỹ thuật và phả
                                                  n
Your command was ignored.
Type  I <command> <return>  to replace it with another command,
or  <return>  to continue without it.


e:/anmh1205/IoT_Vehicle_Tracking_System/resources/reports/thesis/final/thesis-f
inal-report-condensed.tex:630: LaTeX Error: Command \uhorn unavailable in encod
ing T1.

See the LaTeX manual or LaTeX Companion for explanation.
Type  H <return>  for immediate help.
 ...                                              
                                                  
l.630 ứ
         ng sớm với các rủi ro vận hành.
Your command was ignored.
Type  I <command> <return>  to replace it with another command,
or  <return>  to continue without it.


e:/anmh1205/IoT_Vehicle_Tracking_System/resources/reports/thesis/final/thesis-f
inal-report-condensed.tex:630: LaTeX Error: Command \uhorn unavailable in encod
ing T1.

See the LaTeX manual or LaTeX Companion for explanation.
Type  H <return>  for immediate help.
 ...                                              
                                                  
l.630 ứ
         ng sớm với các rủi ro vận hành.
Your command was ignored.
Type  I <command> <return>  to replace it with another command,
or  <return>  to continue without it.


e:/anmh1205/IoT_Vehicle_Tracking_System/resources/reports/thesis/final/thesis-f
inal-report-condensed.tex:630: LaTeX Error: Command \ohorn unavailable in encod
ing T1.

See the LaTeX manual or LaTeX Companion for explanation.
Type  H <return>  for immediate help.
 ...                                              
                                                  
l.630 ứng sớ
                m với các rủi ro vận hành.
Your command was ignored.
Type  I <command> <return>  to replace it with another command,
or  <return>  to continue without it.


e:/anmh1205/IoT_Vehicle_Tracking_System/resources/reports/thesis/final/thesis-f
inal-report-condensed.tex:630: LaTeX Error: Command \ohorn unavailable in encod
ing T1.

See the LaTeX manual or LaTeX Companion for explanation.
Type  H <return>  for immediate help.
 ...                                              
                                                  
l.630 ứng sớ
                m với các rủi ro vận hành.
Your command was ignored.
Type  I <command> <return>  to replace it with another command,
or  <return>  to continue without it.


e:/anmh1205/IoT_Vehicle_Tracking_System/resources/reports/thesis/final/thesis-f
inal-report-condensed.tex:630: LaTeX Error: Command \ohorn unavailable in encod
ing T1.

See the LaTeX manual or LaTeX Companion for explanation.
Type  H <return>  for immediate help.
 ...                                              
                                                  
l.630 ứng sớm vớ
                      i các rủi ro vận hành.
Your command was ignored.
Type  I <command> <return>  to replace it with another command,
or  <return>  to continue without it.


e:/anmh1205/IoT_Vehicle_Tracking_System/resources/reports/thesis/final/thesis-f
inal-report-condensed.tex:630: LaTeX Error: Command \ohorn unavailable in encod
ing T1.

See the LaTeX manual or LaTeX Companion for explanation.
Type  H <return>  for immediate help.
 ...                                              
                                                  
l.630 ứng sớm vớ
                      i các rủi ro vận hành.
Your command was ignored.
Type  I <command> <return>  to replace it with another command,
or  <return>  to continue without it.


e:/anmh1205/IoT_Vehicle_Tracking_System/resources/reports/thesis/final/thesis-f
inal-report-condensed.tex:630: LaTeX Error: Command \h unavailable in encoding 
T1.

See the LaTeX manual or LaTeX Companion for explanation.
Type  H <return>  for immediate help.
 ...                                              
                                                  
l.630 ứng sớm với các rủ
                                 i ro vận hành.
Your command was ignored.
Type  I <command> <return>  to replace it with another command,
or  <return>  to continue without it.


e:/anmh1205/IoT_Vehicle_Tracking_System/resources/reports/thesis/final/thesis-f
inal-report-condensed.tex:630: LaTeX Error: Command \acircumflex unavailable in
 encoding T1.

See the LaTeX manual or LaTeX Companion for explanation.
Type  H <return>  for immediate help.
 ...                                              
                                                  
l.630 ứng sớm với các rủi ro vậ
                                          n hành.
(That makes 100 errors; please try again.) 
Here is how much of TeX's memory you used:
 30733 strings out of 467867
 556269 string characters out of 5418335
 979749 words of memory out of 5000000
 58955 multiletter control sequences out of 15000+600000
 706869 words of font info for 144 fonts, out of 8000000 for 9000
 1150 hyphenation exceptions out of 8191
 108i,12n,117p,1289b,577s stack positions out of 10000i,1000n,20000p,200000b,200000s

e:/anmh1205/IoT_Vehicle_Tracking_System/resources/reports/thesis/final/thesis-f
inal-report-condensed.tex:630:  ==> Fatal error occurred, no output PDF file pr
oduced!
