This is XeTeX, Version 3.141592653-2.6-0.999998 (MiKTeX 26.2) (preloaded format=xelatex 2026.4.9)  11 APR 2026 01:46
entering extended mode
 restricted \write18 enabled.
 %&-line parsing enabled.
**./thesis-final-report.tex
(thesis-final-report.tex
LaTeX2e <2025-11-01>
L3 programming layer <2026-01-19>

(C:\Users\Admin\AppData\Local\Programs\MiKTeX\tex/latex/extsizes\extarticle.cls
Document Class: extarticle 1996/10/08 v1.0 Non Standard LaTeX document class
(C:\Users\Admin\AppData\Local\Programs\MiKTeX\tex/latex/base\size10.clo
File: size10.clo 2025/01/22 v1.4n Standard LaTeX file (size option)
)
(C:\Users\Admin\AppData\Local\Programs\MiKTeX\tex/latex/base\exscale.sty
Package: exscale 2025/06/05 v2.1i Standard LaTeX package exscale
LaTeX Font Info:    Redeclaring symbol font `largesymbols' on input line 57.
LaTeX Font Info:    Overwriting symbol font `largesymbols' in version `normal'
(Font)                  OMX/cmex/m/n --> OMX/cmex/m/n on input line 57.
LaTeX Font Info:    Overwriting symbol font `largesymbols' in version `bold'
(Font)                  OMX/cmex/m/n --> OMX/cmex/m/n on input line 57.
\big@size=\dimen148
)
\c@part=\count271
\c@section=\count272
\c@subsection=\count273
\c@subsubsection=\count274
\c@paragraph=\count275
\c@subparagraph=\count276
\c@figure=\count277
\c@table=\count278
\abovecaptionskip=\skip49
\belowcaptionskip=\skip50
\bibindent=\dimen149
)
(C:\Users\Admin\AppData\Local\Programs\MiKTeX\tex/latex/xcolor\xcolor.sty
Package: xcolor 2024/09/29 v3.02 LaTeX color extensions (UK)

(C:\Users\Admin\AppData\Local\Programs\MiKTeX\tex/latex/graphics-cfg\color.cfg
File: color.cfg 2016/01/02 v1.6 sample color configuration
)
Package xcolor Info: Driver file: xetex.def on input line 274.
(C:\Users\Admin\AppData\Local\Programs\MiKTeX\tex/latex/graphics-def\xetex.def
File: xetex.def 2025/11/01 v5.0p Graphics/color driver for xetex
) (C:\Users\Admin\AppData\Local\Programs\MiKTeX\tex/latex/graphics\mathcolor.lt
x)
Package xcolor Info: Model `cmy' substituted by `cmy0' on input line 1349.
Package xcolor Info: Model `RGB' extended on input line 1365.
Package xcolor Info: Model `HTML' substituted by `rgb' on input line 1367.
Package xcolor Info: Model `Hsb' substituted by `hsb' on input line 1368.
Package xcolor Info: Model `tHsb' substituted by `hsb' on input line 1369.
Package xcolor Info: Model `HSB' substituted by `hsb' on input line 1370.
Package xcolor Info: Model `Gray' substituted by `gray' on input line 1371.
Package xcolor Info: Model `wave' substituted by `hsb' on input line 1372.
)
(C:\Users\Admin\AppData\Local\Programs\MiKTeX\tex/latex/geometry\geometry.sty
Package: geometry 2026/03/07 v6.0 Page Geometry

(C:\Users\Admin\AppData\Local\Programs\MiKTeX\tex/latex/graphics\keyval.sty
Package: keyval 2022/05/29 v1.15 key=value parser (DPC)
\KV@toks@=\toks17
)
(C:\Users\Admin\AppData\Local\Programs\MiKTeX\tex/generic/iftex\ifvtex.sty
Package: ifvtex 2019/10/25 v1.7 ifvtex legacy package. Use iftex instead.

(C:\Users\Admin\AppData\Local\Programs\MiKTeX\tex/generic/iftex\iftex.sty
Package: iftex 2024/12/12 v1.0g TeX engine tests
))
\Gm@cnth=\count279
\Gm@cntv=\count280
\c@Gm@tempcnt=\count281
\Gm@bindingoffset=\dimen150
\Gm@wd@mp=\dimen151
\Gm@odd@mp=\dimen152
\Gm@even@mp=\dimen153
\Gm@layoutwidth=\dimen154
\Gm@layoutheight=\dimen155
\Gm@layouthoffset=\dimen156
\Gm@layoutvoffset=\dimen157
\Gm@dimlist=\toks18

(C:\Users\Admin\AppData\Local\Programs\MiKTeX\tex/latex/geometry\geometry.cfg))
(C:\Users\Admin\AppData\Local\Programs\MiKTeX\tex/latex/amsmath\amsmath.sty
Package: amsmath 2025/07/09 v2.17z AMS math features
\@mathmargin=\skip51

For additional information on amsmath, use the `?' option.
(C:\Users\Admin\AppData\Local\Programs\MiKTeX\tex/latex/amsmath\amstext.sty
Package: amstext 2024/11/17 v2.01 AMS text

(C:\Users\Admin\AppData\Local\Programs\MiKTeX\tex/latex/amsmath\amsgen.sty
File: amsgen.sty 1999/11/30 v2.0 generic functions
\@emptytoks=\toks19
\ex@=\dimen158
))
(C:\Users\Admin\AppData\Local\Programs\MiKTeX\tex/latex/amsmath\amsbsy.sty
Package: amsbsy 1999/11/29 v1.2d Bold Symbols
\pmbraise@=\dimen159
)
(C:\Users\Admin\AppData\Local\Programs\MiKTeX\tex/latex/amsmath\amsopn.sty
Package: amsopn 2022/04/08 v2.04 operator names
)
\inf@bad=\count282
LaTeX Info: Redefining \frac on input line 233.
\uproot@=\count283
\leftroot@=\count284
LaTeX Info: Redefining \overline on input line 398.
LaTeX Info: Redefining \colon on input line 409.
\classnum@=\count285
\DOTSCASE@=\count286
LaTeX Info: Redefining \ldots on input line 495.
LaTeX Info: Redefining \dots on input line 498.
LaTeX Info: Redefining \cdots on input line 619.
\Mathstrutbox@=\box53
\strutbox@=\box54
LaTeX Info: Redefining \big on input line 721.
LaTeX Info: Redefining \Big on input line 722.
LaTeX Info: Redefining \bigg on input line 723.
LaTeX Info: Redefining \Bigg on input line 724.
\big@size=\dimen160
LaTeX Font Info:    Redeclaring font encoding OML on input line 742.
LaTeX Font Info:    Redeclaring font encoding OMS on input line 743.
\macc@depth=\count287
LaTeX Info: Redefining \bmod on input line 904.
LaTeX Info: Redefining \pmod on input line 909.
LaTeX Info: Redefining \smash on input line 939.
LaTeX Info: Redefining \relbar on input line 969.
LaTeX Info: Redefining \Relbar on input line 970.
\c@MaxMatrixCols=\count288
\dotsspace@=\muskip17
\c@parentequation=\count289
\dspbrk@lvl=\count290
\tag@help=\toks20
\row@=\count291
\column@=\count292
\maxfields@=\count293
\andhelp@=\toks21
\eqnshift@=\dimen161
\alignsep@=\dimen162
\tagshift@=\dimen163
\tagwidth@=\dimen164
\totwidth@=\dimen165
\lineht@=\dimen166
\@envbody=\toks22
\multlinegap=\skip52
\multlinetaggap=\skip53
\mathdisplay@stack=\toks23
LaTeX Info: Redefining \[ on input line 2950.
LaTeX Info: Redefining \] on input line 2951.
)
(C:\Users\Admin\AppData\Local\Programs\MiKTeX\tex/latex/amsfonts\amssymb.sty
Package: amssymb 2013/01/14 v3.01 AMS font symbols

(C:\Users\Admin\AppData\Local\Programs\MiKTeX\tex/latex/amsfonts\amsfonts.sty
Package: amsfonts 2013/01/14 v3.01 Basic AMSFonts support
\symAMSa=\mathgroup4
\symAMSb=\mathgroup5
LaTeX Font Info:    Redeclaring math symbol \hbar on input line 98.
LaTeX Font Info:    Overwriting math alphabet `\mathfrak' in version `bold'
(Font)                  U/euf/m/n --> U/euf/b/n on input line 106.
)) (C:\Users\Admin\AppData\Local\Programs\MiKTeX\tex/latex/fontspec\fontspec.st
y
(C:\Users\Admin\AppData\Local\Programs\MiKTeX\tex/latex/l3packages/xparse\xpars
e.sty
(C:\Users\Admin\AppData\Local\Programs\MiKTeX\tex/latex/l3kernel\expl3.sty
Package: expl3 2026-01-19 L3 programming layer (loader) 

(C:\Users\Admin\AppData\Local\Programs\MiKTeX\tex/latex/l3backend\l3backend-xet
ex.def
File: l3backend-xetex.def 2025-10-09 L3 backend support: XeTeX
\g__graphics_track_int=\count294
\g__pdfannot_backend_int=\count295
\g__pdfannot_backend_link_int=\count296
))
Package: xparse 2025-10-09 L3 Experimental document command parser
)
Package: fontspec 2025/09/29 v2.9g Font selection for XeLaTeX and LuaLaTeX

(C:\Users\Admin\AppData\Local\Programs\MiKTeX\tex/latex/fontspec\fontspec-xetex
.sty
Package: fontspec-xetex 2025/09/29 v2.9g Font selection for XeLaTeX and LuaLaTe
X
\l__fontspec_script_int=\count297
\l__fontspec_language_int=\count298
\l__fontspec_strnum_int=\count299
\l__fontspec_tmp_int=\count300
\l__fontspec_tmpa_int=\count301
\l__fontspec_tmpb_int=\count302
\l__fontspec_tmpc_int=\count303
\l__fontspec_em_int=\count304
\l__fontspec_emdef_int=\count305
\l__fontspec_strong_int=\count306
\l__fontspec_strongdef_int=\count307
\l__fontspec_tmpa_dim=\dimen167
\l__fontspec_tmpb_dim=\dimen168
\l__fontspec_tmpc_dim=\dimen169
 (C:\Users\Admin\AppData\Local\Programs\MiKTeX\tex/latex/base\fontenc.sty
Package: fontenc 2025/07/18 v2.1d Standard LaTeX package
)
(C:\Users\Admin\AppData\Local\Programs\MiKTeX\tex/latex/fontspec\fontspec.cfg))
)

Package fontspec Info: 
(fontspec)             Font family 'TimesNewRoman(0)' created for font 'Times
(fontspec)             New Roman' with options [Ligatures=TeX].
(fontspec)              
(fontspec)              This font family consists of the following NFSS
(fontspec)             series/shapes:
(fontspec)              
(fontspec)             - 'normal' (m/n) with NFSS spec.: <->"Times New
(fontspec)             Roman/OT:script=latn;language=dflt;mapping=tex-text;"
(fontspec)             - 'small caps'  (m/sc) with NFSS spec.: <->"Times New
(fontspec)             Roman/OT:script=latn;language=dflt;+smcp;mapping=tex-tex
t;"
(fontspec)             - 'bold' (b/n) with NFSS spec.: <->"Times New
(fontspec)             Roman/B/OT:script=latn;language=dflt;mapping=tex-text;"
(fontspec)             - 'bold small caps'  (b/sc) with NFSS spec.: <->"Times
(fontspec)             New
(fontspec)             Roman/B/OT:script=latn;language=dflt;+smcp;mapping=tex-t
ext;"
(fontspec)             - 'italic' (m/it) with NFSS spec.: <->"Times New
(fontspec)             Roman/I/OT:script=latn;language=dflt;mapping=tex-text;"
(fontspec)             - 'italic small caps'  (m/scit) with NFSS spec.:
(fontspec)             <->"Times New
(fontspec)             Roman/I/OT:script=latn;language=dflt;+smcp;mapping=tex-t
ext;"
(fontspec)             - 'bold italic' (b/it) with NFSS spec.: <->"Times New
(fontspec)             Roman/BI/OT:script=latn;language=dflt;mapping=tex-text;"

(fontspec)             - 'bold italic small caps'  (b/scit) with NFSS spec.:
(fontspec)             <->"Times New
(fontspec)             Roman/BI/OT:script=latn;language=dflt;+smcp;mapping=tex-
text;"

 (C:\Users\Admin\AppData\Local\Programs\MiKTeX\tex/latex/upquote\upquote.sty
Package: upquote 2012/04/19 v1.3 upright-quote and grave-accent glyphs in verba
tim

(C:\Users\Admin\AppData\Local\Programs\MiKTeX\tex/latex/base\textcomp.sty
Package: textcomp 2024/04/24 v2.1b Standard LaTeX package
))
(C:\Users\Admin\AppData\Local\Programs\MiKTeX\tex/latex/microtype\microtype.sty
Package: microtype 2026/03/01 v3.2d Micro-typographical refinements (RS)
(C:\Users\Admin\AppData\Local\Programs\MiKTeX\tex/latex/etoolbox\etoolbox.sty
Package: etoolbox 2025/10/02 v2.5m e-TeX tools for LaTeX (JAW)
\etb@tempcnta=\count308
)
\MT@toks=\toks24
\MT@tempbox=\box55
\MT@count=\count309
LaTeX Info: Redefining \noprotrusionifhmode on input line 1084.
LaTeX Info: Redefining \leftprotrusion on input line 1085.
\MT@prot@toks=\toks25
LaTeX Info: Redefining \rightprotrusion on input line 1104.
LaTeX Info: Redefining \textls on input line 1449.
\MT@outer@kern=\dimen170
LaTeX Info: Redefining \microtypecontext on input line 2053.
LaTeX Info: Redefining \textmicrotypecontext on input line 2070.
\MT@listname@count=\count310

(C:\Users\Admin\AppData\Local\Programs\MiKTeX\tex/latex/microtype\microtype-xet
ex.def
File: microtype-xetex.def 2026/03/01 v3.2d Definitions specific to xetex (RS)
LaTeX Info: Redefining \lsstyle on input line 443.
LaTeX Info: Redefining \lslig on input line 451.
\MT@outer@space=\skip54
)
Package microtype Info: Loading configuration file microtype.cfg.

(C:\Users\Admin\AppData\Local\Programs\MiKTeX\tex/latex/microtype\microtype.cfg
File: microtype.cfg 2026/03/01 v3.2d microtype main configuration file (RS)
)
LaTeX Info: Redefining \microtypesetup on input line 3065.
) (C:\Users\Admin\AppData\Local\Programs\MiKTeX\tex/latex/parskip\parskip.sty
Package: parskip 2021-03-14 v2.0h non-zero parskip adjustments

(C:\Users\Admin\AppData\Local\Programs\MiKTeX\tex/latex/kvoptions\kvoptions.sty
Package: kvoptions 2022-06-15 v3.15 Key value format for package options (HO)
(C:\Users\Admin\AppData\Local\Programs\MiKTeX\tex/generic/ltxcmds\ltxcmds.sty
Package: ltxcmds 2023-12-04 v1.26 LaTeX kernel commands for general use (HO)
)
(C:\Users\Admin\AppData\Local\Programs\MiKTeX\tex/latex/kvsetkeys\kvsetkeys.sty
Package: kvsetkeys 2022-10-05 v1.19 Key value parser (HO)
)))
(C:\Users\Admin\AppData\Local\Programs\MiKTeX\tex/latex/fancyvrb\fancyvrb.sty
Package: fancyvrb 2025/07/28 4.6 verbatim text (tvz,hv)
\FV@CodeLineNo=\count311
\FV@InFile=\read2
\FV@TabBox=\box56
\c@FancyVerbLine=\count312
\FV@StepNumber=\count313
\FV@OutFile=\write3
)
(C:\Users\Admin\AppData\Local\Programs\MiKTeX\tex/latex/tools\longtable.sty
Package: longtable 2025-10-13 v4.24 Multi-page Table package (DPC)
\LTleft=\skip55
\LTright=\skip56
\LTpre=\skip57
\LTpost=\skip58
\LTchunksize=\count314
\LTcapwidth=\dimen171
\LT@head=\box57
\LT@firsthead=\box58
\LT@foot=\box59
\LT@lastfoot=\box60
\LT@gbox=\box61
\LT@cols=\count315
\LT@rows=\count316
\c@LT@tables=\count317
\c@LT@chunks=\count318
\LT@p@ftn=\toks26
)
(C:\Users\Admin\AppData\Local\Programs\MiKTeX\tex/latex/booktabs\booktabs.sty
Package: booktabs 2020/01/12 v1.61803398 Publication quality tables
\heavyrulewidth=\dimen172
\lightrulewidth=\dimen173
\cmidrulewidth=\dimen174
\belowrulesep=\dimen175
\belowbottomsep=\dimen176
\aboverulesep=\dimen177
\abovetopsep=\dimen178
\cmidrulesep=\dimen179
\cmidrulekern=\dimen180
\defaultaddspace=\dimen181
\@cmidla=\count319
\@cmidlb=\count320
\@aboverulesep=\dimen182
\@belowrulesep=\dimen183
\@thisruleclass=\count321
\@lastruleclass=\count322
\@thisrulewidth=\dimen184
)
(C:\Users\Admin\AppData\Local\Programs\MiKTeX\tex/latex/tools\array.sty
Package: array 2025/09/25 v2.6n Tabular extension package (FMi)
\col@sep=\dimen185
\ar@mcellbox=\box62
\extrarowheight=\dimen186
\NC@list=\toks27
\extratabsurround=\skip59
\backup@length=\skip60
\ar@cellbox=\box63
)
\c@none=\count323

(C:\Users\Admin\AppData\Local\Programs\MiKTeX\tex/latex/tools\calc.sty
Package: calc 2025/03/01 v4.3b Infix arithmetic (KKT,FJ)
\calc@Acount=\count324
\calc@Bcount=\count325
\calc@Adimen=\dimen187
\calc@Bdimen=\dimen188
\calc@Askip=\skip61
\calc@Bskip=\skip62
LaTeX Info: Redefining \setlength on input line 86.
LaTeX Info: Redefining \addtolength on input line 87.
\calc@Ccount=\count326
\calc@Cskip=\skip63
)
(C:\Users\Admin\AppData\Local\Programs\MiKTeX\tex/latex/footnotehyper\footnoteh
yper.sty
Package: footnotehyper 2025/11/15 v1.1f hyperref aware footnote.sty (JFB)
\FNH@notes=\box64
\FNH@width=\dimen189
\FNH@toks=\toks28
)
(C:\Users\Admin\AppData\Local\Programs\MiKTeX\tex/latex/graphics\graphicx.sty
Package: graphicx 2024/12/31 v1.2e Enhanced LaTeX Graphics (DPC,SPQR)

(C:\Users\Admin\AppData\Local\Programs\MiKTeX\tex/latex/graphics\graphics.sty
Package: graphics 2024/08/06 v1.4g Standard LaTeX Graphics (DPC,SPQR)

(C:\Users\Admin\AppData\Local\Programs\MiKTeX\tex/latex/graphics\trig.sty
Package: trig 2023/12/02 v1.11 sin cos tan (DPC)
)
(C:\Users\Admin\AppData\Local\Programs\MiKTeX\tex/latex/graphics-cfg\graphics.c
fg
File: graphics.cfg 2016/06/04 v1.11 sample graphics configuration
)
Package graphics Info: Driver file: xetex.def on input line 106.
)
\Gin@req@height=\dimen190
\Gin@req@width=\dimen191
)
\pandoc@box=\box65

(C:\Users\Admin\AppData\Local\Programs\MiKTeX\tex/latex/xstring\xstring.sty
(C:\Users\Admin\AppData\Local\Programs\MiKTeX\tex/generic/xstring\xstring.tex
\xs_counta=\count327
\xs_countb=\count328
)
Package: xstring 2023/08/22 v1.86 String manipulations (CT)
) (C:\Users\Admin\AppData\Local\Programs\MiKTeX\tex/latex/setspace\setspace.sty
Package: setspace 2022/12/04 v6.7b set line spacing
) (C:\Users\Admin\AppData\Local\Programs\MiKTeX\tex/latex/titlesec\titlesec.sty
Package: titlesec 2025/01/04 v2.17 Sectioning titles
\ttl@box=\box66
\beforetitleunit=\skip64
\aftertitleunit=\skip65
\ttl@plus=\dimen192
\ttl@minus=\dimen193
\ttl@toksa=\toks29
\titlewidth=\dimen194
\titlewidthlast=\dimen195
\titlewidthfirst=\dimen196
)
\c@ieeeref=\count329
(C:\Users\Admin\AppData\Local\Programs\MiKTeX\tex/latex/bookmark\bookmark.sty
Package: bookmark 2023-12-10 v1.31 PDF bookmarks (HO)

(C:\Users\Admin\AppData\Local\Programs\MiKTeX\tex/latex/hyperref\hyperref.sty
Package: hyperref 2026-01-29 v7.01p Hypertext links for LaTeX

(C:\Users\Admin\AppData\Local\Programs\MiKTeX\tex/generic/kvdefinekeys\kvdefine
keys.sty
Package: kvdefinekeys 2019-12-19 v1.6 Define keys (HO)
)
(C:\Users\Admin\AppData\Local\Programs\MiKTeX\tex/generic/pdfescape\pdfescape.s
ty
Package: pdfescape 2019/12/09 v1.15 Implements pdfTeX's escape features (HO)

(C:\Users\Admin\AppData\Local\Programs\MiKTeX\tex/generic/pdftexcmds\pdftexcmds
.sty
Package: pdftexcmds 2020-06-27 v0.33 Utility functions of pdfTeX for LuaTeX (HO
)

(C:\Users\Admin\AppData\Local\Programs\MiKTeX\tex/generic/infwarerr\infwarerr.s
ty
Package: infwarerr 2019/12/03 v1.5 Providing info/warning/error messages (HO)
)
Package pdftexcmds Info: \pdf@primitive is available.
Package pdftexcmds Info: \pdf@ifprimitive is available.
Package pdftexcmds Info: \pdfdraftmode not found.
))
(C:\Users\Admin\AppData\Local\Programs\MiKTeX\tex/latex/hycolor\hycolor.sty
Package: hycolor 2020-01-27 v1.10 Color options for hyperref/bookmark (HO)
)
(C:\Users\Admin\AppData\Local\Programs\MiKTeX\tex/latex/hyperref\nameref.sty
Package: nameref 2026-01-29 v2.58 Cross-referencing by name of section

(C:\Users\Admin\AppData\Local\Programs\MiKTeX\tex/latex/refcount\refcount.sty
Package: refcount 2019/12/15 v3.6 Data extraction from label references (HO)
)
(C:\Users\Admin\AppData\Local\Programs\MiKTeX\tex/generic/gettitlestring\gettit
lestring.sty
Package: gettitlestring 2019/12/15 v1.6 Cleanup title references (HO)
)
\c@section@level=\count330
)
(C:\Users\Admin\AppData\Local\Programs\MiKTeX\tex/generic/stringenc\stringenc.s
ty
Package: stringenc 2019/11/29 v1.12 Convert strings between diff. encodings (HO
)
)
\@linkdim=\dimen197
\Hy@linkcounter=\count331
\Hy@pagecounter=\count332
 (C:\Users\Admin\AppData\Local\Programs\MiKTeX\tex/latex/hyperref\pd1enc.def
File: pd1enc.def 2026-01-29 v7.01p Hyperref: PDFDocEncoding definition (HO)
) (C:\Users\Admin\AppData\Local\Programs\MiKTeX\tex/generic/intcalc\intcalc.sty
Package: intcalc 2019/12/15 v1.3 Expandable calculations with integers (HO)
)
\Hy@SavedSpaceFactor=\count333
 (C:\Users\Admin\AppData\Local\Programs\MiKTeX\tex/latex/hyperref\puenc.def
File: puenc.def 2026-01-29 v7.01p Hyperref: PDF Unicode definition (HO)
)
Package hyperref Info: Option `unicode' set `true' on input line 4072.
Package hyperref Info: Hyper figures OFF on input line 4201.
Package hyperref Info: Link nesting OFF on input line 4206.
Package hyperref Info: Hyper index ON on input line 4209.
Package hyperref Info: Plain pages OFF on input line 4216.
Package hyperref Info: Backreferencing OFF on input line 4221.
Package hyperref Info: Implicit mode ON; LaTeX internals redefined.
Package hyperref Info: Bookmarks ON on input line 4468.
\c@Hy@tempcnt=\count334

(C:\Users\Admin\AppData\Local\Programs\MiKTeX\tex/latex/url\url.sty
\Urlmuskip=\muskip18
Package: url 2013/09/16  ver 3.4  Verb mode for urls, etc.
)
LaTeX Info: Redefining \url on input line 4807.
\XeTeXLinkMargin=\dimen198

(C:\Users\Admin\AppData\Local\Programs\MiKTeX\tex/generic/bitset\bitset.sty
Package: bitset 2019/12/09 v1.3 Handle bit-vector datatype (HO)

(C:\Users\Admin\AppData\Local\Programs\MiKTeX\tex/generic/bigintcalc\bigintcalc
.sty
Package: bigintcalc 2019/12/15 v1.5 Expandable calculations on big integers (HO
)
))
\Fld@menulength=\count335
\Field@Width=\dimen199
\Fld@charsize=\dimen256
Package hyperref Info: Hyper figures OFF on input line 6084.
Package hyperref Info: Link nesting OFF on input line 6089.
Package hyperref Info: Hyper index ON on input line 6092.
Package hyperref Info: backreferencing OFF on input line 6099.
Package hyperref Info: Link coloring OFF on input line 6104.
Package hyperref Info: Link coloring with OCG OFF on input line 6109.
Package hyperref Info: PDF/A mode OFF on input line 6114.
\Hy@abspage=\count336
\c@Item=\count337
\c@Hfootnote=\count338
)
Package hyperref Info: Driver (autodetected): hxetex.

(C:\Users\Admin\AppData\Local\Programs\MiKTeX\tex/latex/hyperref\hxetex.def
File: hxetex.def 2026-01-29 v7.01p Hyperref driver for XeTeX
\pdfm@box=\box67
\c@Hy@AnnotLevel=\count339
\HyField@AnnotCount=\count340
\Fld@listcount=\count341
\c@bookmark@seq@number=\count342

(C:\Users\Admin\AppData\Local\Programs\MiKTeX\tex/latex/rerunfilecheck\rerunfil
echeck.sty
Package: rerunfilecheck 2025-06-21 v1.11 Rerun checks for auxiliary files (HO)

(C:\Users\Admin\AppData\Local\Programs\MiKTeX\tex/generic/uniquecounter\uniquec
ounter.sty
Package: uniquecounter 2019/12/15 v1.4 Provide unlimited unique counter (HO)
)
Package uniquecounter Info: New unique counter `rerunfilecheck' on input line 2
84.
)
\Hy@SectionHShift=\skip66
)
(C:\Users\Admin\AppData\Local\Programs\MiKTeX\tex/latex/bookmark\bkm-dvipdfm.de
f
File: bkm-dvipdfm.def 2023-12-10 v1.31 bookmark driver for dvipdfm (HO)
\BKM@id=\count343
)) (C:\Users\Admin\AppData\Local\Programs\MiKTeX\tex/latex/xurl\xurl.sty
Package: xurl 2022/01/09 v 0.10 modify URL breaks
)

LaTeX Warning: Unused global option(s):
    [13pt].

(thesis-final-report.aux)
\openout1 = `thesis-final-report.aux'.

LaTeX Font Info:    Checking defaults for OML/cmm/m/it on input line 231.
LaTeX Font Info:    ... okay on input line 231.
LaTeX Font Info:    Checking defaults for OMS/cmsy/m/n on input line 231.
LaTeX Font Info:    ... okay on input line 231.
LaTeX Font Info:    Checking defaults for OT1/cmr/m/n on input line 231.
LaTeX Font Info:    ... okay on input line 231.
LaTeX Font Info:    Checking defaults for T1/cmr/m/n on input line 231.
LaTeX Font Info:    ... okay on input line 231.
LaTeX Font Info:    Checking defaults for TS1/cmr/m/n on input line 231.
LaTeX Font Info:    ... okay on input line 231.
LaTeX Font Info:    Checking defaults for TU/lmr/m/n on input line 231.
LaTeX Font Info:    ... okay on input line 231.
LaTeX Font Info:    Checking defaults for OMX/cmex/m/n on input line 231.
LaTeX Font Info:    ... okay on input line 231.
LaTeX Font Info:    Checking defaults for U/cmr/m/n on input line 231.
LaTeX Font Info:    ... okay on input line 231.
LaTeX Font Info:    Checking defaults for PD1/pdf/m/n on input line 231.
LaTeX Font Info:    ... okay on input line 231.
LaTeX Font Info:    Checking defaults for PU/pdf/m/n on input line 231.
LaTeX Font Info:    ... okay on input line 231.

*geometry* driver: auto-detecting
*geometry* detected driver: xetex
*geometry* verbose mode - [ preamble ] result:
* driver: xetex
* paper: a4paper
* layout: <same size as paper>
* layoutoffset:(h,v)=(0.0pt,0.0pt)
* modes: 
* h-part:(L,W,R)=(71.13188pt, 455.24411pt, 71.13188pt)
* v-part:(T,H,B)=(71.13188pt, 702.78308pt, 71.13188pt)
* \paperwidth=597.50787pt
* \paperheight=845.04684pt
* \textwidth=455.24411pt
* \textheight=702.78308pt
* \oddsidemargin=-1.1381pt
* \evensidemargin=-1.1381pt
* \topmargin=-50.9304pt
* \headheight=35.56593pt
* \headsep=14.22636pt
* \topskip=10.0pt
* \footskip=35.56593pt
* \marginparwidth=57.0pt
* \marginparsep=11.0pt
* \columnsep=10.0pt
* \skip\footins=9.0pt plus 4.0pt minus 2.0pt
* \hoffset=0.0pt
* \voffset=0.0pt
* \mag=1000
* \@twocolumnfalse
* \@twosidefalse
* \@mparswitchfalse
* \@reversemarginfalse
* (1in=72.27pt=25.4mm, 1cm=28.453pt)


Package fontspec Info: 
(fontspec)             Adjusting the maths setup (use [no-math] to avoid
(fontspec)             this).

\symlegacymaths=\mathgroup6
LaTeX Font Info:    Overwriting symbol font `legacymaths' in version `bold'
(Font)                  OT1/cmr/m/n --> OT1/cmr/bx/n on input line 231.
LaTeX Font Info:    Redeclaring math accent \acute on input line 231.
LaTeX Font Info:    Redeclaring math accent \grave on input line 231.
LaTeX Font Info:    Redeclaring math accent \ddot on input line 231.
LaTeX Font Info:    Redeclaring math accent \tilde on input line 231.
LaTeX Font Info:    Redeclaring math accent \bar on input line 231.
LaTeX Font Info:    Redeclaring math accent \breve on input line 231.
LaTeX Font Info:    Redeclaring math accent \check on input line 231.
LaTeX Font Info:    Redeclaring math accent \hat on input line 231.
LaTeX Font Info:    Redeclaring math accent \dot on input line 231.
LaTeX Font Info:    Redeclaring math accent \mathring on input line 231.
LaTeX Font Info:    Redeclaring math symbol \Gamma on input line 231.
LaTeX Font Info:    Redeclaring math symbol \Delta on input line 231.
LaTeX Font Info:    Redeclaring math symbol \Theta on input line 231.
LaTeX Font Info:    Redeclaring math symbol \Lambda on input line 231.
LaTeX Font Info:    Redeclaring math symbol \Xi on input line 231.
LaTeX Font Info:    Redeclaring math symbol \Pi on input line 231.
LaTeX Font Info:    Redeclaring math symbol \Sigma on input line 231.
LaTeX Font Info:    Redeclaring math symbol \Upsilon on input line 231.
LaTeX Font Info:    Redeclaring math symbol \Phi on input line 231.
LaTeX Font Info:    Redeclaring math symbol \Psi on input line 231.
LaTeX Font Info:    Redeclaring math symbol \Omega on input line 231.
LaTeX Font Info:    Redeclaring math symbol \mathdollar on input line 231.
LaTeX Font Info:    Redeclaring symbol font `operators' on input line 231.
LaTeX Font Info:    Encoding `OT1' has changed to `TU' for symbol font
(Font)              `operators' in the math version `normal' on input line 231.

LaTeX Font Info:    Overwriting symbol font `operators' in version `normal'
(Font)                  OT1/cmr/m/n --> TU/TimesNewRoman(0)/m/n on input line 2
31.
LaTeX Font Info:    Encoding `OT1' has changed to `TU' for symbol font
(Font)              `operators' in the math version `bold' on input line 231.
LaTeX Font Info:    Overwriting symbol font `operators' in version `bold'
(Font)                  OT1/cmr/bx/n --> TU/TimesNewRoman(0)/m/n on input line 
231.
LaTeX Font Info:    Overwriting symbol font `operators' in version `normal'
(Font)                  TU/TimesNewRoman(0)/m/n --> TU/TimesNewRoman(0)/m/n on 
input line 231.
LaTeX Font Info:    Overwriting math alphabet `\mathit' in version `normal'
(Font)                  OT1/cmr/m/it --> TU/TimesNewRoman(0)/m/it on input line
 231.
LaTeX Font Info:    Overwriting math alphabet `\mathbf' in version `normal'
(Font)                  OT1/cmr/bx/n --> TU/TimesNewRoman(0)/b/n on input line 
231.
LaTeX Font Info:    Overwriting math alphabet `\mathsf' in version `normal'
(Font)                  OT1/cmss/m/n --> TU/lmss/m/n on input line 231.
LaTeX Font Info:    Overwriting math alphabet `\mathtt' in version `normal'
(Font)                  OT1/cmtt/m/n --> TU/lmtt/m/n on input line 231.
LaTeX Font Info:    Overwriting symbol font `operators' in version `bold'
(Font)                  TU/TimesNewRoman(0)/m/n --> TU/TimesNewRoman(0)/b/n on 
input line 231.
LaTeX Font Info:    Overwriting math alphabet `\mathit' in version `bold'
(Font)                  OT1/cmr/bx/it --> TU/TimesNewRoman(0)/b/it on input lin
e 231.
LaTeX Font Info:    Overwriting math alphabet `\mathsf' in version `bold'
(Font)                  OT1/cmss/bx/n --> TU/lmss/b/n on input line 231.
LaTeX Font Info:    Overwriting math alphabet `\mathtt' in version `bold'
(Font)                  OT1/cmtt/m/n --> TU/lmtt/b/n on input line 231.
LaTeX Info: Redefining \microtypecontext on input line 231.
Package microtype Info: Applying patch `item' on input line 231.
Package microtype Info: Applying patch `toc' on input line 231.
Package microtype Info: Applying patch `eqnum' on input line 231.
Package microtype Info: Applying patch `footnote' on input line 231.
Package microtype Info: Applying patch `verbatim' on input line 231.
LaTeX Info: Redefining \microtypesetup on input line 231.
Package microtype Info: Character protrusion enabled (level 2).
Package microtype Info: Using protrusion set `basicmath'.
Package microtype Info: No adjustment of tracking.
Package microtype Info: No adjustment of spacing.
Package microtype Info: No adjustment of kerning.
Package microtype Info: Loading generic protrusion settings for font family
(microtype)             `TimesNewRoman' (encoding: TU).
(microtype)             For optimal results, create family-specific settings.
(microtype)             See the microtype manual for details.
Package hyperref Info: Link coloring OFF on input line 231.
LaTeX Font Info:    Trying to load font information for U+msa on input line 261
.
(C:\Users\Admin\AppData\Local\Programs\MiKTeX\tex/latex/amsfonts\umsa.fd
File: umsa.fd 2013/01/14 v3.01 AMS symbols A
)
(C:\Users\Admin\AppData\Local\Programs\MiKTeX\tex/latex/microtype\mt-msa.cfg
File: mt-msa.cfg 2006/02/04 v1.1 microtype config. file: AMS symbols (a) (RS)
)
LaTeX Font Info:    Trying to load font information for U+msb on input line 261
.

(C:\Users\Admin\AppData\Local\Programs\MiKTeX\tex/latex/amsfonts\umsb.fd
File: umsb.fd 2013/01/14 v3.01 AMS symbols B
)
(C:\Users\Admin\AppData\Local\Programs\MiKTeX\tex/latex/microtype\mt-msb.cfg
File: mt-msb.cfg 2005/06/01 v1.0 microtype config. file: AMS symbols (b) (RS)
)
(C:\Users\Admin\AppData\Local\Programs\MiKTeX\tex/latex/microtype\mt-cmr.cfg
File: mt-cmr.cfg 2013/05/19 v2.2 microtype config. file: Computer Modern Roman 
(RS)
)
[1

] [2

] [3

] [4

] [5

] [6

] [7

] [8

] [1



] [2

] [3] [4

]
Underfull \hbox (badness 10000) in alignment at lines 632--635
[] [] []
 []


Underfull \hbox (badness 10000) in alignment at lines 635--637
[] [] []
 []


Underfull \hbox (badness 10000) in alignment at lines 637--708
[] [] []
 []


ignored: Infinite glue shrinkage found in box being split [5

] [6]
Underfull \hbox (badness 10000) in alignment at lines 716--719
[] [] []
 []


Underfull \hbox (badness 10000) in alignment at lines 719--721
[] [] []
 []


Underfull \hbox (badness 10000) in alignment at lines 721--733
[] [] []
 []

[7

]
Underfull \hbox (badness 10000) in alignment at lines 741--744
[] [] []
 []


Underfull \hbox (badness 10000) in alignment at lines 744--746
[] [] []
 []


Underfull \hbox (badness 10000) in alignment at lines 746--873
[] [] []
 []


ignored: Infinite glue shrinkage found in box being split [8

]
ignored: Infinite glue shrinkage found in box being split [9] [10]
Underfull \hbox (badness 10000) in alignment at lines 881--884
[] [] []
 []


Underfull \hbox (badness 10000) in alignment at lines 884--886
[] [] []
 []


Underfull \hbox (badness 10000) in alignment at lines 886--935
[] [] []
 []

[11

]
File: ./assets/figures/01-chuong-1-gioi-thieu-hinh-1-1.png Graphic file (type b
mp)
<./assets/figures/01-chuong-1-gioi-thieu-hinh-1-1.png>
 [1


] [2]
Underfull \hbox (badness 10000) in alignment at lines 1157--1160
[] [] []
 []


Underfull \hbox (badness 10000) in alignment at lines 1160--1162
[] [] []
 []


Underfull \hbox (badness 10000) in paragraph at lines 1163--1164
[]|\TU/TimesNewRoman(0)/m/n/10 ESP32-S3, SIMCom
 []


Underfull \hbox (badness 10000) in paragraph at lines 1165--1165
[]|\TU/TimesNewRoman(0)/m/n/10 ESP-IDF, FreeRTOS, MQTT
 []


Underfull \hbox (badness 10000) in paragraph at lines 1167--1167
[]|\TU/TimesNewRoman(0)/m/n/10 Express.js, TypeScript, Post-
 []


Underfull \hbox (badness 10000) in alignment at lines 1162--1173
[] [] []
 []


Underfull \hbox (badness 10000) in alignment at lines 1190--1193
[] [] []
 []


Underfull \hbox (badness 10000) in alignment at lines 1193--1195
[] [] []
 []


Underfull \hbox (badness 10000) in paragraph at lines 1199--1199
[]|\TU/TimesNewRoman(0)/m/n/10 Thời lượng pin dự phòng
 []


Underfull \hbox (badness 10000) in alignment at lines 1195--1205
[] [] []
 []

[3]
Underfull \hbox (badness 10000) in alignment at lines 1216--1219
[] [] []
 []


Underfull \hbox (badness 10000) in alignment at lines 1219--1221
[] [] []
 []


Underfull \hbox (badness 7796) in paragraph at lines 1228--1228
[]|\TU/TimesNewRoman(0)/m/n/10 Phát hiện chuyển động bất
 []


Underfull \hbox (badness 10000) in alignment at lines 1221--1229
[] [] []
 []


Underfull \hbox (badness 10000) in alignment at lines 1238--1241
[] [] []
 []


Underfull \hbox (badness 10000) in alignment at lines 1241--1243
[] [] []
 []


Underfull \hbox (badness 2961) in paragraph at lines 1249--1250
[]|\TU/TimesNewRoman(0)/m/n/10 Session-based, SHA-256 hashed to-
 []


Underfull \hbox (badness 10000) in alignment at lines 1243--1250
[] [] []
 []


Underfull \hbox (badness 10000) in alignment at lines 1259--1262
[] [] []
 []


Underfull \hbox (badness 10000) in alignment at lines 1262--1264
[] [] []
 []


Underfull \hbox (badness 10000) in alignment at lines 1264--1269
[] [] []
 []

[4]
File: ./assets/figures/01-chuong-1-gioi-thieu-hinh-1-2.png Graphic file (type b
mp)
<./assets/figures/01-chuong-1-gioi-thieu-hinh-1-2.png>
 [5]
File: ./assets/figures/01-chuong-1-gioi-thieu-hinh-1-3.png Graphic file (type b
mp)
<./assets/figures/01-chuong-1-gioi-thieu-hinh-1-3.png>
 [6]
File: ./assets/figures/01-chuong-1-gioi-thieu-hinh-1-4.png Graphic file (type b
mp)
<./assets/figures/01-chuong-1-gioi-thieu-hinh-1-4.png>

Underfull \hbox (badness 10000) in alignment at lines 1419--1422
[] [] [] []
 []


Underfull \hbox (badness 10000) in alignment at lines 1422--1424
[] [] [] []
 []


Underfull \hbox (badness 10000) in paragraph at lines 1426--1426
[]|\TU/TimesNewRoman(0)/m/n/10 SIMCom
 []


Underfull \hbox (badness 10000) in paragraph at lines 1426--1426
\TU/TimesNewRoman(0)/m/n/10 SIM7600CE-
 []


Underfull \hbox (badness 2717) in paragraph at lines 1429--1429
[]|\TU/TimesNewRoman(0)/m/n/10 Phát hiện chuyển động và
 []


Underfull \hbox (badness 10000) in paragraph at lines 1444--1444
[]|\TU/TimesNewRoman(0)/m/n/10 Grafana +
 []


Underfull \hbox (badness 10000) in paragraph at lines 1444--1444
\TU/TimesNewRoman(0)/m/n/10 VictoriaMet-
 []


Underfull \hbox (badness 10000) in alignment at lines 1424--1446
[] [] [] []
 []


ignored: Infinite glue shrinkage found in box being split [7] [8]
File: ./assets/figures/01-chuong-1-gioi-thieu-hinh-1-5.png Graphic file (type b
mp)
<./assets/figures/01-chuong-1-gioi-thieu-hinh-1-5.png>
 [9] [10] [11

]
Underfull \hbox (badness 10000) in paragraph at lines 1725--1725
[]|\TU/TimesNewRoman(0)/b/n/10 Giám sát
 []


Underfull \hbox (badness 10000) in paragraph at lines 1726--1726
[]|\TU/TimesNewRoman(0)/b/n/10 Fleet Management
 []


Underfull \hbox (badness 10000) in alignment at lines 1724--1728
[] [] [] [] []
 []


Underfull \hbox (badness 10000) in alignment at lines 1728--1730
[] [] [] [] []
 []


Underfull \hbox (badness 10000) in paragraph at lines 1731--1732
[]|\TU/TimesNewRoman(0)/m/n/10 1.000.000–5.000.000
 []


Underfull \hbox (badness 10000) in paragraph at lines 1732--1733
[]|\TU/TimesNewRoman(0)/m/n/10 870.000–1.630.000
 []


Underfull \hbox (badness 4765) in paragraph at lines 1733--1733
[]|\TU/TimesNewRoman(0)/m/n/10 Phí dịch vụ
 []


Underfull \hbox (badness 10000) in paragraph at lines 1733--1734
[]|\TU/TimesNewRoman(0)/m/n/10 200.000–500.000
 []


Underfull \hbox (badness 10000) in paragraph at lines 1734--1735
[]|\TU/TimesNewRoman(0)/m/n/10 Chi phí 4G SIM
 []


Underfull \hbox (badness 5345) in paragraph at lines 1735--1735
[]|\TU/TimesNewRoman(0)/m/n/10 Thấp (báo
 []


Underfull \hbox (badness 10000) in paragraph at lines 1735--1735
\TU/TimesNewRoman(0)/m/n/10 cáo thủ
 []


Underfull \hbox (badness 10000) in paragraph at lines 1736--1737
[]|\TU/TimesNewRoman(0)/m/n/10 Cao (GNSS đa hệ
 []


Underfull \hbox (badness 10000) in paragraph at lines 1739--1739
\TU/TimesNewRoman(0)/m/n/10 thường khi
 []


Underfull \hbox (badness 10000) in paragraph at lines 1741--1741
[]|\TU/TimesNewRoman(0)/m/n/10 Không áp
 []


Underfull \hbox (badness 10000) in paragraph at lines 1743--1743
[]|\TU/TimesNewRoman(0)/m/n/10 Không áp
 []


Underfull \hbox (badness 1817) in paragraph at lines 1745--1745
[]|\TU/TimesNewRoman(0)/m/n/10 Tích hợp hệ
 []


Underfull \hbox (badness 10000) in alignment at lines 1730--1747
[] [] [] [] []
 []

[12]
Underfull \hbox (badness 10000) in alignment at lines 1766--1769
[] [] [] []
 []


Underfull \hbox (badness 10000) in alignment at lines 1769--1771
[] [] [] []
 []


Underfull \hbox (badness 10000) in paragraph at lines 1776--1778
[]|\TU/TimesNewRoman(0)/m/n/10 2 mức (Confirmable/Non-
 []


Underfull \hbox (badness 10000) in paragraph at lines 1779--1779
[]|\TU/TimesNewRoman(0)/m/n/10 Không (cần
 []


Underfull \hbox (badness 10000) in alignment at lines 1771--1784
[] [] [] []
 []


Underfull \hbox (badness 10000) in alignment at lines 1815--1818
[] [] [] []
 []


Underfull \hbox (badness 10000) in alignment at lines 1818--1820
[] [] [] []
 []


Underfull \hbox (badness 1137) in paragraph at lines 1821--1821
[]|\TU/TimesNewRoman(0)/m/n/10 ARM Cortex-M4, 80
 []


Underfull \hbox (badness 10000) in paragraph at lines 1824--1824
[]|\TU/TimesNewRoman(0)/m/n/10 BLE 5.0 (tích
 []


Underfull \hbox (badness 10000) in paragraph at lines 1824--1824
[]|\TU/TimesNewRoman(0)/m/n/10 Không (cần module
 []


Underfull \hbox (badness 10000) in paragraph at lines 1830--1830
[]|\TU/TimesNewRoman(0)/m/n/10 Arduino / ESP-
 []


Underfull \hbox (badness 10000) in paragraph at lines 1830--1830
[]|\TU/TimesNewRoman(0)/m/n/10 STM32CubeIDE /
 []


Underfull \hbox (badness 10000) in alignment at lines 1820--1834
[] [] [] []
 []


ignored: Infinite glue shrinkage found in box being split [13]
Underfull \hbox (badness 10000) in paragraph at lines 1868--1868
[]|\TU/TimesNewRoman(0)/b/n/10 PostgreSQL +
 []


Underfull \hbox (badness 10000) in paragraph at lines 1868--1868
[]|\TU/TimesNewRoman(0)/b/n/10 MongoDB + In-
 []


Underfull \hbox (badness 10000) in alignment at lines 1867--1870
[] [] [] []
 []


Underfull \hbox (badness 10000) in alignment at lines 1870--1872
[] [] [] []
 []


Underfull \hbox (badness 10000) in paragraph at lines 1873--1873
[]|\TU/TimesNewRoman(0)/m/n/10 Rất tốt (Post-
 []


Underfull \hbox (badness 10000) in paragraph at lines 1873--1874
[]|\TU/TimesNewRoman(0)/m/n/10 Trung bình (Mon-
 []


Underfull \hbox (badness 1552) in paragraph at lines 1875--1875
[]|\TU/TimesNewRoman(0)/m/n/10 Rất tốt (Victoria-
 []


Underfull \hbox (badness 6526) in paragraph at lines 1877--1877
[]|\TU/TimesNewRoman(0)/m/n/10 Cao (VM: hàng
 []


Underfull \hbox (badness 1424) in paragraph at lines 1877--1878
[]|\TU/TimesNewRoman(0)/m/n/10 Cao (InfluxDB: hàng
 []


Underfull \hbox (badness 10000) in paragraph at lines 1879--1881
[]|\TU/TimesNewRoman(0)/m/n/10 Tốt (PostgreSQL compres-
 []


Underfull \hbox (badness 6526) in paragraph at lines 1881--1881
[]|\TU/TimesNewRoman(0)/m/n/10 Thấp (VM: 1–2
 []


Underfull \hbox (badness 10000) in paragraph at lines 1883--1884
[]|\TU/TimesNewRoman(0)/m/n/10 MongoDB Query +
 []


Underfull \hbox (badness 5637) in paragraph at lines 1886--1886
[]|\TU/TimesNewRoman(0)/m/n/10 SSPL (MongoDB) +
 []


Underfull \hbox (badness 10000) in alignment at lines 1872--1890
[] [] [] []
 []

[14]
File: ./assets/figures/02-chuong-2-phan-tich-hinh-2-1.png Graphic file (type bm
p)
<./assets/figures/02-chuong-2-phan-tich-hinh-2-1.png>
 [15]
Underfull \hbox (badness 10000) in alignment at lines 2114--2117
[] [] []
 []


Underfull \hbox (badness 10000) in alignment at lines 2117--2119
[] [] []
 []


Underfull \hbox (badness 10000) in paragraph at lines 2121--2123
[]|\TU/TimesNewRoman(0)/m/n/10 Truyền dữ liệu qua modem
 []


Underfull \hbox (badness 10000) in alignment at lines 2119--2131
[] [] []
 []

[16]
Underfull \hbox (badness 10000) in paragraph at lines 2152--2152
[]|\TU/TimesNewRoman(0)/b/n/10 Bên liên
 []


Underfull \hbox (badness 10000) in alignment at lines 2151--2154
[] [] [] [] []
 []


Underfull \hbox (badness 10000) in alignment at lines 2154--2156
[] [] [] [] []
 []


Underfull \hbox (badness 10000) in paragraph at lines 2157--2157
[]|\TU/TimesNewRoman(0)/m/n/10 Công ty
 []


Underfull \hbox (badness 7468) in paragraph at lines 2157--2160
[]|\TU/TimesNewRoman(0)/m/n/10 Giám sát vị trí tất
 []


Underfull \hbox (badness 1540) in paragraph at lines 2157--2160
\TU/TimesNewRoman(0)/m/n/10 cả xe theo thời gian
 []


Underfull \hbox (badness 2671) in paragraph at lines 2157--2160
\TU/TimesNewRoman(0)/m/n/10 cho phép (geofence);
 []


Underfull \hbox (badness 5175) in paragraph at lines 2157--2160
\TU/TimesNewRoman(0)/m/n/10 Báo cáo hành trình,
 []


Underfull \hbox (badness 6284) in paragraph at lines 2157--2160
\TU/TimesNewRoman(0)/m/n/10 quãng đường, nhiên
 []


Underfull \hbox (badness 10000) in paragraph at lines 2161--2161
[]|\TU/TimesNewRoman(0)/m/n/10 Tài xế /
 []


Underfull \hbox (badness 7099) in paragraph at lines 2161--2163
\TU/TimesNewRoman(0)/m/n/10 Thiết bị không ảnh
 []


Underfull \hbox (badness 1635) in paragraph at lines 2161--2163
\TU/TimesNewRoman(0)/m/n/10 hưởng đến vận hành
 []


Underfull \hbox (badness 10000) in paragraph at lines 2164--2164
[]|\TU/TimesNewRoman(0)/m/n/10 Quản trị
 []


Underfull \hbox (badness 10000) in paragraph at lines 2164--2164
\TU/TimesNewRoman(0)/m/n/10 viên hệ
 []


Underfull \hbox (badness 5878) in paragraph at lines 2164--2166
\TU/TimesNewRoman(0)/m/n/10 sử dụng; Hệ thống
 []


Underfull \hbox (badness 3930) in paragraph at lines 2164--2166
\TU/TimesNewRoman(0)/m/n/10 ổn định, ít lỗi; Có
 []


Underfull \hbox (badness 10000) in paragraph at lines 2164--2166
\TU/TimesNewRoman(0)/m/n/10 khả năng theo dõi
 []


Underfull \hbox (badness 10000) in paragraph at lines 2164--2166
\TU/TimesNewRoman(0)/m/n/10 trạng thái thiết bị
 []


Underfull \hbox (badness 1412) in paragraph at lines 2167--2169
\TU/TimesNewRoman(0)/m/n/10 định kỳ (battery low,
 []


Underfull \hbox (badness 10000) in paragraph at lines 2170--2170
[]|\TU/TimesNewRoman(0)/m/n/10 Khách
 []


Underfull \hbox (badness 10000) in paragraph at lines 2170--2170
\TU/TimesNewRoman(0)/m/n/10 hàng
 []


Underfull \hbox (badness 10000) in paragraph at lines 2170--2170
\TU/TimesNewRoman(0)/m/n/10 (người
 []


Underfull \hbox (badness 10000) in paragraph at lines 2170--2170
\TU/TimesNewRoman(0)/m/n/10 thuê xe
 []


Underfull \hbox (badness 10000) in paragraph at lines 2170--2172
[]|\TU/TimesNewRoman(0)/m/n/10 Quá trình thuê xe
 []


Underfull \hbox (badness 1983) in paragraph at lines 2170--2172
\TU/TimesNewRoman(0)/m/n/10 vào độ bảo mật của
 []


Underfull \hbox (badness 10000) in alignment at lines 2156--2173
[] [] [] [] []
 []


ignored: Infinite glue shrinkage found in box being split [17]
Underfull \hbox (badness 10000) in paragraph at lines 2249--2249
[]|\TU/TimesNewRoman(0)/b/n/10 Yêu
 []


Underfull \hbox (badness 10000) in paragraph at lines 2249--2249
\TU/TimesNewRoman(0)/b/n/10 cầu
 []


Underfull \hbox (badness 10000) in paragraph at lines 2249--2249
\TU/TimesNewRoman(0)/b/n/10 bên
 []


Underfull \hbox (badness 10000) in paragraph at lines 2249--2249
\TU/TimesNewRoman(0)/b/n/10 liên
 []


Underfull \hbox (badness 10000) in paragraph at lines 2250--2250
[]|\TU/TimesNewRoman(0)/b/n/10 FC-03 (Bất
 []


Underfull \hbox (badness 10000) in paragraph at lines 2250--2250
[]|\TU/TimesNewRoman(0)/b/n/10 FC-04 (Năng
 []


Overfull \hbox (5.1796pt too wide) in alignment at lines 2248--2252
[] [] [] [] [] []
 []


Overfull \hbox (5.1796pt too wide) in alignment at lines 2252--2254
[] [] [] [] [] []
 []


Underfull \hbox (badness 10000) in paragraph at lines 2255--2255
[]|\TU/TimesNewRoman(0)/m/n/10 Giám
 []


Underfull \hbox (badness 10000) in paragraph at lines 2255--2255
\TU/TimesNewRoman(0)/m/n/10 sát
 []


Underfull \hbox (badness 10000) in paragraph at lines 2255--2255
\TU/TimesNewRoman(0)/m/n/10 vị trí
 []


Underfull \hbox (badness 10000) in paragraph at lines 2256--2256
[]|\TU/TimesNewRoman(0)/m/n/10 Cảnh
 []


Underfull \hbox (badness 10000) in paragraph at lines 2256--2256
\TU/TimesNewRoman(0)/m/n/10 báo
 []


Underfull \hbox (badness 10000) in paragraph at lines 2256--2256
\TU/TimesNewRoman(0)/m/n/10 ge-
 []


Underfull \hbox (badness 10000) in paragraph at lines 2257--2257
[]|\TU/TimesNewRoman(0)/m/n/10 Báo
 []


Underfull \hbox (badness 10000) in paragraph at lines 2257--2257
\TU/TimesNewRoman(0)/m/n/10 cáo
 []


Underfull \hbox (badness 10000) in paragraph at lines 2257--2257
\TU/TimesNewRoman(0)/m/n/10 nhiên
 []


Underfull \hbox (badness 10000) in paragraph at lines 2258--2258
[]|\TU/TimesNewRoman(0)/m/n/10 Phát
 []


Underfull \hbox (badness 10000) in paragraph at lines 2258--2258
\TU/TimesNewRoman(0)/m/n/10 hiện
 []


Underfull \hbox (badness 10000) in paragraph at lines 2258--2258
\TU/TimesNewRoman(0)/m/n/10 trộm
 []


Underfull \hbox (badness 10000) in paragraph at lines 2259--2259
[]|\TU/TimesNewRoman(0)/m/n/10 Không
 []


Underfull \hbox (badness 10000) in paragraph at lines 2260--2260
[]|\TU/TimesNewRoman(0)/m/n/10 Quản
 []


Underfull \hbox (badness 10000) in paragraph at lines 2260--2260
\TU/TimesNewRoman(0)/m/n/10 lý
 []


Underfull \hbox (badness 10000) in paragraph at lines 2260--2260
\TU/TimesNewRoman(0)/m/n/10 thiết
 []


Underfull \hbox (badness 10000) in paragraph at lines 2260--2260
\TU/TimesNewRoman(0)/m/n/10 bị từ
 []


Underfull \hbox (badness 10000) in paragraph at lines 2261--2261
[]|\TU/TimesNewRoman(0)/m/n/10 Chẩn
 []


Underfull \hbox (badness 10000) in paragraph at lines 2261--2261
\TU/TimesNewRoman(0)/m/n/10 đoán
 []


Underfull \hbox (badness 10000) in paragraph at lines 2261--2261
\TU/TimesNewRoman(0)/m/n/10 lỗi từ
 []


Overfull \hbox (5.1796pt too wide) in alignment at lines 2254--2262
[] [] [] [] [] []
 []

[18] [19]
File: ./assets/figures/03-chuong-3-giai-phap-phan-cung-hinh-3-1.png Graphic fil
e (type bmp)
<./assets/figures/03-chuong-3-giai-phap-phan-cung-hinh-3-1.png>
File: ./assets/figures/03-chuong-3-giai-phap-phan-cung-hinh-3-1a.png Graphic fi
le (type bmp)
<./assets/figures/03-chuong-3-giai-phap-phan-cung-hinh-3-1a.png>
 [20

]
Underfull \hbox (badness 10000) in alignment at lines 2382--2385
[] [] [] []
 []


Underfull \hbox (badness 10000) in alignment at lines 2385--2387
[] [] [] []
 []


Underfull \hbox (badness 10000) in paragraph at lines 2389--2389
\TU/TimesNewRoman(0)/m/n/10 phải thêm module
 []


Underfull \hbox (badness 10000) in paragraph at lines 2391--2392
[]|\TU/TimesNewRoman(0)/m/n/10 3 UART con-
 []


Underfull \hbox (badness 10000) in paragraph at lines 2391--2392
\TU/TimesNewRoman(0)/m/n/10 trollers (đủ cho
 []


Underfull \hbox (badness 1769) in paragraph at lines 2391--2392
\TU/TimesNewRoman(0)/m/n/10 modem + debug,
 []


Underfull \hbox (badness 4132) in paragraph at lines 2391--2392
\TU/TimesNewRoman(0)/m/n/10 còn dư cho mở
 []


Underfull \hbox (badness 10000) in paragraph at lines 2392--2394
[]|\TU/TimesNewRoman(0)/m/n/10 Nhiều serial in-
 []


Underfull \hbox (badness 10000) in paragraph at lines 2392--2394
\TU/TimesNewRoman(0)/m/n/10 stance trong dòng
 []


Underfull \hbox (badness 10000) in paragraph at lines 2392--2394
\TU/TimesNewRoman(0)/m/n/10 STM32L476 (US-
 []


Overfull \hbox (3.04082pt too wide) in paragraph at lines 2392--2394
\TU/TimesNewRoman(0)/m/n/10 ART/UART/LPUART),
 []


Underfull \hbox (badness 2181) in paragraph at lines 2392--2394
\TU/TimesNewRoman(0)/m/n/10 đáp ứng yêu cầu số
 []


Underfull \hbox (badness 10000) in paragraph at lines 2396--2397
[]|\TU/TimesNewRoman(0)/m/n/10 Dual-core 240
 []


Underfull \hbox (badness 10000) in paragraph at lines 2396--2397
\TU/TimesNewRoman(0)/m/n/10 MHz, 512 KB
 []


Underfull \hbox (badness 10000) in paragraph at lines 2397--2397
[]|\TU/TimesNewRoman(0)/m/n/10 Cortex-M4 tới 80
 []


Underfull \hbox (badness 10000) in paragraph at lines 2397--2397
\TU/TimesNewRoman(0)/m/n/10 trên STM32L476RE
 []


Underfull \hbox (badness 3128) in paragraph at lines 2398--2399
[]|\TU/TimesNewRoman(0)/m/n/10 Cortex-M4F 64 MHz, 256
 []


Underfull \hbox (badness 10000) in paragraph at lines 2399--2400
[]|\TU/TimesNewRoman(0)/m/n/10 Deep-sleep mức
 []


Underfull \hbox (badness 10000) in paragraph at lines 2400--2401
[]|\TU/TimesNewRoman(0)/m/n/10 STOP2 cỡ 1.1
 []


Underfull \hbox (badness 10000) in paragraph at lines 2400--2401
\TU/TimesNewRoman(0)/m/n/10 µA (theo điều
 []


Underfull \hbox (badness 10000) in paragraph at lines 2400--2401
\TU/TimesNewRoman(0)/m/n/10 kiện datasheet),
 []


Underfull \hbox (badness 10000) in paragraph at lines 2400--2401
\TU/TimesNewRoman(0)/m/n/10 standby/shutdown cỡ
 []


Underfull \hbox (badness 10000) in paragraph at lines 2403--2403
[]|\TU/TimesNewRoman(0)/m/n/10 Arduino IDE +
 []


Underfull \hbox (badness 10000) in paragraph at lines 2403--2404
[]|\TU/TimesNewRoman(0)/m/n/10 STM32Cube/HAL
 []


Underfull \hbox (badness 1960) in paragraph at lines 2405--2405
[]|\TU/TimesNewRoman(0)/m/n/10 Không cần thêm
 []


Underfull \hbox (badness 6859) in paragraph at lines 2405--2407
\TU/TimesNewRoman(0)/m/n/10 nếu vẫn giữ OBD2
 []


Underfull \hbox (badness 10000) in paragraph at lines 2405--2407
\TU/TimesNewRoman(0)/m/n/10 BLE (STM32L476
 []


Underfull \hbox (badness 10000) in paragraph at lines 2407--2409
[]|\TU/TimesNewRoman(0)/m/n/10 Không cần BLE module,
 []


Underfull \hbox (badness 2772) in paragraph at lines 2407--2409
\TU/TimesNewRoman(0)/m/n/10 nhưng cần xử lý bài toán
 []


Underfull \hbox (badness 4316) in paragraph at lines 2410--2410
\TU/TimesNewRoman(0)/m/n/10 VND (mặt bằng
 []


Underfull \hbox (badness 10000) in paragraph at lines 2411--2411
[]| \TU/TimesNewRoman(0)/m/n/10 150.000–300.000
 []


Underfull \hbox (badness 10000) in paragraph at lines 2413--2414
\TU/TimesNewRoman(0)/m/n/10 BLE + modem
 []


Underfull \hbox (badness 10000) in paragraph at lines 2413--2414
\TU/TimesNewRoman(0)/m/n/10 UART, thuận
 []


Underfull \hbox (badness 1769) in paragraph at lines 2413--2414
\TU/TimesNewRoman(0)/m/n/10 lợi cho tích hợp
 []


Underfull \hbox (badness 10000) in paragraph at lines 2413--2414
\TU/TimesNewRoman(0)/m/n/10 GNSS trong
 []


Underfull \hbox (badness 4168) in paragraph at lines 2414--2415
\TU/TimesNewRoman(0)/m/n/10 ngoài và công đoạn
 []


Underfull \hbox (badness 2165) in paragraph at lines 2415--2417
[]|\TU/TimesNewRoman(0)/m/n/10 Có thể phải chuyển debug
 []


Underfull \hbox (badness 10000) in alignment at lines 2387--2417
[] [] [] []
 []


ignored: Infinite glue shrinkage found in box being split [21]
Underfull \hbox (badness 10000) in alignment at lines 2482--2485
[] []
 []


Underfull \hbox (badness 10000) in alignment at lines 2485--2487
[] []
 []


Underfull \hbox (badness 10000) in alignment at lines 2487--2504
[] []
 []


ignored: Infinite glue shrinkage found in box being split [22]
Underfull \hbox (badness 10000) in alignment at lines 2548--2551
[] [] [] []
 []


Underfull \hbox (badness 10000) in alignment at lines 2551--2553
[] [] [] []
 []


Underfull \hbox (badness 10000) in paragraph at lines 2554--2555
[]|\TU/TimesNewRoman(0)/m/n/10 2 khối rời:
 []


Underfull \hbox (badness 10000) in paragraph at lines 2554--2555
\TU/TimesNewRoman(0)/m/n/10 A7670C (LTE)
 []


Underfull \hbox (badness 10000) in paragraph at lines 2554--2555
\TU/TimesNewRoman(0)/m/n/10 + NEO-M8N
 []


Underfull \hbox (badness 10000) in paragraph at lines 2555--2556
\TU/TimesNewRoman(0)/m/n/10 CN (LTE) + NEO-
 []


Underfull \hbox (badness 10000) in paragraph at lines 2555--2556
\TU/TimesNewRoman(0)/m/n/10 M8N (GNSS) [59],
 []


Underfull \hbox (badness 1789) in paragraph at lines 2557--2557
[]|\TU/TimesNewRoman(0)/m/n/10 Cat-1, tối đa 10
 []


Underfull \hbox (badness 10000) in paragraph at lines 2557--2557
\TU/TimesNewRoman(0)/m/n/10 Mbps DL / 5
 []


Underfull \hbox (badness 10000) in paragraph at lines 2560--2561
[]|\TU/TimesNewRoman(0)/m/n/10 Không tích
 []


Underfull \hbox (badness 10000) in paragraph at lines 2560--2561
\TU/TimesNewRoman(0)/m/n/10 hợp GNSS trên
 []


Underfull \hbox (badness 10000) in paragraph at lines 2560--2561
\TU/TimesNewRoman(0)/m/n/10 A7670C, cần
 []


Underfull \hbox (badness 1184) in paragraph at lines 2561--2562
[]|\TU/TimesNewRoman(0)/m/n/10 GNSS tùy chọn theo
 []


Underfull \hbox (badness 10000) in paragraph at lines 2563--2563
[]|\TU/TimesNewRoman(0)/m/n/10 3.4–4.2 V (typ.
 []


Underfull \hbox (badness 10000) in paragraph at lines 2565--2566
[]|\TU/TimesNewRoman(0)/m/n/10 NMEA/UBX từ
 []


Underfull \hbox (badness 10000) in paragraph at lines 2565--2566
\TU/TimesNewRoman(0)/m/n/10 NEO-M8N qua
 []


Underfull \hbox (badness 10000) in paragraph at lines 2568--2569
[]|\TU/TimesNewRoman(0)/m/n/10 Có, nếu triển khai
 []


Underfull \hbox (badness 10000) in paragraph at lines 2568--2569
\TU/TimesNewRoman(0)/m/n/10 tách tương tự
 []


Underfull \hbox (badness 4531) in paragraph at lines 2569--2571
[]|\TU/TimesNewRoman(0)/m/n/10 Không tách hoàn toàn do
 []


Underfull \hbox (badness 1019) in paragraph at lines 2571--2572
[]|\TU/TimesNewRoman(0)/m/n/10 Có thể reset mo-
 []


Underfull \hbox (badness 1117) in paragraph at lines 2572--2572
[]|\TU/TimesNewRoman(0)/m/n/10 Tương tự phương án
 []


Underfull \hbox (badness 7362) in paragraph at lines 2572--2574
[]|\TU/TimesNewRoman(0)/m/n/10 Reset modem thường kéo
 []


Underfull \hbox (badness 10000) in paragraph at lines 2574--2575
[]|\TU/TimesNewRoman(0)/m/n/10 Thấp, tách rõ
 []


Underfull \hbox (badness 10000) in paragraph at lines 2574--2575
\TU/lmtt/m/n/10 modem_lte \TU/TimesNewRoman(0)/m/n/10 và
 []


Underfull \hbox (badness 10000) in paragraph at lines 2577--2578
[]|\TU/TimesNewRoman(0)/m/n/10 Bộ modem +
 []


Underfull \hbox (badness 1132) in paragraph at lines 2577--2578
\TU/TimesNewRoman(0)/m/n/10 GNSS đang chốt
 []


Underfull \hbox (badness 10000) in paragraph at lines 2577--2578
\TU/TimesNewRoman(0)/m/n/10 330.000–500.000
 []


Underfull \hbox (badness 6412) in paragraph at lines 2577--2578
\TU/TimesNewRoman(0)/m/n/10 VND (BOM dự
 []


Underfull \hbox (badness 4303) in paragraph at lines 2578--2579
[]|\TU/TimesNewRoman(0)/m/n/10 Chưa phải cấu hình
 []


Underfull \hbox (badness 10000) in alignment at lines 2553--2580
[] [] [] []
 []


ignored: Infinite glue shrinkage found in box being split [23]
Underfull \hbox (badness 10000) in alignment at lines 2613--2616
[] []
 []


Underfull \hbox (badness 10000) in alignment at lines 2616--2618
[] []
 []


Underfull \hbox (badness 1466) in paragraph at lines 2623--2625
[]|\TU/TimesNewRoman(0)/m/n/10 GNSS tích hợp (GPS/GLONASS/BeiDou/Galileo), điều
 khiển bằng
 []


Underfull \hbox (badness 1931) in paragraph at lines 2628--2631
[]|\TU/TimesNewRoman(0)/m/n/10 LTE dùng AT command cho PDP/MQTT; GNSS lấy dữ li
ệu qua
 []


Underfull \hbox (badness 10000) in alignment at lines 2618--2642
[] []
 []


ignored: Infinite glue shrinkage found in box being split [24]
Underfull \hbox (badness 10000) in paragraph at lines 2668--2668
[]|\TU/TimesNewRoman(0)/b/n/10 OBD2 có dây (ELM327
 []


Underfull \hbox (badness 10000) in alignment at lines 2667--2671
[] [] []
 []


Underfull \hbox (badness 10000) in alignment at lines 2671--2673
[] [] []
 []


Underfull \hbox (badness 10000) in paragraph at lines 2680--2683
[]|\TU/TimesNewRoman(0)/m/n/10 Vgate công bố hỗ trợ J1850
 []


Underfull \hbox (badness 10000) in paragraph at lines 2687--2688
[]|\TU/TimesNewRoman(0)/m/n/10 Phụ thuộc adapter; không
 []


Underfull \hbox (badness 2521) in paragraph at lines 2696--2696
[]|\TU/TimesNewRoman(0)/m/n/10 Cần tháo dây liên quan đến
 []


Underfull \hbox (badness 10000) in alignment at lines 2673--2698
[] [] []
 []


ignored: Infinite glue shrinkage found in box being split [25]
File: ./assets/figures/03-chuong-3-giai-phap-phan-cung-hinh-3-2.png Graphic fil
e (type bmp)
<./assets/figures/03-chuong-3-giai-phap-phan-cung-hinh-3-2.png>
 [26]
Underfull \hbox (badness 10000) in alignment at lines 2753--2756
[] [] []
 []


Underfull \hbox (badness 10000) in alignment at lines 2756--2758
[] [] []
 []


Underfull \hbox (badness 10000) in alignment at lines 2758--2765
[] [] []
 []

[27]
Underfull \hbox (badness 10000) in alignment at lines 2803--2806
[] []
 []


Underfull \hbox (badness 10000) in alignment at lines 2806--2808
[] []
 []


Underfull \hbox (badness 10000) in alignment at lines 2808--2818
[] []
 []

File: ./assets/figures/03-chuong-3-giai-phap-phan-cung-hinh-3-3.png Graphic fil
e (type bmp)
<./assets/figures/03-chuong-3-giai-phap-phan-cung-hinh-3-3.png>
[28]
File: ./assets/figures/03-chuong-3-giai-phap-phan-cung-hinh-3-3a.png Graphic fi
le (type bmp)
<./assets/figures/03-chuong-3-giai-phap-phan-cung-hinh-3-3a.png>
 [29]
File: ./assets/figures/03-chuong-3-giai-phap-phan-cung-hinh-3-4.png Graphic fil
e (type bmp)
<./assets/figures/03-chuong-3-giai-phap-phan-cung-hinh-3-4.png>
 [30]
File: ./assets/figures/03-chuong-3-giai-phap-phan-cung-hinh-3-4a.png Graphic fi
le (type bmp)
<./assets/figures/03-chuong-3-giai-phap-phan-cung-hinh-3-4a.png>

Underfull \hbox (badness 10000) in alignment at lines 2893--2896
[] [] [] [] []
 []


Underfull \hbox (badness 10000) in alignment at lines 2896--2898
[] [] [] [] []
 []


Underfull \hbox (badness 10000) in paragraph at lines 2899--2899
[]|\TU/TimesNewRoman(0)/m/n/10 AP2112-
 []


Underfull \hbox (badness 10000) in alignment at lines 2898--2900
[] [] [] [] []
 []


Underfull \hbox (badness 10000) in alignment at lines 2913--2916
[] [] [] [] []
 []


Underfull \hbox (badness 10000) in alignment at lines 2916--2918
[] [] [] [] []
 []


Underfull \hbox (badness 10000) in alignment at lines 2918--2920
[] [] [] [] []
 []


Underfull \hbox (badness 10000) in alignment at lines 2933--2936
[] [] [] [] []
 []


Underfull \hbox (badness 10000) in alignment at lines 2936--2938
[] [] [] [] []
 []


Underfull \hbox (badness 10000) in alignment at lines 2938--2940
[] [] [] [] []
 []


Underfull \hbox (badness 10000) in alignment at lines 2953--2956
[] [] [] [] []
 []


Underfull \hbox (badness 10000) in alignment at lines 2956--2958
[] [] [] [] []
 []


Underfull \hbox (badness 10000) in alignment at lines 2958--2960
[] [] [] [] []
 []

[31]
Underfull \hbox (badness 10000) in paragraph at lines 2985--2985
[]|\TU/TimesNewRoman(0)/b/n/10 Trạng
 []


Overfull \hbox (5.1796pt too wide) in alignment at lines 2984--2987
[] [] [] [] [] []
 []


Overfull \hbox (5.1796pt too wide) in alignment at lines 2987--2989
[] [] [] [] [] []
 []


Underfull \hbox (badness 10000) in paragraph at lines 2990--2990
[]|\TU/TimesNewRoman(0)/m/n/10 Xe
 []


Underfull \hbox (badness 10000) in paragraph at lines 2990--2990
\TU/TimesNewRoman(0)/m/n/10 chạy
 []


Underfull \hbox (badness 10000) in paragraph at lines 2990--2990
\TU/TimesNewRoman(0)/m/n/10 bình
 []


Overfull \hbox (1.1728pt too wide) in paragraph at lines 2990--2990
\TU/TimesNewRoman(0)/m/n/10 thường| 
 []


Underfull \hbox (badness 10000) in paragraph at lines 2990--2991
[]|\TU/TimesNewRoman(0)/m/n/10 Profile 12V:
 []


Underfull \hbox (badness 3229) in paragraph at lines 2990--2991
\TU/TimesNewRoman(0)/m/n/10 U_batt >= 13.0V;
 []


Underfull \hbox (badness 10000) in paragraph at lines 2990--2991
\TU/TimesNewRoman(0)/m/n/10 Profile 24V:
 []


Underfull \hbox (badness 1603) in paragraph at lines 2992--2992
[]|\TU/TimesNewRoman(0)/m/n/10 Xe đỗ
 []


Underfull \hbox (badness 10000) in paragraph at lines 2992--2992
\TU/TimesNewRoman(0)/m/n/10 bình
 []


Overfull \hbox (1.1728pt too wide) in paragraph at lines 2992--2992
\TU/TimesNewRoman(0)/m/n/10 thường| 
 []


Underfull \hbox (badness 10000) in paragraph at lines 2992--2993
[]|\TU/TimesNewRoman(0)/m/n/10 Profile 12V:
 []


Underfull \hbox (badness 10000) in paragraph at lines 2992--2993
\TU/TimesNewRoman(0)/m/n/10 U_batt > 12.0V;
 []


Underfull \hbox (badness 10000) in paragraph at lines 2992--2993
\TU/TimesNewRoman(0)/m/n/10 Profile 24V:
 []


Underfull \hbox (badness 10000) in paragraph at lines 2994--2994
[]|\TU/TimesNewRoman(0)/m/n/10 Ắc
 []


Underfull \hbox (badness 10000) in paragraph at lines 2994--2994
\TU/TimesNewRoman(0)/m/n/10 quy
 []


Underfull \hbox (badness 10000) in paragraph at lines 2994--2995
[]|\TU/TimesNewRoman(0)/m/n/10 Profile 12V:
 []


Underfull \hbox (badness 3229) in paragraph at lines 2994--2995
\TU/TimesNewRoman(0)/m/n/10 U_batt <= 12.0V;
 []


Underfull \hbox (badness 10000) in paragraph at lines 2994--2995
\TU/TimesNewRoman(0)/m/n/10 Profile 24V:
 []


Underfull \hbox (badness 10000) in paragraph at lines 2997--2997
[]|\TU/TimesNewRoman(0)/m/n/10 Ắc
 []


Underfull \hbox (badness 10000) in paragraph at lines 2997--2997
\TU/TimesNewRoman(0)/m/n/10 quy
 []


Underfull \hbox (badness 10000) in paragraph at lines 2997--2997
\TU/TimesNewRoman(0)/m/n/10 phục
 []


Underfull \hbox (badness 10000) in paragraph at lines 2997--2998
[]|\TU/TimesNewRoman(0)/m/n/10 Profile 12V:
 []


Underfull \hbox (badness 3229) in paragraph at lines 2997--2998
\TU/TimesNewRoman(0)/m/n/10 U_batt >= 12.2V;
 []


Underfull \hbox (badness 10000) in paragraph at lines 2997--2998
\TU/TimesNewRoman(0)/m/n/10 Profile 24V:
 []


Overfull \hbox (5.1796pt too wide) in alignment at lines 2989--3000
[] [] [] [] [] []
 []


Underfull \hbox (badness 10000) in alignment at lines 3016--3019
[] [] [] [] []
 []


Underfull \hbox (badness 10000) in alignment at lines 3019--3021
[] [] [] [] []
 []


Underfull \hbox (badness 10000) in alignment at lines 3021--3023
[] [] [] [] []
 []

[32]
Underfull \hbox (badness 10000) in alignment at lines 3040--3043
[] []
 []


Underfull \hbox (badness 10000) in alignment at lines 3043--3045
[] []
 []


Underfull \hbox (badness 10000) in alignment at lines 3045--3051
[] []
 []


Underfull \hbox (badness 6332) in paragraph at lines 3116--3116
[]|\TU/TimesNewRoman(0)/b/n/10 Giá ước tính
 []


Overfull \hbox (5.1796pt too wide) in alignment at lines 3115--3118
[] [] [] [] [] []
 []


Overfull \hbox (5.1796pt too wide) in alignment at lines 3118--3120
[] [] [] [] [] []
 []


Underfull \hbox (badness 10000) in paragraph at lines 3121--3121
[]|\TU/TimesNewRoman(0)/m/n/10 ESP32-S3-
 []


Underfull \hbox (badness 10000) in paragraph at lines 3121--3121
\TU/TimesNewRoman(0)/m/n/10 WROOM-1
 []


Underfull \hbox (badness 10000) in paragraph at lines 3121--3121
[]|\TU/TimesNewRoman(0)/m/n/10 100.000–
 []


Underfull \hbox (badness 3590) in paragraph at lines 3121--3123
[]|\TU/TimesNewRoman(0)/m/n/10 MCU trung tâm của bo
 []


Underfull \hbox (badness 10000) in paragraph at lines 3123--3123
[]|\TU/TimesNewRoman(0)/m/n/10 IC cảm biến
 []


Underfull \hbox (badness 1360) in paragraph at lines 3125--3125
[]|\TU/TimesNewRoman(0)/m/n/10 vgate iCar Pro
 []


Underfull \hbox (badness 10000) in paragraph at lines 3125--3125
[]|\TU/TimesNewRoman(0)/m/n/10 150.000–
 []


Underfull \hbox (badness 10000) in paragraph at lines 3127--3127
[]|\TU/TimesNewRoman(0)/m/n/10 SIMCom
 []


Underfull \hbox (badness 10000) in paragraph at lines 3127--3127
[]|\TU/TimesNewRoman(0)/m/n/10 330.000–
 []


Underfull \hbox (badness 10000) in paragraph at lines 3129--3129
[]|\TU/TimesNewRoman(0)/m/n/10 Pin 18650
 []


Underfull \hbox (badness 10000) in paragraph at lines 3129--3129
\TU/TimesNewRoman(0)/m/n/10 1S Li-ion
 []


Underfull \hbox (badness 10000) in paragraph at lines 3129--3129
[]|\TU/TimesNewRoman(0)/m/n/10 100.000–
 []


Underfull \hbox (badness 10000) in paragraph at lines 3133--3133
[]|\TU/TimesNewRoman(0)/m/n/10 Mạch buck
 []


Underfull \hbox (badness 10000) in paragraph at lines 3133--3135
[]|\TU/TimesNewRoman(0)/m/n/10 12–24V -> 3.3V cấp
 []


Underfull \hbox (badness 10000) in paragraph at lines 3135--3135
[]|\TU/TimesNewRoman(0)/m/n/10 Mạch buck
 []


Underfull \hbox (badness 10000) in paragraph at lines 3136--3136
[]|\TU/TimesNewRoman(0)/m/n/10 Mạch buck
 []


Underfull \hbox (badness 10000) in paragraph at lines 3138--3138
[]|\TU/TimesNewRoman(0)/m/n/10 Mạch boost
 []


Underfull \hbox (badness 10000) in paragraph at lines 3138--3138
\TU/TimesNewRoman(0)/m/n/10 SX1308 5V
 []


Underfull \hbox (badness 2837) in paragraph at lines 3140--3140
[]|\TU/TimesNewRoman(0)/m/n/10 Khối giám sát
 []


Underfull \hbox (badness 10000) in paragraph at lines 3144--3144
[]|\TU/TimesNewRoman(0)/m/n/10 Mạch bảo vệ
 []


Underfull \hbox (badness 10000) in paragraph at lines 3146--3146
[]|\TU/TimesNewRoman(0)/m/n/10 Điện trở
 []


Underfull \hbox (badness 10000) in paragraph at lines 3146--3146
\TU/TimesNewRoman(0)/m/n/10 (10kOhm,
 []


Underfull \hbox (badness 10000) in paragraph at lines 3150--3150
[]|\TU/TimesNewRoman(0)/m/n/10 Connector,
 []


Underfull \hbox (badness 10000) in paragraph at lines 3152--3152
[]|\TU/TimesNewRoman(0)/m/n/10 PCB 2 lớp
 []


Underfull \hbox (badness 10000) in paragraph at lines 3152--3152
[]|\TU/TimesNewRoman(0)/m/n/10 50.000–
 []


Underfull \hbox (badness 10000) in paragraph at lines 3154--3154
[]|\TU/TimesNewRoman(0)/m/n/10 50.000–
 []


Underfull \hbox (badness 7133) in paragraph at lines 3156--3156
[]|\TU/TimesNewRoman(0)/m/n/10 Dây nối, cáp,
 []


Underfull \hbox (badness 2837) in paragraph at lines 3158--3158
[]|\TU/TimesNewRoman(0)/m/n/10 Linh kiện phụ
 []


Overfull \hbox (5.1796pt too wide) in alignment at lines 3120--3160
[] [] [] [] [] []
 []


ignored: Infinite glue shrinkage found in box being split [33]
Underfull \hbox (badness 10000) in alignment at lines 3166--3169
[] [] []
 []


Underfull \hbox (badness 10000) in alignment at lines 3169--3171
[] [] []
 []


Underfull \hbox (badness 3884) in paragraph at lines 3174--3175
[]|\TU/TimesNewRoman(0)/m/n/10 Quản lý nguồn (AP2112-3.3,
 []


Underfull \hbox (badness 1005) in paragraph at lines 3174--3175
\TU/TimesNewRoman(0)/m/n/10 MP2482, TPS54231, SX1308,
 []


Underfull \hbox (badness 10000) in alignment at lines 3171--3180
[] [] []
 []

[34]
Underfull \hbox (badness 10000) in alignment at lines 3221--3224
[] [] [] [] []
 []


Underfull \hbox (badness 10000) in alignment at lines 3224--3226
[] [] [] [] []
 []


Underfull \hbox (badness 10000) in paragraph at lines 3227--3227
[]|\TU/TimesNewRoman(0)/b/n/10 PA-FW1:
 []


Underfull \hbox (badness 10000) in paragraph at lines 3227--3227
\TU/TimesNewRoman(0)/b/n/10 Arduino
 []


Underfull \hbox (badness 10000) in paragraph at lines 3227--3227
\TU/TimesNewRoman(0)/b/n/10 Core +
 []


Underfull \hbox (badness 10000) in paragraph at lines 3227--3228
[]|\TU/TimesNewRoman(0)/m/n/10 Vòng lặp
 []


Underfull \hbox (badness 2368) in paragraph at lines 3227--3228
\TU/TimesNewRoman(0)/m/n/10 chính tuần
 []


Underfull \hbox (badness 7522) in paragraph at lines 3227--3228
\TU/TimesNewRoman(0)/m/n/10 tự, xử lý
 []


Underfull \hbox (badness 2538) in paragraph at lines 3228--3229
\TU/TimesNewRoman(0)/m/n/10 thực sự, khó tối ưu
 []


Underfull \hbox (badness 2384) in paragraph at lines 3228--3229
\TU/TimesNewRoman(0)/m/n/10 deep sleep phức tạp,
 []


Underfull \hbox (badness 10000) in paragraph at lines 3231--3231
[]|\TU/TimesNewRoman(0)/b/n/10 PA-FW2:
 []


Underfull \hbox (badness 10000) in paragraph at lines 3231--3231
\TU/TimesNewRoman(0)/b/n/10 ESP-IDF +
 []


Underfull \hbox (badness 10000) in paragraph at lines 3231--3231
\TU/TimesNewRoman(0)/b/n/10 FreeRTOS
 []


Underfull \hbox (badness 10000) in paragraph at lines 3231--3232
[]|\TU/TimesNewRoman(0)/m/n/10 Kiến trúc
 []


Underfull \hbox (badness 10000) in paragraph at lines 3231--3232
\TU/TimesNewRoman(0)/m/n/10 task/event,
 []


Underfull \hbox (badness 10000) in paragraph at lines 3231--3232
\TU/TimesNewRoman(0)/m/n/10 driver
 []


Underfull \hbox (badness 1635) in paragraph at lines 3231--3232
\TU/TimesNewRoman(0)/m/n/10 chính thức
 []


Underfull \hbox (badness 7869) in paragraph at lines 3232--3233
[]|\TU/TimesNewRoman(0)/m/n/10 Đa nhiệm tốt, hỗ trợ power
 []


Underfull \hbox (badness 10000) in paragraph at lines 3235--3235
[]|\TU/TimesNewRoman(0)/b/n/10 PA-FW3:
 []


Underfull \hbox (badness 10000) in paragraph at lines 3235--3235
\TU/TimesNewRoman(0)/b/n/10 Zephyr
 []


Underfull \hbox (badness 10000) in paragraph at lines 3235--3235
\TU/TimesNewRoman(0)/b/n/10 RTOS trên
 []


Underfull \hbox (badness 10000) in paragraph at lines 3235--3236
[]|\TU/TimesNewRoman(0)/m/n/10 RTOS đa
 []


Underfull \hbox (badness 10000) in paragraph at lines 3235--3236
\TU/TimesNewRoman(0)/m/n/10 nền tảng,
 []


Underfull \hbox (badness 10000) in paragraph at lines 3235--3236
\TU/TimesNewRoman(0)/m/n/10 kiến trúc
 []


Underfull \hbox (badness 4144) in paragraph at lines 3236--3237
[]|\TU/TimesNewRoman(0)/m/n/10 Hệ sinh thái ESP32
 []


Underfull \hbox (badness 10000) in paragraph at lines 3236--3237
\TU/TimesNewRoman(0)/m/n/10 chuyên biệt và tài
 []


Underfull \hbox (badness 1253) in paragraph at lines 3236--3237
\TU/TimesNewRoman(0)/m/n/10 liệu thực chiến BLE-
 []


Underfull \hbox (badness 1609) in paragraph at lines 3236--3237
\TU/TimesNewRoman(0)/m/n/10 OBD2/modem ít hơn
 []


Underfull \hbox (badness 10000) in alignment at lines 3226--3239
[] [] [] [] []
 []


ignored: Infinite glue shrinkage found in box being split [35]
Underfull \hbox (badness 10000) in alignment at lines 3288--3291
[] [] []
 []


Underfull \hbox (badness 10000) in alignment at lines 3291--3293
[] [] []
 []


Underfull \hbox (badness 10000) in paragraph at lines 3294--3296
[]|\TU/lmtt/m/n/10 adc_reader\TU/TimesNewRoman(0)/m/n/10 , \TU/lmtt/m/n/10 imu_
lis3dh\TU/TimesNewRoman(0)/m/n/10 ,
 []


Underfull \hbox (badness 10000) in paragraph at lines 3294--3296
\TU/lmtt/m/n/10 modem_at\TU/TimesNewRoman(0)/m/n/10 , \TU/lmtt/m/n/10 modem_lte
\TU/TimesNewRoman(0)/m/n/10 ,
 []


Underfull \hbox (badness 10000) in paragraph at lines 3294--3296
\TU/lmtt/m/n/10 modem_gnss\TU/TimesNewRoman(0)/m/n/10 , \TU/lmtt/m/n/10 ble_mgr
\TU/TimesNewRoman(0)/m/n/10 ,
 []


Underfull \hbox (badness 10000) in paragraph at lines 3297--3297
[]|\TU/lmtt/m/n/10 power_mgr\TU/TimesNewRoman(0)/m/n/10 , \TU/lmtt/m/n/10 nvs_c
onfig\TU/TimesNewRoman(0)/m/n/10 ,
 []


Underfull \hbox (badness 10000) in paragraph at lines 3300--3300
[]|\TU/lmtt/m/n/10 state_machine\TU/TimesNewRoman(0)/m/n/10 ,
 []


Underfull \hbox (badness 10000) in paragraph at lines 3302--3302
[]|\TU/lmtt/m/n/10 data_formatter\TU/TimesNewRoman(0)/m/n/10 ,
 []


Underfull \hbox (badness 10000) in paragraph at lines 3302--3304
[]|\TU/TimesNewRoman(0)/m/n/10 Đóng gói payload JSON, pub-
 []


Underfull \hbox (badness 10000) in paragraph at lines 3302--3304
\TU/TimesNewRoman(0)/m/n/10 lish/subscribe MQTT theo topic
 []


Underfull \hbox (badness 10000) in paragraph at lines 3304--3304
[]|\TU/lmtt/m/n/10 offline_queue\TU/TimesNewRoman(0)/m/n/10 ,
 []


Underfull \hbox (badness 10000) in alignment at lines 3293--3307
[] [] []
 []

[36]
File: ./assets/figures/04-chuong-3-giai-phap-firmware-hinh-3-5.png Graphic file
 (type bmp)
<./assets/figures/04-chuong-3-giai-phap-firmware-hinh-3-5.png>
 [37]
LaTeX Font Info:    Font shape `TU/lmtt/bx/n' in size <10> not available
(Font)              Font shape `TU/lmtt/b/n' tried instead on input line 3340.
File: ./assets/figures/04-chuong-3-giai-phap-firmware-hinh-3-6.png Graphic file
 (type bmp)
<./assets/figures/04-chuong-3-giai-phap-firmware-hinh-3-6.png>
 [38]
File: ./assets/figures/04-chuong-3-giai-phap-firmware-hinh-3-7.png Graphic file
 (type bmp)
<./assets/figures/04-chuong-3-giai-phap-firmware-hinh-3-7.png>
 [39]
File: ./assets/figures/04-chuong-3-giai-phap-firmware-hinh-3-8.png Graphic file
 (type bmp)
<./assets/figures/04-chuong-3-giai-phap-firmware-hinh-3-8.png>
 [40]
Underfull \hbox (badness 10000) in alignment at lines 3562--3565
[] [] []
 []


Underfull \hbox (badness 10000) in alignment at lines 3565--3567
[] [] []
 []


Underfull \hbox (badness 10000) in alignment at lines 3567--3574
[] [] []
 []

[41]
Underfull \hbox (badness 10000) in alignment at lines 3602--3605
[] [] []
 []


Underfull \hbox (badness 10000) in alignment at lines 3605--3607
[] [] []
 []


Overfull \hbox (19.53221pt too wide) in paragraph at lines 3611--3611
[]|\TU/lmtt/m/n/10 AT+CGDCONT=1,"IP","internet"| 
 []


Underfull \hbox (badness 7925) in paragraph at lines 3613--3615
[]|\TU/TimesNewRoman(0)/m/n/10 Poll đến khi \TU/lmtt/m/n/10 +CEREG: 0,1 \TU/Tim
esNewRoman(0)/m/n/10 (hoặc
 []


Underfull \hbox (badness 10000) in alignment at lines 3607--3623
[] [] []
 []

[42]
Underfull \hbox (badness 10000) in alignment at lines 3655--3658
[] []
 []


Underfull \hbox (badness 10000) in alignment at lines 3658--3660
[] []
 []


Underfull \hbox (badness 10000) in alignment at lines 3660--3669
[] []
 []

File: ./assets/figures/04-chuong-3-giai-phap-firmware-hinh-3-9.png Graphic file
 (type bmp)
<./assets/figures/04-chuong-3-giai-phap-firmware-hinh-3-9.png>
[43]
Underfull \hbox (badness 10000) in alignment at lines 3694--3697
[] [] [] []
 []


Underfull \hbox (badness 10000) in alignment at lines 3697--3699
[] [] [] []
 []


Overfull \hbox (9.57628pt too wide) in paragraph at lines 3703--3703
[]|\TU/TimesNewRoman(0)/m/n/10 POWER_PATH_EN| 
 []


Overfull \hbox (15.44542pt too wide) in paragraph at lines 3709--3709
[]|\TU/TimesNewRoman(0)/m/n/10 MODEM_UART_TX| 
 []


Overfull \hbox (16.00694pt too wide) in paragraph at lines 3710--3710
[]|\TU/TimesNewRoman(0)/m/n/10 MODEM_UART_RX| 
 []


Underfull \hbox (badness 10000) in paragraph at lines 3711--3711
[]|\TU/TimesNewRoman(0)/m/n/10 MODEM_PWR-
 []


Underfull \hbox (badness 10000) in alignment at lines 3699--3712
[] [] [] []
 []


ignored: Infinite glue shrinkage found in box being split [44]
File: ./assets/figures/04-chuong-3-giai-phap-firmware-hinh-3-10.png Graphic fil
e (type bmp)
<./assets/figures/04-chuong-3-giai-phap-firmware-hinh-3-10.png>
 [45]
Underfull \hbox (badness 10000) in alignment at lines 3768--3771
[] [] []
 []


Underfull \hbox (badness 10000) in alignment at lines 3771--3773
[] [] []
 []


Underfull \hbox (badness 10000) in alignment at lines 3773--3781
[] [] []
 []


Underfull \hbox (badness 10000) in alignment at lines 3807--3811
[] [] [] [] []
 []


Underfull \hbox (badness 10000) in alignment at lines 3811--3813
[] [] [] [] []
 []


Underfull \hbox (badness 10000) in paragraph at lines 3814--3814
[]|\TU/TimesNewRoman(0)/m/n/10 Normal
 []


Underfull \hbox (badness 10000) in alignment at lines 3813--3819
[] [] [] [] []
 []

[46] [47]
Underfull \hbox (badness 10000) in alignment at lines 3930--3933
[] [] [] []
 []


Underfull \hbox (badness 10000) in alignment at lines 3933--3935
[] [] [] []
 []


Underfull \hbox (badness 1715) in paragraph at lines 3939--3940
[]|\TU/TimesNewRoman(0)/m/n/10 Heartbeat, trạng thái phiên,
 []


Underfull \hbox (badness 1354) in paragraph at lines 3941--3942
[]|\TU/TimesNewRoman(0)/m/n/10 Cảnh báo và sự kiện quan
 []


Underfull \hbox (badness 10000) in alignment at lines 3935--3946
[] [] [] []
 []


Underfull \hbox (badness 10000) in alignment at lines 3954--3957
[] [] []
 []


Underfull \hbox (badness 10000) in alignment at lines 3957--3959
[] [] []
 []


Underfull \hbox (badness 10000) in paragraph at lines 3961--3962
[]|\TU/lmtt/m/n/10 heartbeat_interval_s\TU/TimesNewRoman(0)/m/n/10 ,
 []


Underfull \hbox (badness 1783) in paragraph at lines 3967--3967
[]|\TU/TimesNewRoman(0)/m/n/10 Kích hoạt cập nhật firmware
 []


Underfull \hbox (badness 10000) in paragraph at lines 3970--3970
[]|\TU/lmtt/m/n/10 manual_rollback \TU/TimesNewRoman(0)/m/n/10 /
 []


Underfull \hbox (badness 10000) in alignment at lines 3959--3972
[] [] []
 []


ignored: Infinite glue shrinkage found in box being split [48]
Underfull \hbox (badness 10000) in alignment at lines 4018--4021
[] [] []
 []


Underfull \hbox (badness 10000) in alignment at lines 4021--4023
[] [] []
 []


Underfull \hbox (badness 10000) in alignment at lines 4023--4031
[] [] []
 []


Underfull \hbox (badness 10000) in alignment at lines 4037--4040
[] [] []
 []


Underfull \hbox (badness 10000) in alignment at lines 4040--4042
[] [] []
 []


Underfull \hbox (badness 10000) in alignment at lines 4042--4053
[] [] []
 []


ignored: Infinite glue shrinkage found in box being split [49]
File: ./assets/figures/04-chuong-3-giai-phap-firmware-hinh-3-11.png Graphic fil
e (type bmp)
<./assets/figures/04-chuong-3-giai-phap-firmware-hinh-3-11.png>
 [50] [51]
Underfull \hbox (badness 10000) in paragraph at lines 4176--4185
\TU/lmtt/m/n/10 switch_on=12.2\TU/TimesNewRoman(0)/m/n/10 , \TU/lmtt/m/n/10 ign
_on_threshold=13.0\TU/TimesNewRoman(0)/m/n/10 , \TU/lmtt/m/n/10 ign_off_thresho
ld=12.0\TU/TimesNewRoman(0)/m/n/10 ) hoặc profile 24V
 []

[52]
Underfull \hbox (badness 10000) in alignment at lines 4205--4208
[] [] []
 []


Underfull \hbox (badness 10000) in alignment at lines 4208--4210
[] [] []
 []


Underfull \hbox (badness 10000) in alignment at lines 4210--4216
[] [] []
 []


Underfull \hbox (badness 10000) in paragraph at lines 4255--4255
[]|\TU/TimesNewRoman(0)/b/n/10 Mô tả
 []


Underfull \hbox (badness 10000) in alignment at lines 4254--4257
[] [] [] [] []
 []


Underfull \hbox (badness 10000) in alignment at lines 4257--4259
[] [] [] [] []
 []


Underfull \hbox (badness 10000) in paragraph at lines 4260--4260
[]|\TU/TimesNewRoman(0)/b/n/10 PA-A:
 []


Underfull \hbox (badness 10000) in paragraph at lines 4260--4260
\TU/TimesNewRoman(0)/b/n/10 Monolithic
 []


Underfull \hbox (badness 10000) in paragraph at lines 4260--4260
\TU/TimesNewRoman(0)/b/n/10 REST + 1
 []


Underfull \hbox (badness 10000) in paragraph at lines 4260--4261
[]|\TU/TimesNewRoman(0)/m/n/10 Thiết bị
 []


Underfull \hbox (badness 5756) in paragraph at lines 4260--4261
\TU/TimesNewRoman(0)/m/n/10 gửi HTTP
 []


Underfull \hbox (badness 10000) in paragraph at lines 4260--4261
\TU/TimesNewRoman(0)/m/n/10 trực tiếp
 []


Underfull \hbox (badness 10000) in paragraph at lines 4260--4261
\TU/TimesNewRoman(0)/m/n/10 vào API
 []


Underfull \hbox (badness 1424) in paragraph at lines 4260--4261
\TU/TimesNewRoman(0)/m/n/10 chung một
 []


Underfull \hbox (badness 10000) in paragraph at lines 4260--4261
\TU/TimesNewRoman(0)/m/n/10 cơ sở dữ
 []


Underfull \hbox (badness 10000) in paragraph at lines 4262--4263
[]|\TU/TimesNewRoman(0)/m/n/10 Không tối ưu cho
 []


Underfull \hbox (badness 1221) in paragraph at lines 4264--4264
[]|\TU/TimesNewRoman(0)/b/n/10 PA-B: Man-
 []


Underfull \hbox (badness 10000) in paragraph at lines 4264--4264
\TU/TimesNewRoman(0)/b/n/10 aged Cloud
 []


Underfull \hbox (badness 10000) in paragraph at lines 4264--4265
[]|\TU/TimesNewRoman(0)/m/n/10 AWS IoT
 []


Overfull \hbox (9.4533pt too wide) in paragraph at lines 4264--4265
\TU/TimesNewRoman(0)/m/n/10 Core/Lambda
 []


Underfull \hbox (badness 4779) in paragraph at lines 4264--4265
\TU/TimesNewRoman(0)/m/n/10 + dịch vụ
 []


Underfull \hbox (badness 10000) in paragraph at lines 4264--4265
\TU/TimesNewRoman(0)/m/n/10 DB man-
 []


Underfull \hbox (badness 3657) in paragraph at lines 4265--4266
\TU/TimesNewRoman(0)/m/n/10 phụ thuộc nhà cung
 []


Underfull \hbox (badness 1515) in paragraph at lines 4265--4266
\TU/TimesNewRoman(0)/m/n/10 cấp, độ phức tạp hạ
 []


Underfull \hbox (badness 10000) in paragraph at lines 4268--4268
[]|\TU/TimesNewRoman(0)/b/n/10 PA-C:
 []


Underfull \hbox (badness 10000) in paragraph at lines 4268--4268
\TU/TimesNewRoman(0)/b/n/10 Event-
 []


Underfull \hbox (badness 10000) in paragraph at lines 4268--4268
\TU/TimesNewRoman(0)/b/n/10 driven
 []


Underfull \hbox (badness 10000) in paragraph at lines 4268--4269
[]|\TU/TimesNewRoman(0)/m/n/10 MQTT
 []


Underfull \hbox (badness 10000) in paragraph at lines 4268--4269
\TU/TimesNewRoman(0)/m/n/10 Broker +
 []


Underfull \hbox (badness 10000) in paragraph at lines 4268--4269
\TU/TimesNewRoman(0)/m/n/10 MQTT
 []


Underfull \hbox (badness 10000) in paragraph at lines 4268--4269
\TU/TimesNewRoman(0)/m/n/10 Bridge
 []


Underfull \hbox (badness 10000) in paragraph at lines 4268--4269
\TU/TimesNewRoman(0)/m/n/10 + dual
 []


Underfull \hbox (badness 4279) in paragraph at lines 4268--4269
\TU/TimesNewRoman(0)/m/n/10 database +
 []


Overfull \hbox (18.2974pt too wide) in paragraph at lines 4268--4269
\TU/TimesNewRoman(0)/m/n/10 API/WebSocket| 
 []


Underfull \hbox (badness 2772) in paragraph at lines 4270--4271
[]|\TU/TimesNewRoman(0)/m/n/10 Cần chuẩn hóa mes-
 []


Underfull \hbox (badness 10000) in alignment at lines 4259--4272
[] [] [] [] []
 []


ignored: Infinite glue shrinkage found in box being split [53]
Underfull \hbox (badness 10000) in paragraph at lines 4281--4282
[]\TU/lmtt/m/n/10 Device -> EMQX -> MQTT Bridge -> PostgreSQL/VictoriaMetrics/V
ictoriaLogs -> Backend
 []

File: ./assets/figures/05-chuong-3-giai-phap-backend-hinh-3-12.png Graphic file
 (type bmp)
<./assets/figures/05-chuong-3-giai-phap-backend-hinh-3-12.png>
[54]
File: ./assets/figures/05-chuong-3-giai-phap-backend-hinh-3-12a.png Graphic fil
e (type bmp)
<./assets/figures/05-chuong-3-giai-phap-backend-hinh-3-12a.png>
 [55]
Underfull \hbox (badness 10000) in alignment at lines 4416--4419
[] [] [] []
 []


Underfull \hbox (badness 10000) in alignment at lines 4419--4421
[] [] [] []
 []


Underfull \hbox (badness 10000) in paragraph at lines 4424--4424
[]|\TU/TimesNewRoman(0)/m/n/10 tracking-mqtt-
 []


Underfull \hbox (badness 10000) in paragraph at lines 4426--4426
[]|\TU/TimesNewRoman(0)/m/n/10 1883, 8883, 8083,
 []


Underfull \hbox (badness 10000) in paragraph at lines 4428--4428
[]|\TU/TimesNewRoman(0)/m/n/10 tracking-
 []


Underfull \hbox (badness 10000) in paragraph at lines 4430--4430
[]|\TU/TimesNewRoman(0)/m/n/10 tracking-
 []


Underfull \hbox (badness 10000) in alignment at lines 4421--4432
[] [] [] []
 []

[56]
Underfull \hbox (badness 10000) in alignment at lines 4462--4465
[] [] [] [] []
 []


Underfull \hbox (badness 10000) in alignment at lines 4465--4467
[] [] [] [] []
 []


Underfull \hbox (badness 2065) in paragraph at lines 4473--4473
[]|\TU/TimesNewRoman(0)/b/n/10 Độ trễ (La-
 []


Underfull \hbox (badness 10000) in paragraph at lines 4475--4475
[]|\TU/TimesNewRoman(0)/b/n/10 Sử dụng
 []


Underfull \hbox (badness 10000) in paragraph at lines 4476--4476
[]|\TU/TimesNewRoman(0)/b/n/10 Sử dụng
 []


Underfull \hbox (badness 10000) in paragraph at lines 4478--4478
[]|\TU/TimesNewRoman(0)/b/n/10 Khả dụng
 []


Underfull \hbox (badness 10000) in alignment at lines 4467--4483
[] [] [] [] []
 []

[57]
Underfull \hbox (badness 10000) in alignment at lines 4588--4591
[] [] [] [] []
 []


Underfull \hbox (badness 10000) in alignment at lines 4591--4593
[] [] [] [] []
 []


Underfull \hbox (badness 10000) in paragraph at lines 4594--4594
[]|\TU/TimesNewRoman(0)/b/n/10 PA-DB1:
 []


Underfull \hbox (badness 10000) in paragraph at lines 4594--4594
\TU/TimesNewRoman(0)/b/n/10 PostgreSQL
 []


Underfull \hbox (badness 10000) in paragraph at lines 4594--4595
\TU/TimesNewRoman(0)/m/n/10 greSQL
 []


Underfull \hbox (badness 10000) in paragraph at lines 4594--4595
\TU/TimesNewRoman(0)/m/n/10 cho cả
 []


Underfull \hbox (badness 10000) in paragraph at lines 4594--4595
\TU/TimesNewRoman(0)/m/n/10 nghiệp
 []


Underfull \hbox (badness 10000) in paragraph at lines 4594--4595
\TU/TimesNewRoman(0)/m/n/10 vụ và
 []


Underfull \hbox (badness 1077) in paragraph at lines 4595--4596
[]|\TU/TimesNewRoman(0)/m/n/10 Ghi telemetry lớn dễ
 []


Underfull \hbox (badness 4024) in paragraph at lines 4595--4596
\TU/TimesNewRoman(0)/m/n/10 ảnh hưởng truy vấn
 []


Underfull \hbox (badness 10000) in paragraph at lines 4597--4597
[]|\TU/TimesNewRoman(0)/b/n/10 PA-DB2:
 []


Underfull \hbox (badness 10000) in paragraph at lines 4597--4597
\TU/TimesNewRoman(0)/b/n/10 Time-series
 []


Underfull \hbox (badness 10000) in paragraph at lines 4597--4598
[]|\TU/TimesNewRoman(0)/m/n/10 Dùng
 []


Underfull \hbox (badness 10000) in paragraph at lines 4597--4598
\TU/TimesNewRoman(0)/m/n/10 CSDL
 []


Underfull \hbox (badness 6252) in paragraph at lines 4597--4598
\TU/TimesNewRoman(0)/m/n/10 chuỗi thời
 []


Underfull \hbox (badness 10000) in paragraph at lines 4597--4598
\TU/TimesNewRoman(0)/m/n/10 gian cho
 []


Underfull \hbox (badness 6001) in paragraph at lines 4598--4599
\TU/TimesNewRoman(0)/m/n/10 đảm bảo ràng buộc
 []


Underfull \hbox (badness 10000) in paragraph at lines 4600--4600
[]|\TU/TimesNewRoman(0)/b/n/10 PA-DB3:
 []


Underfull \hbox (badness 10000) in paragraph at lines 4600--4600
\TU/TimesNewRoman(0)/b/n/10 Hybrid DB
 []


Overfull \hbox (3.05443pt too wide) in paragraph at lines 4600--4601
[]|\TU/TimesNewRoman(0)/m/n/10 PostgreSQL
 []


Underfull \hbox (badness 10000) in paragraph at lines 4600--4601
\TU/TimesNewRoman(0)/m/n/10 + Victori-
 []


Underfull \hbox (badness 10000) in paragraph at lines 4600--4601
\TU/TimesNewRoman(0)/m/n/10 aMetrics
 []


Underfull \hbox (badness 10000) in paragraph at lines 4600--4601
\TU/TimesNewRoman(0)/m/n/10 + Victori-
 []


Underfull \hbox (badness 3657) in paragraph at lines 4602--4602
[]|\TU/TimesNewRoman(0)/m/n/10 Tăng số thành phần
 []


Underfull \hbox (badness 10000) in alignment at lines 4593--4603
[] [] [] [] []
 []


ignored: Infinite glue shrinkage found in box being split [58]
File: ./assets/figures/05-chuong-3-giai-phap-backend-hinh-3-13.png Graphic file
 (type bmp)
<./assets/figures/05-chuong-3-giai-phap-backend-hinh-3-13.png>

Missing character: There is no ┌ in font [lmmono10-regular]:!
Missing character: There is no ─ in font [lmmono10-regular]:!
Missing character: There is no ─ in font [lmmono10-regular]:!
Missing character: There is no ─ in font [lmmono10-regular]:!
Missing character: There is no ─ in font [lmmono10-regular]:!
Missing character: There is no ─ in font [lmmono10-regular]:!
Missing character: There is no ─ in font [lmmono10-regular]:!
Missing character: There is no ─ in font [lmmono10-regular]:!
Missing character: There is no ─ in font [lmmono10-regular]:!
Missing character: There is no ─ in font [lmmono10-regular]:!
Missing character: There is no ─ in font [lmmono10-regular]:!
Missing character: There is no ─ in font [lmmono10-regular]:!
Missing character: There is no ─ in font [lmmono10-regular]:!
Missing character: There is no ─ in font [lmmono10-regular]:!
Missing character: There is no ─ in font [lmmono10-regular]:!
Missing character: There is no ┼ in font [lmmono10-regular]:!
Missing character: There is no ─ in font [lmmono10-regular]:!
Missing character: There is no ─ in font [lmmono10-regular]:!
Missing character: There is no ─ in font [lmmono10-regular]:!
Missing character: There is no ─ in font [lmmono10-regular]:!
Missing character: There is no ─ in font [lmmono10-regular]:!
Missing character: There is no ─ in font [lmmono10-regular]:!
Missing character: There is no ─ in font [lmmono10-regular]:!
Missing character: There is no ─ in font [lmmono10-regular]:!
Missing character: There is no ─ in font [lmmono10-regular]:!
Missing character: There is no ─ in font [lmmono10-regular]:!
Missing character: There is no ─ in font [lmmono10-regular]:!
Missing character: There is no ─ in font [lmmono10-regular]:!
Missing character: There is no ─ in font [lmmono10-regular]:!
Missing character: There is no ─ in font [lmmono10-regular]:!
Missing character: There is no ┬ in font [lmmono10-regular]:!
Missing character: There is no ─ in font [lmmono10-regular]:!
Missing character: There is no ─ in font [lmmono10-regular]:!
Missing character: There is no ─ in font [lmmono10-regular]:!
Missing character: There is no ─ in font [lmmono10-regular]:!
Missing character: There is no ─ in font [lmmono10-regular]:!
Missing character: There is no ─ in font [lmmono10-regular]:!
Missing character: There is no ─ in font [lmmono10-regular]:!
Missing character: There is no ─ in font [lmmono10-regular]:!
Missing character: There is no ─ in font [lmmono10-regular]:!
Missing character: There is no ─ in font [lmmono10-regular]:!
Missing character: There is no ─ in font [lmmono10-regular]:!
Missing character: There is no ─ in font [lmmono10-regular]:!
Missing character: There is no ─ in font [lmmono10-regular]:!
Missing character: There is no ─ in font [lmmono10-regular]:!
Missing character: There is no ┐ in font [lmmono10-regular]:!
[59]
Underfull \hbox (badness 10000) in alignment at lines 4661--4664
[] [] []
 []


Underfull \hbox (badness 10000) in alignment at lines 4664--4666
[] [] []
 []


Underfull \hbox (badness 1728) in paragraph at lines 4671--4673
[]|\TU/TimesNewRoman(0)/m/n/10 Tìm kiếm nhanh, lưu trữ nhỏ gọn,
 []


Underfull \hbox (badness 10000) in alignment at lines 4666--4673
[] [] []
 []


Underfull \hbox (badness 10000) in alignment at lines 4688--4691
[] [] []
 []


Underfull \hbox (badness 10000) in alignment at lines 4691--4693
[] [] []
 []


Underfull \hbox (badness 10000) in paragraph at lines 4696--4697
[]|\TU/TimesNewRoman(0)/m/n/10 vehicles, devices, de-
 []


Underfull \hbox (badness 10000) in paragraph at lines 4707--4707
[]|\TU/TimesNewRoman(0)/m/n/10 connection_logs, de-
 []


Underfull \hbox (badness 10000) in alignment at lines 4693--4711
[] [] []
 []

File: ./assets/figures/05-chuong-3-giai-phap-backend-hinh-3-14.png Graphic file
 (type bmp)
<./assets/figures/05-chuong-3-giai-phap-backend-hinh-3-14.png>
[60]
Missing character: There is no ─ in font [lmmono10-regular]:!
Missing character: There is no ─ in font [lmmono10-regular]:!
Missing character: There is no ─ in font [lmmono10-regular]:!
Missing character: There is no ─ in font [lmmono10-regular]:!
Missing character: There is no ─ in font [lmmono10-regular]:!
Missing character: There is no ─ in font [lmmono10-regular]:!
Missing character: There is no ─ in font [lmmono10-regular]:!
Missing character: There is no ─ in font [lmmono10-regular]:!
Missing character: There is no ─ in font [lmmono10-regular]:!
Missing character: There is no ─ in font [lmmono10-regular]:!
Missing character: There is no ─ in font [lmmono10-regular]:!
Missing character: There is no ─ in font [lmmono10-regular]:!
Missing character: There is no ─ in font [lmmono10-regular]:!
Missing character: There is no ─ in font [lmmono10-regular]:!
Missing character: There is no ─ in font [lmmono10-regular]:!
Missing character: There is no ─ in font [lmmono10-regular]:!
Missing character: There is no ─ in font [lmmono10-regular]:!
Missing character: There is no ─ in font [lmmono10-regular]:!
Missing character: There is no ─ in font [lmmono10-regular]:!
Missing character: There is no ─ in font [lmmono10-regular]:!
Missing character: There is no ─ in font [lmmono10-regular]:!
Missing character: There is no ─ in font [lmmono10-regular]:!
Missing character: There is no ─ in font [lmmono10-regular]:!
Missing character: There is no ─ in font [lmmono10-regular]:!
Missing character: There is no ─ in font [lmmono10-regular]:!
Missing character: There is no ─ in font [lmmono10-regular]:!
Missing character: There is no ─ in font [lmmono10-regular]:!
Missing character: There is no ─ in font [lmmono10-regular]:!
[61]
Missing character: There is no ─ in font [lmmono10-regular]:!
Missing character: There is no ─ in font [lmmono10-regular]:!

Underfull \hbox (badness 10000) in alignment at lines 4753--4756
[] [] []
 []


Underfull \hbox (badness 10000) in alignment at lines 4756--4758
[] [] []
 []


Underfull \hbox (badness 10000) in alignment at lines 4758--4766
[] [] []
 []


Underfull \hbox (badness 10000) in alignment at lines 4798--4801
[] [] [] []
 []


Underfull \hbox (badness 10000) in alignment at lines 4801--4803
[] [] [] []
 []


Underfull \hbox (badness 10000) in alignment at lines 4803--4810
[] [] [] []
 []

[62]
Underfull \hbox (badness 2799) in paragraph at lines 4843--4848
[] []\TU/TimesNewRoman(0)/b/n/10 c) MQTT Bridge - Dịch vụ độc lập[] \TU/TimesNe
wRoman(0)/m/n/10 MQTT Bridge đã được tách thành dịch vụ Node.js độc lập
 []


Underfull \hbox (badness 10000) in alignment at lines 4865--4868
[] [] [] [] []
 []


Underfull \hbox (badness 10000) in alignment at lines 4868--4870
[] [] [] [] []
 []


Overfull \hbox (9.26454pt too wide) in paragraph at lines 4871--4871
[]|\TU/TimesNewRoman(0)/b/n/10 Authentication| 
 []


Underfull \hbox (badness 10000) in paragraph at lines 4877--4877
[]|\TU/TimesNewRoman(0)/m/n/10 Gửi lệnh OTA đến
 []


Underfull \hbox (badness 10000) in paragraph at lines 4878--4878
[]|\TU/TimesNewRoman(0)/m/n/10 Yêu cầu rollback
 []


Underfull \hbox (badness 10000) in paragraph at lines 4886--4886
[]|\TU/TimesNewRoman(0)/m/n/10 Truy vấn lịch sử
 []


Underfull \hbox (badness 2393) in paragraph at lines 4891--4891
[]|\TU/TimesNewRoman(0)/m/n/10 Tải file firmware để
 []


Underfull \hbox (badness 10000) in alignment at lines 4870--4892
[] [] [] [] []
 []


ignored: Infinite glue shrinkage found in box being split [63]
File: ./assets/figures/05-chuong-3-giai-phap-backend-hinh-3-14a.png Graphic fil
e (type bmp)
<./assets/figures/05-chuong-3-giai-phap-backend-hinh-3-14a.png>

Underfull \hbox (badness 10000) in alignment at lines 4941--4944
[] [] []
 []


Underfull \hbox (badness 10000) in alignment at lines 4944--4946
[] [] []
 []


Underfull \hbox (badness 10000) in alignment at lines 4946--4954
[] [] []
 []

[64]
Underfull \hbox (badness 1478) in paragraph at lines 4993--4996
[]\TU/TimesNewRoman(0)/b/n/10 Hiệu năng và trải nghiệm người dùng\TU/TimesNewRo
man(0)/m/n/10 : tải trang nhanh, điều hướng mượt, responsive tốt trên
 []


Underfull \hbox (badness 10000) in paragraph at lines 5007--5007
[]|\TU/TimesNewRoman(0)/b/n/10 Mô tả
 []


Underfull \hbox (badness 10000) in alignment at lines 5006--5009
[] [] [] [] []
 []


Underfull \hbox (badness 10000) in alignment at lines 5009--5011
[] [] [] [] []
 []


Underfull \hbox (badness 10000) in paragraph at lines 5012--5012
[]|\TU/TimesNewRoman(0)/b/n/10 PA-FE1:
 []


Underfull \hbox (badness 10000) in paragraph at lines 5012--5012
[]|\TU/TimesNewRoman(0)/m/n/10 React +
 []


Underfull \hbox (badness 10000) in paragraph at lines 5012--5012
\TU/TimesNewRoman(0)/m/n/10 Vite +
 []


Underfull \hbox (badness 10000) in paragraph at lines 5012--5012
\TU/TimesNewRoman(0)/m/n/10 client-side
 []


Underfull \hbox (badness 10000) in paragraph at lines 5013--5014
[]|\TU/TimesNewRoman(0)/m/n/10 SEO/first load kém
 []


Underfull \hbox (badness 1112) in paragraph at lines 5013--5014
\TU/TimesNewRoman(0)/m/n/10 hơn SSR, cần tự lắp
 []


Underfull \hbox (badness 10000) in paragraph at lines 5015--5015
[]|\TU/TimesNewRoman(0)/b/n/10 PA-FE2:
 []


Underfull \hbox (badness 10000) in paragraph at lines 5018--5018
[]|\TU/TimesNewRoman(0)/b/n/10 PA-FE3:
 []


Underfull \hbox (badness 10000) in paragraph at lines 5018--5018
\TU/TimesNewRoman(0)/b/n/10 Next.js +
 []


Underfull \hbox (badness 10000) in paragraph at lines 5018--5018
\TU/TimesNewRoman(0)/b/n/10 React (Đã
 []


Underfull \hbox (badness 4403) in paragraph at lines 5018--5019
[]|\TU/TimesNewRoman(0)/m/n/10 Next.js 15
 []


Underfull \hbox (badness 10000) in paragraph at lines 5018--5019
\TU/TimesNewRoman(0)/m/n/10 + React
 []


Underfull \hbox (badness 3168) in paragraph at lines 5018--5019
\TU/TimesNewRoman(0)/m/n/10 19 + App
 []


Underfull \hbox (badness 5504) in paragraph at lines 5020--5020
[]|\TU/TimesNewRoman(0)/m/n/10 Độ phức tạp frame-
 []


Underfull \hbox (badness 6758) in paragraph at lines 5020--5020
\TU/TimesNewRoman(0)/m/n/10 work cao hơn CSR
 []


Underfull \hbox (badness 10000) in alignment at lines 5011--5022
[] [] [] [] []
 []

[65]
Underfull \hbox (badness 10000) in alignment at lines 5068--5071
[] [] [] []
 []


Underfull \hbox (badness 10000) in alignment at lines 5071--5073
[] [] [] []
 []


Underfull \hbox (badness 6188) in paragraph at lines 5076--5076
[]|\TU/TimesNewRoman(0)/m/n/10 SSR, SSG, ISR,
 []


Underfull \hbox (badness 4024) in paragraph at lines 5078--5078
[]|\TU/TimesNewRoman(0)/m/n/10 Có (App Router
 []


Underfull \hbox (badness 1622) in paragraph at lines 5078--5078
\TU/TimesNewRoman(0)/m/n/10 với React Server
 []


Underfull \hbox (badness 10000) in paragraph at lines 5078--5079
[]|\TU/TimesNewRoman(0)/m/n/10 Có (File-based rout-
 []


Underfull \hbox (badness 10000) in paragraph at lines 5080--5080
[]|\TU/TimesNewRoman(0)/m/n/10 Tốt (Server-side
 []


Underfull \hbox (badness 10000) in paragraph at lines 5082--5082
[]|\TU/TimesNewRoman(0)/m/n/10 Rất lớn (React
 []


Underfull \hbox (badness 10000) in paragraph at lines 5084--5084
[]|\TU/TimesNewRoman(0)/m/n/10 Tốt (Socket.IO,
 []


Underfull \hbox (badness 10000) in paragraph at lines 5085--5085
[]|\TU/TimesNewRoman(0)/m/n/10 Cao (Turbopack,
 []


Underfull \hbox (badness 3058) in paragraph at lines 5085--5085
\TU/TimesNewRoman(0)/m/n/10 Partial Prerender-
 []


Underfull \hbox (badness 10000) in alignment at lines 5073--5090
[] [] [] []
 []

[66]
Underfull \hbox (badness 10000) in alignment at lines 5156--5159
[] [] [] []
 []


Underfull \hbox (badness 10000) in alignment at lines 5159--5161
[] [] [] []
 []


Underfull \hbox (badness 1194) in paragraph at lines 5162--5162
[]|\TU/TimesNewRoman(0)/m/n/10 Trạng thái UI và au-
 []


Underfull \hbox (badness 10000) in alignment at lines 5161--5170
[] [] [] []
 []


Underfull \hbox (badness 10000) in alignment at lines 5184--5187
[] [] [] []
 []


Underfull \hbox (badness 10000) in alignment at lines 5187--5189
[] [] [] []
 []


Underfull \hbox (badness 4608) in paragraph at lines 5190--5190
[]|\TU/TimesNewRoman(0)/m/n/10 MIT (mã nguồn
 []


Underfull \hbox (badness 10000) in paragraph at lines 5190--5190
[]|\TU/TimesNewRoman(0)/m/n/10 Proprietary (có free
 []


Underfull \hbox (badness 10000) in paragraph at lines 5192--5192
[]|\TU/TimesNewRoman(0)/m/n/10 Miễn phí đến 50K
 []


Underfull \hbox (badness 1895) in paragraph at lines 5194--5194
[]|\TU/TimesNewRoman(0)/m/n/10 Tốt (với Marker-
 []


Underfull \hbox (badness 1859) in paragraph at lines 5194--5195
[]|\TU/TimesNewRoman(0)/m/n/10 Rất tốt (WebGL ren-
 []


Underfull \hbox (badness 10000) in paragraph at lines 5198--5198
[]|\TU/TimesNewRoman(0)/m/n/10 react-leaflet
 []


Underfull \hbox (badness 10000) in paragraph at lines 5200--5200
[]|\TU/TimesNewRoman(0)/m/n/10 @geoman-
 []


Underfull \hbox (badness 10000) in paragraph at lines 5200--5200
\TU/TimesNewRoman(0)/m/n/10 io/leaflet-geoman-
 []


Underfull \hbox (badness 10000) in alignment at lines 5189--5202
[] [] [] []
 []

[67]
File: ./assets/figures/06-chuong-3-giai-phap-frontend-hinh-3-15.png Graphic fil
e (type bmp)
<./assets/figures/06-chuong-3-giai-phap-frontend-hinh-3-15.png>
 [68]
File: ./assets/figures/06-chuong-3-giai-phap-frontend-hinh-3-15a.png Graphic fi
le (type bmp)
<./assets/figures/06-chuong-3-giai-phap-frontend-hinh-3-15a.png>
 [69]
File: ./assets/figures/06-chuong-3-giai-phap-frontend-hinh-3-16.png Graphic fil
e (type bmp)
<./assets/figures/06-chuong-3-giai-phap-frontend-hinh-3-16.png>
File: ./assets/figures/06-chuong-3-giai-phap-frontend-hinh-3-17.png Graphic fil
e (type bmp)
<./assets/figures/06-chuong-3-giai-phap-frontend-hinh-3-17.png>
 [70]
Underfull \hbox (badness 10000) in alignment at lines 5382--5385
[] [] []
 []


Underfull \hbox (badness 10000) in alignment at lines 5385--5387
[] [] []
 []


Underfull \hbox (badness 10000) in alignment at lines 5387--5395
[] [] []
 []

File: ./assets/figures/06-chuong-3-giai-phap-frontend-hinh-3-18.png Graphic fil
e (type bmp)
<./assets/figures/06-chuong-3-giai-phap-frontend-hinh-3-18.png>
[71]
Underfull \hbox (badness 10000) in alignment at lines 5419--5422
[] [] [] []
 []


Underfull \hbox (badness 10000) in alignment at lines 5422--5424
[] [] [] []
 []


Underfull \hbox (badness 1642) in paragraph at lines 5425--5426
[]|\TU/TimesNewRoman(0)/m/n/10 Tổng quan hệ thống,
 []


Overfull \hbox (0.65929pt too wide) in paragraph at lines 5427--5427
[]|\TU/lmtt/m/n/10 /dashboard/map| 
 []


Overfull \hbox (26.90929pt too wide) in paragraph at lines 5429--5429
[]|\TU/lmtt/m/n/10 /dashboard/vehicles| 
 []


Overfull \hbox (11.15929pt too wide) in paragraph at lines 5431--5431
[]|\TU/lmtt/m/n/10 /dashboard/trips| 
 []


Underfull \hbox (badness 10000) in paragraph at lines 5431--5431
[]|\TU/TimesNewRoman(0)/m/n/10 Lịch sử chuyến đi,
 []


Overfull \hbox (16.40929pt too wide) in paragraph at lines 5433--5433
[]|\TU/lmtt/m/n/10 /dashboard/alerts| 
 []


Overfull \hbox (21.65929pt too wide) in paragraph at lines 5437--5437
[]|\TU/lmtt/m/n/10 /dashboard/devices| 
 []


Overfull \hbox (32.15929pt too wide) in paragraph at lines 5439--5439
[]|\TU/lmtt/m/n/10 /dashboard/geofences| 
 []


Underfull \hbox (badness 10000) in paragraph at lines 5443--5444
[]|\TU/TimesNewRoman(0)/m/n/10 Cấu hình Telegram,
 []


Overfull \hbox (26.90929pt too wide) in paragraph at lines 5445--5445
[]|\TU/lmtt/m/n/10 /dashboard/settings| 
 []


Underfull \hbox (badness 10000) in alignment at lines 5424--5447
[] [] [] []
 []


ignored: Infinite glue shrinkage found in box being split [72]
File: ./assets/figures/06-chuong-3-giai-phap-frontend-hinh-3-19a.png Graphic fi
le (type bmp)
<./assets/figures/06-chuong-3-giai-phap-frontend-hinh-3-19a.png>
File: ./assets/figures/06-chuong-3-giai-phap-frontend-hinh-3-19.png Graphic fil
e (type bmp)
<./assets/figures/06-chuong-3-giai-phap-frontend-hinh-3-19.png>
 [73]
Underfull \hbox (badness 10000) in alignment at lines 5514--5517
[] [] []
 []


Underfull \hbox (badness 10000) in alignment at lines 5517--5519
[] [] []
 []


Overfull \hbox (30.03221pt too wide) in paragraph at lines 5520--5520
[]|\TU/lmtt/m/n/10 components/map/vehicle-map.tsx| 
 []


Overfull \hbox (19.53221pt too wide) in paragraph at lines 5522--5522
[]|\TU/lmtt/m/n/10 components/map/route-map.tsx| 
 []


Overfull \hbox (35.28221pt too wide) in paragraph at lines 5524--5524
[]|\TU/lmtt/m/n/10 components/map/geofence-map.tsx| 
 []


Overfull \hbox (35.28221pt too wide) in paragraph at lines 5526--5526
[]|\TU/lmtt/m/n/10 components/map/marker-popup.tsx| 
 []


Underfull \hbox (badness 10000) in alignment at lines 5519--5528
[] [] []
 []

File: ./assets/figures/06-chuong-3-giai-phap-frontend-hinh-3-20.png Graphic fil
e (type bmp)
<./assets/figures/06-chuong-3-giai-phap-frontend-hinh-3-20.png>
[74]
Underfull \hbox (badness 10000) in alignment at lines 5548--5551
[] [] [] []
 []


Underfull \hbox (badness 10000) in alignment at lines 5551--5553
[] [] [] []
 []


Underfull \hbox (badness 1014) in paragraph at lines 5554--5556
[]|\TU/TimesNewRoman(0)/m/n/10 Sidebar thành drawer, bảng
 []


Underfull \hbox (badness 2088) in paragraph at lines 5556--5558
\TU/TimesNewRoman(0)/m/n/10 bảng giữ nguyên với cuộn
 []


Underfull \hbox (badness 10000) in alignment at lines 5553--5560
[] [] [] []
 []


ignored: Infinite glue shrinkage found in box being split [75]
File: ./assets/figures/06-chuong-3-giai-phap-frontend-hinh-3-21.png Graphic fil
e (type bmp)
<./assets/figures/06-chuong-3-giai-phap-frontend-hinh-3-21.png>
File: ./assets/figures/06-chuong-3-giai-phap-frontend-hinh-3-22.png Graphic fil
e (type bmp)
<./assets/figures/06-chuong-3-giai-phap-frontend-hinh-3-22.png>
 [76]
Underfull \hbox (badness 10000) in alignment at lines 5647--5650
[] [] []
 []


Underfull \hbox (badness 10000) in alignment at lines 5650--5652
[] [] []
 []


Underfull \hbox (badness 10000) in paragraph at lines 5658--5658
[]|\TU/TimesNewRoman(0)/m/n/10 microSD SDMMC 4-bit +
 []


Underfull \hbox (badness 10000) in alignment at lines 5652--5668
[] [] []
 []


ignored: Infinite glue shrinkage found in box being split [77]
File: ./assets/figures/06-chuong-3-giai-phap-frontend-hinh-3-23.png Graphic fil
e (type bmp)
<./assets/figures/06-chuong-3-giai-phap-frontend-hinh-3-23.png>
 [78]
File: ./assets/figures/07-chuong-4-trien-khai-hardware-hinh-4-1a.png Graphic fi
le (type bmp)
<./assets/figures/07-chuong-4-trien-khai-hardware-hinh-4-1a.png>
File: ./assets/figures/07-chuong-4-trien-khai-hardware-hinh-4-1.png Graphic fil
e (type bmp)
<./assets/figures/07-chuong-4-trien-khai-hardware-hinh-4-1.png>

Underfull \hbox (badness 10000) in alignment at lines 5759--5762
[] []
 []


Underfull \hbox (badness 10000) in alignment at lines 5762--5764
[] []
 []


Underfull \hbox (badness 10000) in alignment at lines 5764--5775
[] []
 []


ignored: Infinite glue shrinkage found in box being split [79

]
File: ./assets/figures/07-chuong-4-trien-khai-hardware-hinh-4-2a.png Graphic fi
le (type bmp)
<./assets/figures/07-chuong-4-trien-khai-hardware-hinh-4-2a.png>
 [80]
File: ./assets/figures/07-chuong-4-trien-khai-hardware-hinh-4-2.png Graphic fil
e (type bmp)
<./assets/figures/07-chuong-4-trien-khai-hardware-hinh-4-2.png>
 [81] [82]
File: ./assets/figures/07-chuong-4-trien-khai-hardware-hinh-4-3.png Graphic fil
e (type bmp)
<./assets/figures/07-chuong-4-trien-khai-hardware-hinh-4-3.png>
File: ./assets/figures/07-chuong-4-trien-khai-hardware-hinh-4-4.png Graphic fil
e (type bmp)
<./assets/figures/07-chuong-4-trien-khai-hardware-hinh-4-4.png>
 [83]
Underfull \hbox (badness 10000) in alignment at lines 5900--5903
[] [] [] []
 []


Underfull \hbox (badness 10000) in alignment at lines 5903--5905
[] [] [] []
 []


Underfull \hbox (badness 5924) in paragraph at lines 5906--5908
[]|\TU/TimesNewRoman(0)/m/n/10 Đọc trạng thái khóa điện
 []


Underfull \hbox (badness 10000) in paragraph at lines 5908--5910
\TU/TimesNewRoman(0)/m/n/10 voltage divider (R1=100k,
 []


Underfull \hbox (badness 5431) in paragraph at lines 5910--5912
[]|\TU/TimesNewRoman(0)/m/n/10 Điều khiển bật/tắt IC sạc
 []


Overfull \hbox (15.44542pt too wide) in paragraph at lines 5912--5912
[]|\TU/TimesNewRoman(0)/m/n/10 MODEM_UART_TX| 
 []


Overfull \hbox (16.00694pt too wide) in paragraph at lines 5914--5914
[]|\TU/TimesNewRoman(0)/m/n/10 MODEM_UART_RX| 
 []


Overfull \hbox (9.57628pt too wide) in paragraph at lines 5916--5916
[]|\TU/TimesNewRoman(0)/m/n/10 POWER_PATH_EN| 
 []


Underfull \hbox (badness 10000) in paragraph at lines 5916--5918
[]|\TU/TimesNewRoman(0)/m/n/10 Điều khiển nhánh nguồn:
 []


Underfull \hbox (badness 5345) in paragraph at lines 5916--5918
\TU/TimesNewRoman(0)/m/n/10 LOW = ưu tiên MP2482,
 []


Underfull \hbox (badness 10000) in paragraph at lines 5916--5918
\TU/TimesNewRoman(0)/m/n/10 HIGH = ưu tiên backup
 []


Underfull \hbox (badness 6078) in paragraph at lines 5918--5920
[]|\TU/TimesNewRoman(0)/m/n/10 Đọc trạng thái Low Volt-
 []


Underfull \hbox (badness 1210) in paragraph at lines 5920--5922
[]|\TU/TimesNewRoman(0)/m/n/10 Nhận tín hiệu ngắt từ cảm
 []


Underfull \hbox (badness 2158) in paragraph at lines 5920--5922
\TU/TimesNewRoman(0)/m/n/10 biến gia tốc LIS3DSH khi
 []


Underfull \hbox (badness 10000) in paragraph at lines 5926--5926
[]|\TU/TimesNewRoman(0)/m/n/10 MODEM_PWR-
 []


Underfull \hbox (badness 10000) in alignment at lines 5905--5928
[] [] [] []
 []

[84]
File: ./assets/figures/07-chuong-4-trien-khai-hardware-hinh-4-5.png Graphic fil
e (type bmp)
<./assets/figures/07-chuong-4-trien-khai-hardware-hinh-4-5.png>
 [85]
File: ./assets/figures/07-chuong-4-trien-khai-hardware-hinh-4-6a.png Graphic fi
le (type bmp)
<./assets/figures/07-chuong-4-trien-khai-hardware-hinh-4-6a.png>
File: ./assets/figures/07-chuong-4-trien-khai-hardware-hinh-4-6.png Graphic fil
e (type bmp)
<./assets/figures/07-chuong-4-trien-khai-hardware-hinh-4-6.png>
 [86]
Underfull \hbox (badness 10000) in alignment at lines 6025--6028
[] [] [] [] []
 []


Underfull \hbox (badness 10000) in alignment at lines 6028--6030
[] [] [] [] []
 []


Underfull \hbox (badness 10000) in paragraph at lines 6031--6031
[]|\TU/TimesNewRoman(0)/m/n/10 AP2112-
 []


Underfull \hbox (badness 10000) in alignment at lines 6030--6032
[] [] [] [] []
 []


Underfull \hbox (badness 10000) in alignment at lines 6043--6046
[] [] [] [] []
 []


Underfull \hbox (badness 10000) in alignment at lines 6046--6048
[] [] [] [] []
 []


Underfull \hbox (badness 10000) in alignment at lines 6048--6050
[] [] [] [] []
 []

File: ./assets/figures/07-chuong-4-trien-khai-hardware-hinh-4-7.png Graphic fil
e (type bmp)
<./assets/figures/07-chuong-4-trien-khai-hardware-hinh-4-7.png>

Underfull \hbox (badness 10000) in alignment at lines 6066--6069
[] [] [] [] []
 []


Underfull \hbox (badness 10000) in alignment at lines 6069--6071
[] [] [] [] []
 []


Underfull \hbox (badness 10000) in alignment at lines 6071--6073
[] [] [] [] []
 []


Underfull \hbox (badness 10000) in alignment at lines 6085--6088
[] [] [] [] []
 []


Underfull \hbox (badness 10000) in alignment at lines 6088--6090
[] [] [] [] []
 []


Underfull \hbox (badness 10000) in alignment at lines 6090--6092
[] [] [] [] []
 []

File: ./assets/figures/07-chuong-4-trien-khai-hardware-hinh-4-8.png Graphic fil
e (type bmp)
<./assets/figures/07-chuong-4-trien-khai-hardware-hinh-4-8.png>

Underfull \hbox (badness 10000) in paragraph at lines 6108--6108
[]|\TU/TimesNewRoman(0)/b/n/10 Trạng
 []


Overfull \hbox (5.1796pt too wide) in alignment at lines 6107--6110
[] [] [] [] [] []
 []


Overfull \hbox (5.1796pt too wide) in alignment at lines 6110--6112
[] [] [] [] [] []
 []


Underfull \hbox (badness 10000) in paragraph at lines 6113--6113
[]|\TU/TimesNewRoman(0)/m/n/10 Xe
 []


Underfull \hbox (badness 10000) in paragraph at lines 6113--6113
\TU/TimesNewRoman(0)/m/n/10 chạy
 []


Underfull \hbox (badness 10000) in paragraph at lines 6113--6113
\TU/TimesNewRoman(0)/m/n/10 bình
 []


Overfull \hbox (1.1728pt too wide) in paragraph at lines 6113--6113
\TU/TimesNewRoman(0)/m/n/10 thường| 
 []


Underfull \hbox (badness 10000) in paragraph at lines 6113--6114
[]|\TU/TimesNewRoman(0)/m/n/10 Profile 12V:
 []


Underfull \hbox (badness 3229) in paragraph at lines 6113--6114
\TU/TimesNewRoman(0)/m/n/10 U_batt >= 13.0V;
 []


Underfull \hbox (badness 10000) in paragraph at lines 6113--6114
\TU/TimesNewRoman(0)/m/n/10 Profile 24V:
 []


Underfull \hbox (badness 1603) in paragraph at lines 6115--6115
[]|\TU/TimesNewRoman(0)/m/n/10 Xe đỗ
 []


Underfull \hbox (badness 10000) in paragraph at lines 6115--6115
\TU/TimesNewRoman(0)/m/n/10 bình
 []


Overfull \hbox (1.1728pt too wide) in paragraph at lines 6115--6115
\TU/TimesNewRoman(0)/m/n/10 thường| 
 []


Underfull \hbox (badness 10000) in paragraph at lines 6115--6116
[]|\TU/TimesNewRoman(0)/m/n/10 Profile 12V:
 []


Underfull \hbox (badness 10000) in paragraph at lines 6115--6116
\TU/TimesNewRoman(0)/m/n/10 U_batt > 12.0V;
 []


Underfull \hbox (badness 10000) in paragraph at lines 6115--6116
\TU/TimesNewRoman(0)/m/n/10 Profile 24V:
 []


Underfull \hbox (badness 10000) in paragraph at lines 6117--6117
[]|\TU/TimesNewRoman(0)/m/n/10 Ắc
 []


Underfull \hbox (badness 10000) in paragraph at lines 6117--6117
\TU/TimesNewRoman(0)/m/n/10 quy
 []


Underfull \hbox (badness 10000) in paragraph at lines 6117--6118
[]|\TU/TimesNewRoman(0)/m/n/10 Profile 12V:
 []


Underfull \hbox (badness 3229) in paragraph at lines 6117--6118
\TU/TimesNewRoman(0)/m/n/10 U_batt <= 12.0V;
 []


Underfull \hbox (badness 10000) in paragraph at lines 6117--6118
\TU/TimesNewRoman(0)/m/n/10 Profile 24V:
 []


Underfull \hbox (badness 10000) in paragraph at lines 6119--6119
[]|\TU/TimesNewRoman(0)/m/n/10 Ắc
 []


Underfull \hbox (badness 10000) in paragraph at lines 6119--6119
\TU/TimesNewRoman(0)/m/n/10 quy
 []


Underfull \hbox (badness 10000) in paragraph at lines 6119--6119
\TU/TimesNewRoman(0)/m/n/10 phục
 []


Underfull \hbox (badness 10000) in paragraph at lines 6119--6120
[]|\TU/TimesNewRoman(0)/m/n/10 Profile 12V:
 []


Underfull \hbox (badness 3229) in paragraph at lines 6119--6120
\TU/TimesNewRoman(0)/m/n/10 U_batt >= 12.2V;
 []


Underfull \hbox (badness 10000) in paragraph at lines 6119--6120
\TU/TimesNewRoman(0)/m/n/10 Profile 24V:
 []


Overfull \hbox (5.1796pt too wide) in alignment at lines 6112--6121
[] [] [] [] [] []
 []

[87]
File: ./assets/figures/07-chuong-4-trien-khai-hardware-hinh-4-9.png Graphic fil
e (type bmp)
<./assets/figures/07-chuong-4-trien-khai-hardware-hinh-4-9.png>
 [88]
Underfull \hbox (badness 10000) in alignment at lines 6138--6141
[] [] [] [] []
 []


Underfull \hbox (badness 10000) in alignment at lines 6141--6143
[] [] [] [] []
 []


Underfull \hbox (badness 10000) in alignment at lines 6143--6145
[] [] [] [] []
 []

File: ./assets/figures/07-chuong-4-trien-khai-hardware-hinh-4-10.png Graphic fi
le (type bmp)
<./assets/figures/07-chuong-4-trien-khai-hardware-hinh-4-10.png>
[89] [90]
File: ./assets/figures/07-chuong-4-trien-khai-hardware-hinh-4-11.png Graphic fi
le (type bmp)
<./assets/figures/07-chuong-4-trien-khai-hardware-hinh-4-11.png>
 [91]
Underfull \hbox (badness 1540) in paragraph at lines 6254--6259
[]\TU/TimesNewRoman(0)/b/n/10 Ghi bản ghi cục bộ\TU/TimesNewRoman(0)/m/n/10 : \
TU/lmtt/m/n/10 offline_queue_enqueue() \TU/TimesNewRoman(0)/m/n/10 chuẩn hóa bả
n ghi telemetry/sự kiện, sau đó
 []


Underfull \hbox (badness 10000) in paragraph at lines 6268--6272
[]\TU/TimesNewRoman(0)/b/n/10 Kết thúc phiên ghi an toàn\TU/TimesNewRoman(0)/m/
n/10 : firmware gọi \TU/lmtt/m/n/10 sd_log_store_stop_session() \TU/TimesNewRom
an(0)/m/n/10 và
 []


Underfull \hbox (badness 6332) in paragraph at lines 6293--6293
[]|\TU/TimesNewRoman(0)/b/n/10 Giá ước tính
 []


Overfull \hbox (5.1796pt too wide) in alignment at lines 6292--6295
[] [] [] [] [] []
 []


Overfull \hbox (5.1796pt too wide) in alignment at lines 6295--6297
[] [] [] [] [] []
 []


Underfull \hbox (badness 10000) in paragraph at lines 6298--6298
[]|\TU/TimesNewRoman(0)/m/n/10 ESP32-S3-
 []


Underfull \hbox (badness 10000) in paragraph at lines 6298--6298
\TU/TimesNewRoman(0)/m/n/10 WROOM-1
 []


Underfull \hbox (badness 10000) in paragraph at lines 6298--6298
[]|\TU/TimesNewRoman(0)/m/n/10 100,000–
 []


Underfull \hbox (badness 3590) in paragraph at lines 6298--6300
[]|\TU/TimesNewRoman(0)/m/n/10 MCU trung tâm của bo
 []


Underfull \hbox (badness 10000) in paragraph at lines 6300--6300
[]|\TU/TimesNewRoman(0)/m/n/10 IC cảm biến
 []


Underfull \hbox (badness 1226) in paragraph at lines 6300--6302
[]|\TU/TimesNewRoman(0)/m/n/10 Cảm biến gia tốc 3 trục,
 []


Underfull \hbox (badness 1360) in paragraph at lines 6302--6302
[]|\TU/TimesNewRoman(0)/m/n/10 vgate iCar Pro
 []


Underfull \hbox (badness 10000) in paragraph at lines 6302--6302
[]|\TU/TimesNewRoman(0)/m/n/10 150,000–
 []


Underfull \hbox (badness 2384) in paragraph at lines 6302--6304
[]|\TU/TimesNewRoman(0)/m/n/10 Adapter OBD2 BLE 4.0,
 []


Underfull \hbox (badness 10000) in paragraph at lines 6304--6304
[]|\TU/TimesNewRoman(0)/m/n/10 SIMCom
 []


Underfull \hbox (badness 10000) in paragraph at lines 6304--6304
[]|\TU/TimesNewRoman(0)/m/n/10 330,000–
 []


Underfull \hbox (badness 10000) in paragraph at lines 6306--6306
[]|\TU/TimesNewRoman(0)/m/n/10 Pin 18650
 []


Underfull \hbox (badness 10000) in paragraph at lines 6306--6306
\TU/TimesNewRoman(0)/m/n/10 1S Li-ion
 []


Underfull \hbox (badness 10000) in paragraph at lines 6306--6306
[]|\TU/TimesNewRoman(0)/m/n/10 100,000–
 []


Underfull \hbox (badness 10000) in paragraph at lines 6310--6310
[]|\TU/TimesNewRoman(0)/m/n/10 Mạch buck
 []


Underfull \hbox (badness 10000) in paragraph at lines 6310--6312
[]|\TU/TimesNewRoman(0)/m/n/10 12–24V -> 3.3V cho
 []


Underfull \hbox (badness 10000) in paragraph at lines 6312--6312
[]|\TU/TimesNewRoman(0)/m/n/10 Mạch buck
 []


Underfull \hbox (badness 10000) in paragraph at lines 6313--6313
[]|\TU/TimesNewRoman(0)/m/n/10 Mạch buck
 []


Underfull \hbox (badness 10000) in paragraph at lines 6315--6315
[]|\TU/TimesNewRoman(0)/m/n/10 Mạch boost
 []


Underfull \hbox (badness 10000) in paragraph at lines 6315--6315
\TU/TimesNewRoman(0)/m/n/10 SX1308 5V
 []


Underfull \hbox (badness 2837) in paragraph at lines 6317--6317
[]|\TU/TimesNewRoman(0)/m/n/10 Khối giám sát
 []


Underfull \hbox (badness 10000) in paragraph at lines 6321--6321
[]|\TU/TimesNewRoman(0)/m/n/10 Mạch bảo vệ
 []


Underfull \hbox (badness 3679) in paragraph at lines 6323--6323
[]|\TU/TimesNewRoman(0)/m/n/10 Điện trở (10k,
 []


Underfull \hbox (badness 10000) in paragraph at lines 6323--6325
[]|\TU/TimesNewRoman(0)/m/n/10 Voltage divider, pull-
 []


Underfull \hbox (badness 10000) in paragraph at lines 6327--6327
[]|\TU/TimesNewRoman(0)/m/n/10 Connector,
 []


Underfull \hbox (badness 10000) in paragraph at lines 6329--6329
[]|\TU/TimesNewRoman(0)/m/n/10 PCB (nếu tự
 []


Underfull \hbox (badness 10000) in paragraph at lines 6329--6329
[]|\TU/TimesNewRoman(0)/m/n/10 50,000–
 []


Underfull \hbox (badness 5050) in paragraph at lines 6329--6331
[]|\TU/TimesNewRoman(0)/m/n/10 PCB 2 lớp, kích thước
 []


Underfull \hbox (badness 10000) in paragraph at lines 6331--6331
[]|\TU/TimesNewRoman(0)/m/n/10 50,000–
 []


Underfull \hbox (badness 10000) in paragraph at lines 6332--6332
[]|\TU/TimesNewRoman(0)/m/n/10 Dây nối, cáp
 []


Underfull \hbox (badness 2837) in paragraph at lines 6334--6334
[]|\TU/TimesNewRoman(0)/m/n/10 Linh kiện phụ
 []


Overfull \hbox (5.1796pt too wide) in alignment at lines 6297--6336
[] [] [] [] [] []
 []


ignored: Infinite glue shrinkage found in box being split [92]
Underfull \hbox (badness 10000) in alignment at lines 6342--6345
[] []
 []


Underfull \hbox (badness 10000) in alignment at lines 6345--6347
[] []
 []


Underfull \hbox (badness 10000) in alignment at lines 6347--6354
[] []
 []

[93]
File: ./assets/figures/07-chuong-4-trien-khai-hardware-hinh-4-12.png Graphic fi
le (type bmp)
<./assets/figures/07-chuong-4-trien-khai-hardware-hinh-4-12.png>
File: ./assets/figures/07-chuong-4-trien-khai-hardware-hinh-4-13.png Graphic fi
le (type bmp)
<./assets/figures/07-chuong-4-trien-khai-hardware-hinh-4-13.png>
File: ./assets/figures/07-chuong-4-trien-khai-hardware-hinh-4-14.png Graphic fi
le (type bmp)
<./assets/figures/07-chuong-4-trien-khai-hardware-hinh-4-14.png>
 [94] [95]
File: ./assets/figures/07-chuong-4-trien-khai-hardware-hinh-4-15.png Graphic fi
le (type bmp)
<./assets/figures/07-chuong-4-trien-khai-hardware-hinh-4-15.png>
File: ./assets/figures/07-chuong-4-trien-khai-hardware-hinh-4-16.png Graphic fi
le (type bmp)
<./assets/figures/07-chuong-4-trien-khai-hardware-hinh-4-16.png>
 [96]
Underfull \hbox (badness 10000) in alignment at lines 6570--6573
[] [] []
 []


Underfull \hbox (badness 10000) in alignment at lines 6573--6575
[] [] []
 []


Underfull \hbox (badness 10000) in alignment at lines 6575--6584
[] [] []
 []

[97]
Missing character: There is no ├ in font [lmmono10-regular]:!
Missing character: There is no ─ in font [lmmono10-regular]:!
Missing character: There is no ├ in font [lmmono10-regular]:!
Missing character: There is no ─ in font [lmmono10-regular]:!
Missing character: There is no ├ in font [lmmono10-regular]:!
Missing character: There is no ─ in font [lmmono10-regular]:!
Missing character: There is no ─ in font [lmmono10-regular]:!
Missing character: There is no │ in font [lmmono10-regular]:!
Missing character: There is no │ in font [lmmono10-regular]:!
Missing character: There is no ├ in font [lmmono10-regular]:!
Missing character: There is no ─ in font [lmmono10-regular]:!
Missing character: There is no ─ in font [lmmono10-regular]:!
Missing character: There is no │ in font [lmmono10-regular]:!
Missing character: There is no │ in font [lmmono10-regular]:!
Missing character: There is no ├ in font [lmmono10-regular]:!
Missing character: There is no ─ in font [lmmono10-regular]:!
Missing character: There is no ─ in font [lmmono10-regular]:!
Missing character: There is no │ in font [lmmono10-regular]:!
Missing character: There is no │ in font [lmmono10-regular]:!
Missing character: There is no ├ in font [lmmono10-regular]:!
Missing character: There is no ─ in font [lmmono10-regular]:!
Missing character: There is no ─ in font [lmmono10-regular]:!
Missing character: There is no │ in font [lmmono10-regular]:!
Missing character: There is no │ in font [lmmono10-regular]:!
Missing character: There is no ├ in font [lmmono10-regular]:!
Missing character: There is no ─ in font [lmmono10-regular]:!
Missing character: There is no ─ in font [lmmono10-regular]:!
Missing character: There is no │ in font [lmmono10-regular]:!
Missing character: There is no │ in font [lmmono10-regular]:!
Missing character: There is no │ in font [lmmono10-regular]:!
Missing character: There is no ├ in font [lmmono10-regular]:!
Missing character: There is no ─ in font [lmmono10-regular]:!
Missing character: There is no ─ in font [lmmono10-regular]:!
Missing character: There is no │ in font [lmmono10-regular]:!
Missing character: There is no │ in font [lmmono10-regular]:!
Missing character: There is no │ in font [lmmono10-regular]:!
Missing character: There is no ├ in font [lmmono10-regular]:!
Missing character: There is no ─ in font [lmmono10-regular]:!
Missing character: There is no ─ in font [lmmono10-regular]:!
Missing character: There is no │ in font [lmmono10-regular]:!
Missing character: There is no │ in font [lmmono10-regular]:!
Missing character: There is no │ in font [lmmono10-regular]:!
Missing character: There is no ├ in font [lmmono10-regular]:!
Missing character: There is no ─ in font [lmmono10-regular]:!
Missing character: There is no ─ in font [lmmono10-regular]:!
Missing character: There is no │ in font [lmmono10-regular]:!
Missing character: There is no │ in font [lmmono10-regular]:!
Missing character: There is no │ in font [lmmono10-regular]:!
Missing character: There is no ├ in font [lmmono10-regular]:!
Missing character: There is no ─ in font [lmmono10-regular]:!
Missing character: There is no ─ in font [lmmono10-regular]:!
Missing character: There is no │ in font [lmmono10-regular]:!
Missing character: There is no │ in font [lmmono10-regular]:!
Missing character: There is no │ in font [lmmono10-regular]:!
Missing character: There is no ├ in font [lmmono10-regular]:!
Missing character: There is no ─ in font [lmmono10-regular]:!
Missing character: There is no ─ in font [lmmono10-regular]:!
Missing character: There is no │ in font [lmmono10-regular]:!
Missing character: There is no │ in font [lmmono10-regular]:!
Missing character: There is no │ in font [lmmono10-regular]:!
Missing character: There is no ├ in font [lmmono10-regular]:!
Missing character: There is no ─ in font [lmmono10-regular]:!
Missing character: There is no ─ in font [lmmono10-regular]:!
Missing character: There is no │ in font [lmmono10-regular]:!
Missing character: There is no │ in font [lmmono10-regular]:!
Missing character: There is no │ in font [lmmono10-regular]:!
Missing character: There is no ├ in font [lmmono10-regular]:!
Missing character: There is no ─ in font [lmmono10-regular]:!
Missing character: There is no ─ in font [lmmono10-regular]:!
Missing character: There is no │ in font [lmmono10-regular]:!
Missing character: There is no │ in font [lmmono10-regular]:!
Missing character: There is no │ in font [lmmono10-regular]:!
Missing character: There is no ├ in font [lmmono10-regular]:!
Missing character: There is no ─ in font [lmmono10-regular]:!
Missing character: There is no ─ in font [lmmono10-regular]:!
Missing character: There is no │ in font [lmmono10-regular]:!
Missing character: There is no │ in font [lmmono10-regular]:!
Missing character: There is no │ in font [lmmono10-regular]:!
Missing character: There is no └ in font [lmmono10-regular]:!
Missing character: There is no ─ in font [lmmono10-regular]:!
Missing character: There is no ─ in font [lmmono10-regular]:!
Missing character: There is no │ in font [lmmono10-regular]:!
Missing character: There is no │ in font [lmmono10-regular]:!
Missing character: There is no └ in font [lmmono10-regular]:!
Missing character: There is no ─ in font [lmmono10-regular]:!
Missing character: There is no ─ in font [lmmono10-regular]:!
Missing character: There is no │ in font [lmmono10-regular]:!
Missing character: There is no │ in font [lmmono10-regular]:!
Missing character: There is no ├ in font [lmmono10-regular]:!
Missing character: There is no ─ in font [lmmono10-regular]:!
Missing character: There is no ─ in font [lmmono10-regular]:!
Missing character: There is no │ in font [lmmono10-regular]:!
Missing character: There is no │ in font [lmmono10-regular]:!
Missing character: There is no ├ in font [lmmono10-regular]:!
Missing character: There is no ─ in font [lmmono10-regular]:!
Missing character: There is no ─ in font [lmmono10-regular]:!
Missing character: There is no │ in font [lmmono10-regular]:!
Missing character: There is no │ in font [lmmono10-regular]:!
Missing character: There is no ├ in font [lmmono10-regular]:!
Missing character: There is no ─ in font [lmmono10-regular]:!
Missing character: There is no ─ in font [lmmono10-regular]:!
Missing character: There is no │ in font [lmmono10-regular]:!
Missing character: There is no │ in font [lmmono10-regular]:!
Missing character: There is no ├ in font [lmmono10-regular]:!
Missing character: There is no ─ in font [lmmono10-regular]:!
Missing character: There is no ─ in font [lmmono10-regular]:!
Missing character: There is no │ in font [lmmono10-regular]:!
Missing character: There is no │ in font [lmmono10-regular]:!
Missing character: There is no ├ in font [lmmono10-regular]:!
Missing character: There is no ─ in font [lmmono10-regular]:!
Missing character: There is no ─ in font [lmmono10-regular]:!
Missing character: There is no │ in font [lmmono10-regular]:!
Missing character: There is no │ in font [lmmono10-regular]:!
Missing character: There is no ├ in font [lmmono10-regular]:!
Missing character: There is no ─ in font [lmmono10-regular]:!
Missing character: There is no ─ in font [lmmono10-regular]:!
Missing character: There is no │ in font [lmmono10-regular]:!
Missing character: There is no │ in font [lmmono10-regular]:!
Missing character: There is no ├ in font [lmmono10-regular]:!
Missing character: There is no ─ in font [lmmono10-regular]:!
Missing character: There is no ─ in font [lmmono10-regular]:!
Missing character: There is no │ in font [lmmono10-regular]:!
Missing character: There is no │ in font [lmmono10-regular]:!
Missing character: There is no ├ in font [lmmono10-regular]:!
Missing character: There is no ─ in font [lmmono10-regular]:!
Missing character: There is no ─ in font [lmmono10-regular]:!
Missing character: There is no │ in font [lmmono10-regular]:!
Missing character: There is no │ in font [lmmono10-regular]:!
Missing character: There is no ├ in font [lmmono10-regular]:!
Missing character: There is no ─ in font [lmmono10-regular]:!
Missing character: There is no ─ in font [lmmono10-regular]:!
Missing character: There is no │ in font [lmmono10-regular]:!
Missing character: There is no │ in font [lmmono10-regular]:!
Missing character: There is no ├ in font [lmmono10-regular]:!
Missing character: There is no ─ in font [lmmono10-regular]:!
Missing character: There is no ─ in font [lmmono10-regular]:!
Missing character: There is no │ in font [lmmono10-regular]:!
Missing character: There is no │ in font [lmmono10-regular]:!
Missing character: There is no └ in font [lmmono10-regular]:!
Missing character: There is no ─ in font [lmmono10-regular]:!
Missing character: There is no ─ in font [lmmono10-regular]:!
Missing character: There is no ├ in font [lmmono10-regular]:!
Missing character: There is no ─ in font [lmmono10-regular]:!
Missing character: There is no ├ in font [lmmono10-regular]:!
Missing character: There is no ─ in font [lmmono10-regular]:!
Missing character: There is no ├ in font [lmmono10-regular]:!
Missing character: There is no ─ in font [lmmono10-regular]:!
Missing character: There is no ─ in font [lmmono10-regular]:!
Missing character: There is no └ in font [lmmono10-regular]:!
Missing character: There is no ─ in font [lmmono10-regular]:!
Missing character: There is no └ in font [lmmono10-regular]:!
Missing character: There is no ─ in font [lmmono10-regular]:!
Missing character: There is no └ in font [lmmono10-regular]:!
Missing character: There is no ─ in font [lmmono10-regular]:!
Missing character: There is no ─ in font [lmmono10-regular]:!

Underfull \hbox (badness 10000) in alignment at lines 6683--6686
[] [] []
 []


Underfull \hbox (badness 10000) in alignment at lines 6686--6688
[] [] []
 []


Underfull \hbox (badness 10000) in paragraph at lines 6689--6691
[]|\TU/lmtt/m/n/10 adc_reader\TU/TimesNewRoman(0)/m/n/10 , \TU/lmtt/m/n/10 imu_
lis3dh\TU/TimesNewRoman(0)/m/n/10 ,
 []


Underfull \hbox (badness 10000) in paragraph at lines 6689--6691
\TU/lmtt/m/n/10 modem_at\TU/TimesNewRoman(0)/m/n/10 , \TU/lmtt/m/n/10 modem_lte
\TU/TimesNewRoman(0)/m/n/10 ,
 []


Underfull \hbox (badness 10000) in paragraph at lines 6689--6691
\TU/lmtt/m/n/10 modem_gnss\TU/TimesNewRoman(0)/m/n/10 , \TU/lmtt/m/n/10 ble_mgr
\TU/TimesNewRoman(0)/m/n/10 ,
 []


Underfull \hbox (badness 10000) in paragraph at lines 6692--6692
[]|\TU/lmtt/m/n/10 power_mgr\TU/TimesNewRoman(0)/m/n/10 , \TU/lmtt/m/n/10 nvs_c
onfig\TU/TimesNewRoman(0)/m/n/10 ,
 []


Underfull \hbox (badness 10000) in paragraph at lines 6695--6695
[]|\TU/lmtt/m/n/10 state_machine\TU/TimesNewRoman(0)/m/n/10 ,
 []


Underfull \hbox (badness 10000) in paragraph at lines 6697--6697
[]|\TU/lmtt/m/n/10 data_formatter\TU/TimesNewRoman(0)/m/n/10 ,
 []


Underfull \hbox (badness 10000) in alignment at lines 6688--6700
[] [] []
 []


ignored: Infinite glue shrinkage found in box being split [98]
Underfull \hbox (badness 10000) in alignment at lines 6714--6717
[] [] [] []
 []


Underfull \hbox (badness 10000) in alignment at lines 6717--6719
[] [] [] []
 []


Underfull \hbox (badness 5924) in paragraph at lines 6720--6721
[]|\TU/TimesNewRoman(0)/m/n/10 Đọc trạng thái khóa điện
 []


Overfull \hbox (15.44542pt too wide) in paragraph at lines 6723--6723
[]|\TU/TimesNewRoman(0)/m/n/10 MODEM_UART_TX| 
 []


Underfull \hbox (badness 10000) in paragraph at lines 6723--6724
[]|\TU/TimesNewRoman(0)/m/n/10 UART TX đến modem
 []


Overfull \hbox (16.00694pt too wide) in paragraph at lines 6724--6724
[]|\TU/TimesNewRoman(0)/m/n/10 MODEM_UART_RX| 
 []


Underfull \hbox (badness 10000) in paragraph at lines 6724--6725
[]|\TU/TimesNewRoman(0)/m/n/10 UART RX từ modem
 []


Overfull \hbox (9.57628pt too wide) in paragraph at lines 6725--6725
[]|\TU/TimesNewRoman(0)/m/n/10 POWER_PATH_EN| 
 []


Underfull \hbox (badness 10000) in paragraph at lines 6730--6730
[]|\TU/TimesNewRoman(0)/m/n/10 MODEM_PWR-
 []


Underfull \hbox (badness 10000) in alignment at lines 6719--6731
[] [] [] []
 []

[99] [100] [101]
Underfull \hbox (badness 10000) in alignment at lines 6921--6924
[] [] [] [] []
 []


Underfull \hbox (badness 10000) in alignment at lines 6924--6926
[] [] [] [] []
 []


Underfull \hbox (badness 10000) in paragraph at lines 6927--6927
[]|\TU/TimesNewRoman(0)/m/n/10 Tốc độ
 []


Underfull \hbox (badness 10000) in paragraph at lines 6927--6927
\TU/TimesNewRoman(0)/m/n/10 động cơ
 []


Underfull \hbox (badness 10000) in paragraph at lines 6929--6929
[]|\TU/TimesNewRoman(0)/m/n/10 Tải động
 []


Underfull \hbox (badness 10000) in paragraph at lines 6930--6930
[]|\TU/TimesNewRoman(0)/m/n/10 Nhiệt độ
 []


Underfull \hbox (badness 10000) in paragraph at lines 6930--6930
\TU/TimesNewRoman(0)/m/n/10 nước làm
 []


Underfull \hbox (badness 10000) in paragraph at lines 6932--6932
[]|\TU/TimesNewRoman(0)/m/n/10 Nhiệt độ
 []


Underfull \hbox (badness 10000) in paragraph at lines 6933--6933
[]|\TU/TimesNewRoman(0)/m/n/10 Vị trí
 []


Underfull \hbox (badness 10000) in paragraph at lines 6934--6934
[]|\TU/TimesNewRoman(0)/m/n/10 Điện áp
 []


Underfull \hbox (badness 10000) in paragraph at lines 6934--6934
\TU/TimesNewRoman(0)/m/n/10 module
 []


Underfull \hbox (badness 10000) in alignment at lines 6926--6935
[] [] [] [] []
 []

[102] [103] [104]
Underfull \hbox (badness 10000) in alignment at lines 7081--7084
[] [] []
 []


Underfull \hbox (badness 10000) in alignment at lines 7084--7086
[] [] []
 []


Underfull \hbox (badness 10000) in alignment at lines 7086--7097
[] [] []
 []

[105]
Underfull \hbox (badness 1867) in paragraph at lines 7189--7197
[] []\TU/TimesNewRoman(0)/b/n/10 e) Luồng cập nhật firmware OTA[] \TU/TimesNewR
oman(0)/m/n/10 Tính năng OTA mới được tích hợp xuyên suốt từ backend đến
 []


Underfull \hbox (badness 4108) in paragraph at lines 7189--7197
\TU/TimesNewRoman(0)/m/n/10 firmware. Backend tạo \TU/lmtt/m/n/10 jobId\TU/Time
sNewRoman(0)/m/n/10 , tra cứu firmware theo \TU/lmtt/m/n/10 firmwareVersion\TU/
TimesNewRoman(0)/m/n/10 , sinh URL tải file dạng
 []


Underfull \hbox (badness 2875) in paragraph at lines 7189--7197
\TU/lmtt/m/n/10 /api/v1/firmware/{id}/download\TU/TimesNewRoman(0)/m/n/10 , rồi
 gửi lệnh \TU/lmtt/m/n/10 ota_update \TU/TimesNewRoman(0)/m/n/10 qua topic \TU/
lmtt/m/n/10 v1/{device_id}/commands\TU/TimesNewRoman(0)/m/n/10 .
 []

[106]
File: ./assets/figures/08-chuong-4-trien-khai-firmware-hinh-4-16a.png Graphic f
ile (type bmp)
<./assets/figures/08-chuong-4-trien-khai-firmware-hinh-4-16a.png>
 [107]
Underfull \hbox (badness 3612) in paragraph at lines 7301--7301
[]|\TU/TimesNewRoman(0)/b/n/10 Dòng tiêu
 []


Underfull \hbox (badness 10000) in alignment at lines 7300--7303
[] [] [] [] []
 []


Underfull \hbox (badness 10000) in alignment at lines 7303--7305
[] [] [] [] []
 []


Underfull \hbox (badness 10000) in alignment at lines 7305--7310
[] [] [] [] []
 []

[108] [109]
Underfull \hbox (badness 10000) in alignment at lines 7392--7395
[] [] []
 []


Underfull \hbox (badness 10000) in alignment at lines 7395--7397
[] [] []
 []


Underfull \hbox (badness 10000) in alignment at lines 7397--7407
[] [] []
 []


Underfull \hbox (badness 10000) in alignment at lines 7413--7416
[] [] []
 []


Underfull \hbox (badness 10000) in alignment at lines 7416--7418
[] [] []
 []


Underfull \hbox (badness 10000) in alignment at lines 7418--7428
[] [] []
 []

File: ./assets/figures/08-chuong-4-trien-khai-firmware-hinh-4-17.png Graphic fi
le (type bmp)
<./assets/figures/08-chuong-4-trien-khai-firmware-hinh-4-17.png>

Overfull \hbox (131.58206pt too wide) in paragraph at lines 7460--7461
[] []\TU/TimesNewRoman(0)/b/n/10 b) Lưu đồ thuật toán tổng thể[] [] 
 []

[110] [111]
File: ./assets/figures/09-chuong-4-trien-khai-cloud-hinh-4-15.png Graphic file 
(type bmp)
<./assets/figures/09-chuong-4-trien-khai-cloud-hinh-4-15.png>
 [112] [113] [114]
File: ./assets/figures/09-chuong-4-trien-khai-cloud-hinh-4-16.png Graphic file 
(type bmp)
<./assets/figures/09-chuong-4-trien-khai-cloud-hinh-4-16.png>
 [115] [116]
Underfull \hbox (badness 10000) in alignment at lines 7762--7765
[] [] [] []
 []


Underfull \hbox (badness 10000) in alignment at lines 7765--7767
[] [] [] []
 []


Underfull \hbox (badness 10000) in paragraph at lines 7769--7769
[]|\TU/TimesNewRoman(0)/m/n/10 1883, 8883, 8083,
 []


Underfull \hbox (badness 10000) in paragraph at lines 7771--7771
[]|\TU/TimesNewRoman(0)/m/n/10 tracking-
 []


Underfull \hbox (badness 10000) in paragraph at lines 7773--7773
[]|\TU/TimesNewRoman(0)/m/n/10 tracking-
 []


Underfull \hbox (badness 10000) in paragraph at lines 7775--7775
[]|\TU/TimesNewRoman(0)/m/n/10 tracking-mqtt-
 []


Underfull \hbox (badness 1286) in paragraph at lines 7775--7777
[]|\TU/TimesNewRoman(0)/m/n/10 Cầu nối MQTT (không ex-
 []


Underfull \hbox (badness 10000) in alignment at lines 7767--7780
[] [] [] []
 []

[117]
File: ./assets/figures/09-chuong-4-trien-khai-cloud-hinh-4-17.png Graphic file 
(type bmp)
<./assets/figures/09-chuong-4-trien-khai-cloud-hinh-4-17.png>
 [118] [119]
Underfull \hbox (badness 10000) in paragraph at lines 7953--7960
\TU/lmtt/m/n/10 vehicle_speed\TU/TimesNewRoman(0)/m/n/10 , \TU/lmtt/m/n/10 vehi
cle_vibration\TU/TimesNewRoman(0)/m/n/10 , \TU/lmtt/m/n/10 vehicle_battery_top\
TU/TimesNewRoman(0)/m/n/10 , \TU/lmtt/m/n/10 vehicle_battery_bot\TU/TimesNewRom
an(0)/m/n/10 ,
 []

[120]
Underfull \hbox (badness 10000) in alignment at lines 8018--8021
[] [] [] []
 []


Underfull \hbox (badness 10000) in alignment at lines 8021--8023
[] [] [] []
 []


Underfull \hbox (badness 10000) in paragraph at lines 8027--8027
[]|\TU/TimesNewRoman(0)/m/n/10 Nhiều (decorators,
 []


Underfull \hbox (badness 10000) in alignment at lines 8023--8030
[] [] [] []
 []

[121] [122]
File: ./assets/figures/09-chuong-4-trien-khai-cloud-hinh-4-18.png Graphic file 
(type bmp)
<./assets/figures/09-chuong-4-trien-khai-cloud-hinh-4-18.png>
 [123]
Underfull \hbox (badness 10000) in alignment at lines 8171--8174
[] [] []
 []


Underfull \hbox (badness 10000) in alignment at lines 8174--8176
[] [] []
 []


Underfull \hbox (badness 2197) in paragraph at lines 8177--8178
[]|\TU/TimesNewRoman(0)/m/n/10 Đăng nhập/đăng xuất session-based,
 []


Underfull \hbox (badness 10000) in alignment at lines 8176--8192
[] [] []
 []

[124]
Underfull \hbox (badness 10000) in alignment at lines 8264--8267
[] [] [] []
 []


Underfull \hbox (badness 10000) in alignment at lines 8267--8269
[] [] [] []
 []


Overfull \hbox (5.90929pt too wide) in paragraph at lines 8272--8272
[]|\TU/lmtt/m/n/10 /api/v1/devices| 
 []


Overfull \hbox (16.40929pt too wide) in paragraph at lines 8276--8276
[]|\TU/lmtt/m/n/10 /api/v1/dashboard| 
 []


Overfull \hbox (11.15929pt too wide) in paragraph at lines 8278--8278
[]|\TU/lmtt/m/n/10 /api/v1/vehicles| 
 []


Overfull \hbox (16.40929pt too wide) in paragraph at lines 8279--8279
[]|\TU/lmtt/m/n/10 /api/v1/customers| 
 []


Overfull \hbox (0.65929pt too wide) in paragraph at lines 8281--8281
[]|\TU/lmtt/m/n/10 /api/v1/alerts| 
 []


Overfull \hbox (16.40929pt too wide) in paragraph at lines 8282--8282
[]|\TU/lmtt/m/n/10 /api/v1/geofences| 
 []


Overfull \hbox (11.15929pt too wide) in paragraph at lines 8283--8283
[]|\TU/lmtt/m/n/10 /api/v1/firmware| 
 []


Underfull \hbox (badness 10000) in alignment at lines 8269--8285
[] [] [] []
 []


ignored: Infinite glue shrinkage found in box being split [125]
Underfull \hbox (badness 4899) in paragraph at lines 8310--8319
[]\TU/TimesNewRoman(0)/m/n/10 Các sự kiện chính được phát từ server đến client 
bao gồm: \TU/lmtt/m/n/10 device:status\TU/TimesNewRoman(0)/m/n/10 , \TU/lmtt/m/
n/10 device:position\TU/TimesNewRoman(0)/m/n/10 ,
 []


Underfull \hbox (badness 10000) in paragraph at lines 8310--8319
\TU/lmtt/m/n/10 device:session_start\TU/TimesNewRoman(0)/m/n/10 , \TU/lmtt/m/n/
10 device:session_end\TU/TimesNewRoman(0)/m/n/10 , \TU/lmtt/m/n/10 command:ack\
TU/TimesNewRoman(0)/m/n/10 , \TU/lmtt/m/n/10 stats:update\TU/TimesNewRoman(0)/m
/n/10 , \TU/lmtt/m/n/10 alert:new\TU/TimesNewRoman(0)/m/n/10 ,
 []

[126]
Underfull \hbox (badness 10000) in alignment at lines 8395--8398
[] [] []
 []


Underfull \hbox (badness 10000) in alignment at lines 8398--8400
[] [] []
 []


Underfull \hbox (badness 2080) in paragraph at lines 8406--8407
[]|\TU/TimesNewRoman(0)/m/n/10 Quản lý trạng thái server (caching,
 []


Underfull \hbox (badness 10000) in alignment at lines 8400--8411
[] [] []
 []

[127]
File: ./assets/figures/09-chuong-4-trien-khai-cloud-hinh-4-19.png Graphic file 
(type bmp)
<./assets/figures/09-chuong-4-trien-khai-cloud-hinh-4-19.png>
 [128]
File: ./assets/figures/09-chuong-4-trien-khai-cloud-hinh-4-20.png Graphic file 
(type bmp)
<./assets/figures/09-chuong-4-trien-khai-cloud-hinh-4-20.png>
 [129]
File: ./assets/figures/09-chuong-4-trien-khai-cloud-hinh-4-21.png Graphic file 
(type bmp)
<./assets/figures/09-chuong-4-trien-khai-cloud-hinh-4-21.png>
 [130]
File: ./assets/figures/09-chuong-4-trien-khai-cloud-hinh-4-22.png Graphic file 
(type bmp)
<./assets/figures/09-chuong-4-trien-khai-cloud-hinh-4-22.png>
 [131]
File: ./assets/figures/09-chuong-4-trien-khai-cloud-hinh-4-23.png Graphic file 
(type bmp)
<./assets/figures/09-chuong-4-trien-khai-cloud-hinh-4-23.png>
 [132] [133]
Underfull \hbox (badness 10000) in alignment at lines 8577--8580
[] [] []
 []


Underfull \hbox (badness 10000) in alignment at lines 8580--8582
[] [] []
 []


Underfull \hbox (badness 10000) in paragraph at lines 8583--8584
[]|\TU/TimesNewRoman(0)/m/n/10 Project setup, Tailwind +
 []


Underfull \hbox (badness 3179) in paragraph at lines 8588--8589
[]|\TU/TimesNewRoman(0)/m/n/10 Geofence management, main-
 []


Underfull \hbox (badness 10000) in paragraph at lines 8588--8589
\TU/TimesNewRoman(0)/m/n/10 tenance, notification settings
 []


Underfull \hbox (badness 10000) in paragraph at lines 8588--8589
\TU/TimesNewRoman(0)/m/n/10 (Telegram + Email), user
 []


Underfull \hbox (badness 10000) in paragraph at lines 8591--8592
[]|\TU/TimesNewRoman(0)/m/n/10 Booking, contract, payment,
 []


Underfull \hbox (badness 10000) in alignment at lines 8582--8593
[] [] []
 []

[134]
Underfull \hbox (badness 10000) in alignment at lines 8652--8655
[] [] [] []
 []


Underfull \hbox (badness 10000) in alignment at lines 8655--8657
[] [] [] []
 []


Underfull \hbox (badness 10000) in paragraph at lines 8658--8658
[]|\TU/TimesNewRoman(0)/m/n/10 VictoriaMetrics
 []


Underfull \hbox (badness 10000) in paragraph at lines 8658--8658
\TU/TimesNewRoman(0)/m/n/10 + Prometheus-
 []


Underfull \hbox (badness 10000) in paragraph at lines 8658--8658
\TU/TimesNewRoman(0)/m/n/10 compatible
 []


Underfull \hbox (badness 10000) in paragraph at lines 8661--8663
[]|\TU/TimesNewRoman(0)/m/n/10 Request logs, error logs,
 []


Underfull \hbox (badness 5533) in paragraph at lines 8665--8667
[]|\TU/TimesNewRoman(0)/m/n/10 Stack traces, user context,
 []


Underfull \hbox (badness 10000) in alignment at lines 8657--8667
[] [] [] []
 []

[135]
File: ./assets/figures/09-chuong-4-trien-khai-cloud-hinh-4-24.png Graphic file 
(type bmp)
<./assets/figures/09-chuong-4-trien-khai-cloud-hinh-4-24.png>
File: ./assets/figures/09-chuong-4-trien-khai-cloud-hinh-4-25.png Graphic file 
(type bmp)
<./assets/figures/09-chuong-4-trien-khai-cloud-hinh-4-25.png>

Underfull \hbox (badness 5548) in paragraph at lines 8783--8786
[] []\TU/TimesNewRoman(0)/b/n/10 f) Sentry - Theo dõi lỗi (Error Tracking)[] \T
U/TimesNewRoman(0)/m/n/10 Backend tích hợp Sentry thông qua hai middleware:
 []

[136]
Underfull \hbox (badness 10000) in paragraph at lines 8839--8839
[]|\TU/TimesNewRoman(0)/b/n/10 Hạng mục bắt
 []


Underfull \hbox (badness 10000) in alignment at lines 8838--8841
[] [] [] []
 []


Underfull \hbox (badness 10000) in alignment at lines 8841--8843
[] [] [] []
 []


Underfull \hbox (badness 10000) in paragraph at lines 8844--8845
[]|\TU/TimesNewRoman(0)/m/n/10 Bật TLS cho
 []


Underfull \hbox (badness 1152) in paragraph at lines 8844--8845
\TU/TimesNewRoman(0)/m/n/10 (\TU/lmtt/m/n/10 8883\TU/TimesNewRoman(0)/m/n/10 ),
 bắt buộc
 []


Underfull \hbox (badness 10000) in paragraph at lines 8845--8847
\TU/TimesNewRoman(0)/m/n/10 TLS, không còn endpoint
 []


Underfull \hbox (badness 10000) in paragraph at lines 8847--8848
\TU/TimesNewRoman(0)/m/n/10 riêng cho từng
 []


Underfull \hbox (badness 10000) in paragraph at lines 8847--8848
\TU/TimesNewRoman(0)/m/n/10 thiết bị (certifi-
 []


Underfull \hbox (badness 1990) in paragraph at lines 8847--8848
\TU/TimesNewRoman(0)/m/n/10 cate hoặc device
 []


Underfull \hbox (badness 10000) in paragraph at lines 8850--8851
[]|\TU/TimesNewRoman(0)/m/n/10 Rate limiting,
 []


Underfull \hbox (badness 10000) in paragraph at lines 8850--8851
\TU/TimesNewRoman(0)/m/n/10 CORS whitelist,
 []


Underfull \hbox (badness 10000) in paragraph at lines 8850--8851
\TU/TimesNewRoman(0)/m/n/10 kiểm tra input
 []


Underfull \hbox (badness 10000) in paragraph at lines 8850--8851
\TU/TimesNewRoman(0)/m/n/10 bằng schema
 []


Underfull \hbox (badness 10000) in paragraph at lines 8853--8854
[]|\TU/TimesNewRoman(0)/m/n/10 Health check
 []


Underfull \hbox (badness 10000) in paragraph at lines 8853--8854
\TU/TimesNewRoman(0)/m/n/10 policy + watch-
 []


Underfull \hbox (badness 4805) in paragraph at lines 8856--8857
[]|\TU/TimesNewRoman(0)/m/n/10 Backup tự động
 []


Underfull \hbox (badness 10000) in paragraph at lines 8856--8857
\TU/TimesNewRoman(0)/m/n/10 PostgreSQL
 []


Underfull \hbox (badness 10000) in paragraph at lines 8856--8857
\TU/TimesNewRoman(0)/m/n/10 + chính sách
 []


Underfull \hbox (badness 10000) in paragraph at lines 8856--8857
\TU/TimesNewRoman(0)/m/n/10 retention cho
 []


Underfull \hbox (badness 10000) in paragraph at lines 8858--8859
[]|\TU/TimesNewRoman(0)/m/n/10 Mount retry có
 []


Underfull \hbox (badness 10000) in paragraph at lines 8858--8859
\TU/TimesNewRoman(0)/m/n/10 backoff, fsync
 []


Underfull \hbox (badness 7522) in paragraph at lines 8858--8859
\TU/TimesNewRoman(0)/m/n/10 trước close, un-
 []


Underfull \hbox (badness 2486) in paragraph at lines 8858--8859
\TU/TimesNewRoman(0)/m/n/10 mount sạch theo
 []


Underfull \hbox (badness 10000) in paragraph at lines 8861--8862
[]|\TU/TimesNewRoman(0)/m/n/10 ACK timeout
 []


Underfull \hbox (badness 10000) in paragraph at lines 8861--8862
\TU/TimesNewRoman(0)/m/n/10 + retry backoff,
 []


Underfull \hbox (badness 10000) in paragraph at lines 8861--8862
\TU/TimesNewRoman(0)/m/n/10 tách critical/non-
 []


Underfull \hbox (badness 1215) in paragraph at lines 8861--8862
\TU/TimesNewRoman(0)/m/n/10 critical, GC theo
 []


Underfull \hbox (badness 4634) in paragraph at lines 8862--8864
[]|\TU/TimesNewRoman(0)/m/n/10 Hàng đợi replay tiến dần,
 []


Underfull \hbox (badness 5652) in paragraph at lines 8864--8865
[]|\TU/TimesNewRoman(0)/m/n/10 Connection pool-
 []


Underfull \hbox (badness 3449) in paragraph at lines 8864--8865
\TU/TimesNewRoman(0)/m/n/10 ing, tối ưu truy
 []


Underfull \hbox (badness 2653) in paragraph at lines 8864--8865
\TU/TimesNewRoman(0)/m/n/10 vấn, cache nóng
 []


Underfull \hbox (badness 10000) in paragraph at lines 8867--8868
[]|\TU/TimesNewRoman(0)/m/n/10 Load balancing
 []


Underfull \hbox (badness 10000) in paragraph at lines 8868--8870
[]|\TU/TimesNewRoman(0)/m/n/10 Scale-out không làm
 []


Underfull \hbox (badness 10000) in paragraph at lines 8868--8870
\TU/TimesNewRoman(0)/m/n/10 gián đoạn kết nối Web-
 []


Underfull \hbox (badness 10000) in paragraph at lines 8870--8871
[]|\TU/TimesNewRoman(0)/m/n/10 Security event
 []


Underfull \hbox (badness 10000) in paragraph at lines 8870--8871
\TU/TimesNewRoman(0)/m/n/10 logging, alert
 []


Underfull \hbox (badness 10000) in paragraph at lines 8870--8871
\TU/TimesNewRoman(0)/m/n/10 theo ngưỡng
 []


Underfull \hbox (badness 10000) in alignment at lines 8843--8873
[] [] [] []
 []


ignored: Infinite glue shrinkage found in box being split [137]
Underfull \hbox (badness 10000) in alignment at lines 8900--8903
[] [] [] []
 []


Underfull \hbox (badness 10000) in alignment at lines 8903--8905
[] [] [] []
 []


Underfull \hbox (badness 6125) in paragraph at lines 8907--8907
[]|\TU/TimesNewRoman(0)/m/n/10 Node.js + Type-
 []


Underfull \hbox (badness 4713) in paragraph at lines 8909--8909
[]|\TU/TimesNewRoman(0)/m/n/10 Express + Type-
 []


Underfull \hbox (badness 10000) in paragraph at lines 8909--8911
[]|\TU/TimesNewRoman(0)/m/n/10 REST API, WebSocket,
 []


Underfull \hbox (badness 6808) in paragraph at lines 8913--8915
[]|\TU/TimesNewRoman(0)/m/n/10 Dữ liệu telemetry (GNSS,
 []


Underfull \hbox (badness 10000) in alignment at lines 8905--8921
[] [] [] []
 []


ignored: Infinite glue shrinkage found in box being split [138]
Underfull \hbox (badness 10000) in alignment at lines 8951--8954
[] [] [] [] []
 []


Underfull \hbox (badness 10000) in alignment at lines 8954--8956
[] [] [] [] []
 []


Underfull \hbox (badness 10000) in paragraph at lines 8957--8957
[]|\TU/TimesNewRoman(0)/m/n/10 Đồng hồ
 []


Underfull \hbox (badness 10000) in paragraph at lines 8957--8957
\TU/TimesNewRoman(0)/m/n/10 vạn năng
 []


Overfull \hbox (6.1281pt too wide) in paragraph at lines 8961--8961
[]|\TU/TimesNewRoman(0)/m/n/10 Oscilloscope| 
 []


Underfull \hbox (badness 10000) in paragraph at lines 8965--8965
[]|\TU/TimesNewRoman(0)/m/n/10 OBD2
 []


Underfull \hbox (badness 10000) in paragraph at lines 8967--8967
[]|\TU/TimesNewRoman(0)/m/n/10 Điểm đo
 []


Underfull \hbox (badness 5274) in paragraph at lines 8967--8967
\TU/TimesNewRoman(0)/m/n/10 GPS tham
 []


Underfull \hbox (badness 10000) in alignment at lines 8956--8969
[] [] [] [] []
 []

[139]
File: ./assets/figures/10-chuong-4-ket-qua-do-luong-hinh-4-20.png Graphic file 
(type bmp)
<./assets/figures/10-chuong-4-ket-qua-do-luong-hinh-4-20.png>
File: ./assets/figures/10-chuong-4-ket-qua-do-luong-hinh-4-21.png Graphic file 
(type bmp)
<./assets/figures/10-chuong-4-ket-qua-do-luong-hinh-4-21.png>
 [140]
Underfull \hbox (badness 10000) in alignment at lines 9004--9007
[] [] []
 []


Underfull \hbox (badness 10000) in alignment at lines 9007--9009
[] [] []
 []


Underfull \hbox (badness 10000) in paragraph at lines 9016--9018
[]|\TU/TimesNewRoman(0)/m/n/10 Version 16, tuned
 []


Underfull \hbox (badness 10000) in alignment at lines 9009--9019
[] [] []
 []


ignored: Infinite glue shrinkage found in box being split [141]
File: ./assets/figures/10-chuong-4-ket-qua-do-luong-hinh-4-22.png Graphic file 
(type bmp)
<./assets/figures/10-chuong-4-ket-qua-do-luong-hinh-4-22.png>

Underfull \hbox (badness 10000) in paragraph at lines 9081--9081
[]|\TU/TimesNewRoman(0)/b/n/10 Chế độ hoạt
 []


Underfull \hbox (badness 10000) in paragraph at lines 9081--9081
[]|\TU/TimesNewRoman(0)/b/n/10 Dòng đỉnh
 []


Overfull \hbox (5.1796pt too wide) in alignment at lines 9080--9083
[] [] [] [] [] []
 []


Overfull \hbox (5.1796pt too wide) in alignment at lines 9083--9085
[] [] [] [] [] []
 []


Underfull \hbox (badness 10000) in paragraph at lines 9089--9089
[]|\TU/TimesNewRoman(0)/m/n/10 Active - Idle
 []


Underfull \hbox (badness 10000) in paragraph at lines 9092--9092
[]|\TU/TimesNewRoman(0)/m/n/10 Sleep Mode
 []


Underfull \hbox (badness 10000) in paragraph at lines 9094--9094
[]|\TU/TimesNewRoman(0)/m/n/10 Deep Sleep
 []


Underfull \hbox (badness 10000) in paragraph at lines 9095--9095
\TU/TimesNewRoman(0)/m/n/10 cần xác nhận
 []


Underfull \hbox (badness 2012) in paragraph at lines 9098--9100
[]|\TU/TimesNewRoman(0)/m/n/10 Tương tự Active + GPS
 []


Overfull \hbox (5.1796pt too wide) in alignment at lines 9085--9100
[] [] [] [] [] []
 []


ignored: Infinite glue shrinkage found in box being split [142]
File: ./assets/figures/10-chuong-4-ket-qua-do-luong-hinh-4-23.png Graphic file 
(type bmp)
<./assets/figures/10-chuong-4-ket-qua-do-luong-hinh-4-23.png>

Underfull \hbox (badness 10000) in paragraph at lines 9146--9146
[]|\TU/TimesNewRoman(0)/b/n/10 Kịch bản sử
 []


Underfull \hbox (badness 10000) in paragraph at lines 9146--9146
[]|\TU/TimesNewRoman(0)/b/n/10 Thời lượng ước
 []


Overfull \hbox (5.1796pt too wide) in alignment at lines 9145--9149
[] [] [] [] [] []
 []


Overfull \hbox (5.1796pt too wide) in alignment at lines 9149--9151
[] [] [] [] [] []
 []


Underfull \hbox (badness 10000) in paragraph at lines 9152--9152
[]|\TU/TimesNewRoman(0)/m/n/10 Tracking liên
 []


Underfull \hbox (badness 10000) in paragraph at lines 9153--9153
[]|\TU/TimesNewRoman(0)/m/n/10 Quy đổi theo
 []


Underfull \hbox (badness 5022) in paragraph at lines 9155--9155
[]|\TU/TimesNewRoman(0)/m/n/10 Sleep + heart-
 []


Underfull \hbox (badness 10000) in paragraph at lines 9156--9156
[]|\TU/TimesNewRoman(0)/m/n/10 Quy đổi theo
 []


Underfull \hbox (badness 10000) in paragraph at lines 9157--9157
[]|\TU/TimesNewRoman(0)/m/n/10 Deep Sleep
 []


Underfull \hbox (badness 5260) in paragraph at lines 9158--9158
[]| \TU/TimesNewRoman(0)/m/n/10 1,940 giờ ( 81
 []


Underfull \hbox (badness 10000) in paragraph at lines 9158--9159
[]|\TU/TimesNewRoman(0)/m/n/10 Quy đổi theo
 []


Underfull \hbox (badness 4479) in paragraph at lines 9160--9160
\TU/TimesNewRoman(0)/m/n/10 Active + 50%
 []


Underfull \hbox (badness 10000) in paragraph at lines 9161--9161
[]|\TU/TimesNewRoman(0)/m/n/10 Quy đổi theo
 []


Overfull \hbox (5.1796pt too wide) in alignment at lines 9151--9163
[] [] [] [] [] []
 []

[143]
File: ./assets/figures/10-chuong-4-ket-qua-do-luong-hinh-4-24.png Graphic file 
(type bmp)
<./assets/figures/10-chuong-4-ket-qua-do-luong-hinh-4-24.png>

Underfull \hbox (badness 1005) in paragraph at lines 9189--9189
[]|\TU/TimesNewRoman(0)/b/n/10 Nhiệt độ thử
 []


Underfull \hbox (badness 10000) in paragraph at lines 9189--9189
[]|\TU/TimesNewRoman(0)/b/n/10 Trạng thái
 []


Overfull \hbox (11.99347pt too wide) in alignment at lines 9188--9191
[] [] [] [] [] [] []
 []


Overfull \hbox (11.99347pt too wide) in alignment at lines 9191--9193
[] [] [] [] [] [] []
 []


Underfull \hbox (badness 10000) in paragraph at lines 9202--9204
[]|\TU/TimesNewRoman(0)/m/n/10 Module 4G bắt đầu
 []


Underfull \hbox (badness 10000) in paragraph at lines 9204--9204
[]|\TU/TimesNewRoman(0)/m/n/10 Ngưng hoạt
 []


Overfull \hbox (11.99347pt too wide) in alignment at lines 9193--9206
[] [] [] [] [] [] []
 []

[144]
File: ./assets/figures/10-chuong-4-ket-qua-do-luong-hinh-4-25.png Graphic file 
(type bmp)
<./assets/figures/10-chuong-4-ket-qua-do-luong-hinh-4-25.png>

Overfull \hbox (0.69467pt too wide) in paragraph at lines 9230--9230
[]|\TU/TimesNewRoman(0)/b/n/10 STT| 
 []


Underfull \hbox (badness 10000) in paragraph at lines 9230--9230
[]|\TU/TimesNewRoman(0)/b/n/10 Xe thử
 []


Underfull \hbox (badness 10000) in paragraph at lines 9230--9230
[]|\TU/TimesNewRoman(0)/b/n/10 Năm sản
 []


Underfull \hbox (badness 1577) in paragraph at lines 9230--9230
[]|\TU/TimesNewRoman(0)/b/n/10 Giao thức
 []


Underfull \hbox (badness 10000) in paragraph at lines 9230--9230
[]|\TU/TimesNewRoman(0)/b/n/10 Kết nối
 []


Underfull \hbox (badness 10000) in paragraph at lines 9231--9231
[]|\TU/TimesNewRoman(0)/b/n/10 Đọc
 []


Underfull \hbox (badness 10000) in paragraph at lines 9231--9231
\TU/TimesNewRoman(0)/b/n/10 Coolant
 []


Overfull \hbox (25.59344pt too wide) in alignment at lines 9229--9233
[] [] [] [] [] [] [] [] []
 []


Overfull \hbox (25.59344pt too wide) in alignment at lines 9233--9235
[] [] [] [] [] [] [] [] []
 []


Underfull \hbox (badness 10000) in paragraph at lines 9236--9236
[]|\TU/TimesNewRoman(0)/m/n/10 Toyota
 []


Underfull \hbox (badness 10000) in paragraph at lines 9236--9236
[]|\TU/TimesNewRoman(0)/m/n/10 ISO
 []


Underfull \hbox (badness 10000) in paragraph at lines 9236--9236
\TU/TimesNewRoman(0)/m/n/10 15765–4
 []


Underfull \hbox (badness 10000) in paragraph at lines 9236--9236
[]|\TU/TimesNewRoman(0)/m/n/10 Thành
 []


Underfull \hbox (badness 10000) in paragraph at lines 9238--9238
[]|\TU/TimesNewRoman(0)/m/n/10 Honda
 []


Underfull \hbox (badness 10000) in paragraph at lines 9238--9238
[]|\TU/TimesNewRoman(0)/m/n/10 ISO
 []


Underfull \hbox (badness 10000) in paragraph at lines 9238--9238
\TU/TimesNewRoman(0)/m/n/10 15765–4
 []


Underfull \hbox (badness 10000) in paragraph at lines 9238--9238
[]|\TU/TimesNewRoman(0)/m/n/10 Thành
 []


Underfull \hbox (badness 10000) in paragraph at lines 9240--9240
[]|\TU/TimesNewRoman(0)/m/n/10 [Cần đo
 []


Underfull \hbox (badness 10000) in paragraph at lines 9240--9240
[]|\TU/TimesNewRoman(0)/m/n/10 [Cần đo
 []


Underfull \hbox (badness 10000) in paragraph at lines 9240--9240
[]|\TU/TimesNewRoman(0)/m/n/10 [Cần đo
 []


Underfull \hbox (badness 10000) in paragraph at lines 9241--9241
[]|\TU/TimesNewRoman(0)/m/n/10 [Cần đo
 []


Underfull \hbox (badness 10000) in paragraph at lines 9241--9241
[]|\TU/TimesNewRoman(0)/m/n/10 [Cần đo
 []


Underfull \hbox (badness 10000) in paragraph at lines 9241--9241
[]|\TU/TimesNewRoman(0)/m/n/10 [Cần đo
 []


Underfull \hbox (badness 10000) in paragraph at lines 9242--9242
[]|\TU/TimesNewRoman(0)/m/n/10 [Cần đo
 []


Overfull \hbox (25.59344pt too wide) in alignment at lines 9235--9243
[] [] [] [] [] [] [] [] []
 []

[145]
Overfull \hbox (5.1796pt too wide) in alignment at lines 9262--9266
[] [] [] [] [] []
 []


Overfull \hbox (5.1796pt too wide) in alignment at lines 9266--9268
[] [] [] [] [] []
 []


Underfull \hbox (badness 10000) in paragraph at lines 9269--9269
[]|\TU/TimesNewRoman(0)/m/n/10 Điện áp ngắt
 []


Underfull \hbox (badness 10000) in paragraph at lines 9270--9270
[]|\TU/TimesNewRoman(0)/m/n/10 11.48V [đo theo
 []


Underfull \hbox (badness 6125) in paragraph at lines 9271--9271
[]|\TU/TimesNewRoman(0)/m/n/10 Điện áp đóng
 []


Underfull \hbox (badness 10000) in paragraph at lines 9272--9272
[]|\TU/TimesNewRoman(0)/m/n/10 12.53V [đo theo
 []


Underfull \hbox (badness 10000) in paragraph at lines 9272--9272
\TU/TimesNewRoman(0)/m/n/10 profile 12V, cần
 []


Underfull \hbox (badness 10000) in paragraph at lines 9272--9272
\TU/TimesNewRoman(0)/m/n/10 tinh chỉnh về
 []


Underfull \hbox (badness 1466) in paragraph at lines 9274--9275
[]| \TU/TimesNewRoman(0)/m/n/10 50 ms (đo bước
 []


Underfull \hbox (badness 10000) in paragraph at lines 9278--9278
[]|\TU/TimesNewRoman(0)/m/n/10 1.05V (đo bước
 []


Overfull \hbox (5.1796pt too wide) in alignment at lines 9268--9279
[] [] [] [] [] []
 []


Overfull \hbox (5.1796pt too wide) in alignment at lines 9303--9307
[] [] [] [] [] []
 []


Overfull \hbox (5.1796pt too wide) in alignment at lines 9307--9309
[] [] [] [] [] []
 []


Underfull \hbox (badness 6625) in paragraph at lines 9312--9312
[]|\TU/TimesNewRoman(0)/m/n/10 Thời gian kết
 []


Underfull \hbox (badness 10000) in paragraph at lines 9316--9316
[]|\TU/TimesNewRoman(0)/b/n/10 Tổng thời
 []


Underfull \hbox (badness 10000) in paragraph at lines 9316--9316
\TU/TimesNewRoman(0)/b/n/10 gian (scan +
 []


Overfull \hbox (5.1796pt too wide) in alignment at lines 9309--9319
[] [] [] [] [] []
 []

[146]
File: ./assets/figures/10-chuong-4-ket-qua-do-luong-hinh-4-26.png Graphic file 
(type bmp)
<./assets/figures/10-chuong-4-ket-qua-do-luong-hinh-4-26.png>

Underfull \hbox (badness 5667) in paragraph at lines 9345--9345
[]|\TU/TimesNewRoman(0)/b/n/10 Thời gian trung
 []


Overfull \hbox (5.1796pt too wide) in alignment at lines 9344--9347
[] [] [] [] [] []
 []


Overfull \hbox (5.1796pt too wide) in alignment at lines 9347--9349
[] [] [] [] [] []
 []


Overfull \hbox (5.1796pt too wide) in alignment at lines 9349--9359
[] [] [] [] [] []
 []


ignored: Infinite glue shrinkage found in box being split [147]
Underfull \hbox (badness 10000) in paragraph at lines 9378--9378
[]|\TU/TimesNewRoman(0)/b/n/10 TTFF trung
 []


Overfull \hbox (11.99347pt too wide) in alignment at lines 9377--9381
[] [] [] [] [] [] []
 []


Overfull \hbox (11.99347pt too wide) in alignment at lines 9381--9383
[] [] [] [] [] [] []
 []


Underfull \hbox (badness 2285) in paragraph at lines 9384--9384
[]|\TU/TimesNewRoman(0)/m/n/10 Không có dữ
 []


Underfull \hbox (badness 10000) in paragraph at lines 9386--9386
[]|\TU/TimesNewRoman(0)/m/n/10 Có dữ liệu
 []


Underfull \hbox (badness 1577) in paragraph at lines 9388--9388
\TU/TimesNewRoman(0)/m/n/10 đã hoạt động,
 []


Underfull \hbox (badness 10000) in paragraph at lines 9388--9388
\TU/TimesNewRoman(0)/m/n/10 tạm mất tín
 []


Overfull \hbox (11.99347pt too wide) in alignment at lines 9383--9390
[] [] [] [] [] [] []
 []

File: ./assets/figures/10-chuong-4-ket-qua-do-luong-hinh-4-27.png Graphic file 
(type bmp)
<./assets/figures/10-chuong-4-ket-qua-do-luong-hinh-4-27.png>
[148]
Underfull \hbox (badness 10000) in alignment at lines 9407--9410
[] [] [] [] []
 []


Underfull \hbox (badness 10000) in alignment at lines 9410--9412
[] [] [] [] []
 []


Underfull \hbox (badness 1616) in paragraph at lines 9413--9413
[]|\TU/TimesNewRoman(0)/m/n/10 Ngoài trời,
 []


Underfull \hbox (badness 1616) in paragraph at lines 9415--9415
[]|\TU/TimesNewRoman(0)/m/n/10 Ngoài trời,
 []


Underfull \hbox (badness 3128) in paragraph at lines 9417--9417
[]|\TU/TimesNewRoman(0)/m/n/10 Trong phố
 []


Underfull \hbox (badness 10000) in paragraph at lines 9417--9417
\TU/TimesNewRoman(0)/m/n/10 (urban
 []


Underfull \hbox (badness 2384) in paragraph at lines 9420--9420
[]|\TU/TimesNewRoman(0)/m/n/10 Bãi đỗ xe
 []


Underfull \hbox (badness 10000) in alignment at lines 9412--9423
[] [] [] [] []
 []


Underfull \hbox (badness 10000) in paragraph at lines 9443--9443
[]|\TU/TimesNewRoman(0)/b/n/10 Điều kiện
 []


Underfull \hbox (badness 1286) in paragraph at lines 9443--9443
[]|\TU/TimesNewRoman(0)/b/n/10 Độ trễ trung
 []


Overfull \hbox (11.99347pt too wide) in alignment at lines 9442--9445
[] [] [] [] [] [] []
 []


Overfull \hbox (11.99347pt too wide) in alignment at lines 9445--9447
[] [] [] [] [] [] []
 []


Underfull \hbox (badness 10000) in paragraph at lines 9448--9448
[]|\TU/TimesNewRoman(0)/m/n/10 4G ổn định
 []


Underfull \hbox (badness 10000) in paragraph at lines 9450--9450
[]|\TU/TimesNewRoman(0)/m/n/10 4G ổn định
 []


Underfull \hbox (badness 4967) in paragraph at lines 9452--9452
[]|\TU/TimesNewRoman(0)/m/n/10 4G yếu (1–2
 []


Underfull \hbox (badness 4967) in paragraph at lines 9454--9454
[]|\TU/TimesNewRoman(0)/m/n/10 4G yếu (1–2
 []


Overfull \hbox (11.99347pt too wide) in alignment at lines 9447--9456
[] [] [] [] [] [] []
 []

[149]
File: ./assets/figures/10-chuong-4-ket-qua-do-luong-hinh-4-28.png Graphic file 
(type bmp)
<./assets/figures/10-chuong-4-ket-qua-do-luong-hinh-4-28.png>

Underfull \hbox (badness 10000) in paragraph at lines 9484--9484
[]|\TU/TimesNewRoman(0)/b/n/10 Chuyển đổi
 []


Overfull \hbox (5.1796pt too wide) in alignment at lines 9483--9486
[] [] [] [] [] []
 []


Overfull \hbox (5.1796pt too wide) in alignment at lines 9486--9488
[] [] [] [] [] []
 []


Underfull \hbox (badness 10000) in paragraph at lines 9493--9493
[]|\TU/TimesNewRoman(0)/m/n/10 Parking ->
 []


Underfull \hbox (badness 10000) in paragraph at lines 9493--9493
\TU/TimesNewRoman(0)/m/n/10 Alert (IMU
 []


Underfull \hbox (badness 5022) in paragraph at lines 9495--9495
[]|\TU/TimesNewRoman(0)/m/n/10 Alert -> Park-
 []


Underfull \hbox (badness 10000) in paragraph at lines 9495--9495
\TU/TimesNewRoman(0)/m/n/10 ing (time-
 []


Underfull \hbox (badness 5022) in paragraph at lines 9497--9497
[]|\TU/TimesNewRoman(0)/m/n/10 Alert -> Driv-
 []


Underfull \hbox (badness 5985) in paragraph at lines 9498--9498
[]|\TU/TimesNewRoman(0)/m/n/10 Mất nguồn ->
 []


Overfull \hbox (5.1796pt too wide) in alignment at lines 9488--9499
[] [] [] [] [] []
 []

[150]
Underfull \hbox (badness 10000) in alignment at lines 9520--9523
[] [] [] [] []
 []


Underfull \hbox (badness 10000) in alignment at lines 9523--9525
[] [] [] [] []
 []


Underfull \hbox (badness 10000) in paragraph at lines 9526--9526
[]|\TU/TimesNewRoman(0)/m/n/10 Thời gian
 []


Underfull \hbox (badness 10000) in paragraph at lines 9526--9526
\TU/TimesNewRoman(0)/m/n/10 phát hiện
 []


Underfull \hbox (badness 10000) in paragraph at lines 9528--9528
[]|\TU/TimesNewRoman(0)/m/n/10 Thời gian
 []


Underfull \hbox (badness 2359) in paragraph at lines 9530--9530
[]|\TU/TimesNewRoman(0)/m/n/10 Khôi phục
 []


Underfull \hbox (badness 10000) in paragraph at lines 9530--9530
\TU/TimesNewRoman(0)/m/n/10 subscrip-
 []


Underfull \hbox (badness 10000) in paragraph at lines 9530--9530
\TU/TimesNewRoman(0)/m/n/10 tion lệnh
 []


Underfull \hbox (badness 10000) in paragraph at lines 9532--9532
[]|\TU/TimesNewRoman(0)/m/n/10 Tiếp tục
 []


Underfull \hbox (badness 10000) in paragraph at lines 9534--9534
[]|\TU/TimesNewRoman(0)/m/n/10 Xử lý
 []


Underfull \hbox (badness 10000) in paragraph at lines 9534--9534
\TU/TimesNewRoman(0)/m/n/10 mất dữ
 []


Underfull \hbox (badness 10000) in paragraph at lines 9534--9534
\TU/TimesNewRoman(0)/m/n/10 liệu trong
 []


Underfull \hbox (badness 10000) in paragraph at lines 9534--9534
\TU/TimesNewRoman(0)/m/n/10 thời gian
 []


Underfull \hbox (badness 10000) in paragraph at lines 9537--9537
[]|\TU/TimesNewRoman(0)/m/n/10 Replay
 []


Underfull \hbox (badness 10000) in paragraph at lines 9537--9537
\TU/TimesNewRoman(0)/m/n/10 telemetry
 []


Underfull \hbox (badness 10000) in alignment at lines 9525--9540
[] [] [] [] []
 []


ignored: Infinite glue shrinkage found in box being split [151]
Underfull \hbox (badness 10000) in alignment at lines 9563--9566
[] [] []
 []


Underfull \hbox (badness 10000) in alignment at lines 9566--9568
[] [] []
 []


Underfull \hbox (badness 10000) in paragraph at lines 9569--9571
[]|\TU/lmtt/m/n/10 POST
 []


Underfull \hbox (badness 10000) in paragraph at lines 9569--9571
\TU/lmtt/m/n/10 /api/v1/devices/:id/ota
 []


Underfull \hbox (badness 2005) in paragraph at lines 9569--9571
\TU/TimesNewRoman(0)/m/n/10 tạo \TU/lmtt/m/n/10 jobId\TU/TimesNewRoman(0)/m/n/1
0 , tra cứu firmware
 []


Underfull \hbox (badness 4765) in paragraph at lines 9572--9573
[]|$[] [] [] [] [] [] [] [] [] [] [] [] [] [] [] [] [] [] [][] []
 []


Underfull \hbox (badness 3525) in paragraph at lines 9572--9573
[] [] [] [] [] [] [] [] [] [] [] [] [] [] []$ \TU/TimesNewRoman(0)/m/n/10 gửi l
ệnh
 []


Underfull \hbox (badness 10000) in paragraph at lines 9574--9576
[]|\TU/TimesNewRoman(0)/m/n/10 Parse đủ \TU/lmtt/m/n/10 jobId\TU/TimesNewRoman(
0)/m/n/10 , \TU/lmtt/m/n/10 version\TU/TimesNewRoman(0)/m/n/10 ,
 []


Underfull \hbox (badness 4531) in paragraph at lines 9574--9576
\TU/lmtt/m/n/10 url\TU/TimesNewRoman(0)/m/n/10 , \TU/lmtt/m/n/10 size\TU/TimesN
ewRoman(0)/m/n/10 , \TU/lmtt/m/n/10 sha256\TU/TimesNewRoman(0)/m/n/10 , \TU/lmt
t/m/n/10 force\TU/TimesNewRoman(0)/m/n/10 ,
 []


Underfull \hbox (badness 1983) in paragraph at lines 9579--9579
[]|\TU/TimesNewRoman(0)/m/n/10 Hỗ trợ rollback thủ công về
 []


Underfull \hbox (badness 1314) in paragraph at lines 9581--9582
[]|\TU/TimesNewRoman(0)/m/n/10 Validate payload OTA, upsert
 []


Underfull \hbox (badness 10000) in paragraph at lines 9581--9582
\TU/lmtt/m/n/10 firmware_update_log\TU/TimesNewRoman(0)/m/n/10 , ghi
 []


Underfull \hbox (badness 10000) in alignment at lines 9568--9583
[] [] []
 []

[152]
Underfull \hbox (badness 10000) in paragraph at lines 9608--9608
\TU/TimesNewRoman(0)/b/n/10 trung
 []


Overfull \hbox (18.77957pt too wide) in alignment at lines 9607--9610
[] [] [] [] [] [] [] []
 []


Overfull \hbox (18.77957pt too wide) in alignment at lines 9610--9612
[] [] [] [] [] [] [] []
 []


Underfull \hbox (badness 10000) in paragraph at lines 9619--9619
[]|\TU/TimesNewRoman(0)/m/n/10 GET
 []


Overfull \hbox (4.8681pt too wide) in paragraph at lines 9619--9619
\TU/TimesNewRoman(0)/m/n/10 /api/v1/devices/:id/telemetry| 
 []


Overfull \hbox (18.77957pt too wide) in alignment at lines 9612--9629
[] [] [] [] [] [] [] []
 []

File: ./assets/figures/10-chuong-4-ket-qua-do-luong-hinh-4-29.png Graphic file 
(type bmp)
<./assets/figures/10-chuong-4-ket-qua-do-luong-hinh-4-29.png>
[153]
Underfull \hbox (badness 10000) in paragraph at lines 9655--9655
[]|\TU/TimesNewRoman(0)/b/n/10 Đoạn
 []


Underfull \hbox (badness 10000) in alignment at lines 9654--9657
[] [] [] [] []
 []


Underfull \hbox (badness 10000) in alignment at lines 9657--9659
[] [] [] [] []
 []


Underfull \hbox (badness 10000) in paragraph at lines 9660--9660
[]|\TU/TimesNewRoman(0)/m/n/10 Device ->
 []


Underfull \hbox (badness 10000) in paragraph at lines 9660--9660
\TU/TimesNewRoman(0)/m/n/10 EMQX
 []


Underfull \hbox (badness 10000) in paragraph at lines 9660--9660
\TU/TimesNewRoman(0)/m/n/10 (MQTT
 []


Underfull \hbox (badness 10000) in paragraph at lines 9662--9662
[]|\TU/TimesNewRoman(0)/m/n/10 EMQX
 []


Underfull \hbox (badness 10000) in paragraph at lines 9662--9662
\TU/TimesNewRoman(0)/m/n/10 -> MQTT
 []


Underfull \hbox (badness 10000) in paragraph at lines 9662--9662
\TU/TimesNewRoman(0)/m/n/10 Bridge
 []


Underfull \hbox (badness 6708) in paragraph at lines 9663--9664
[]|\TU/TimesNewRoman(0)/m/n/10 Nội bộ Docker net-
 []


Underfull \hbox (badness 10000) in paragraph at lines 9664--9664
[]|\TU/TimesNewRoman(0)/m/n/10 Bridge ->
 []


Underfull \hbox (badness 10000) in paragraph at lines 9664--9664
\TU/TimesNewRoman(0)/m/n/10 Victoria-
 []


Underfull \hbox (badness 10000) in paragraph at lines 9664--9664
\TU/TimesNewRoman(0)/m/n/10 Metrics
 []


Underfull \hbox (badness 10000) in paragraph at lines 9666--9666
[]|\TU/TimesNewRoman(0)/m/n/10 Bridge ->
 []


Underfull \hbox (badness 10000) in paragraph at lines 9666--9666
\TU/TimesNewRoman(0)/m/n/10 Backend
 []


Underfull \hbox (badness 10000) in paragraph at lines 9666--9666
\TU/TimesNewRoman(0)/m/n/10 (internal
 []


Underfull \hbox (badness 10000) in paragraph at lines 9668--9668
\TU/TimesNewRoman(0)/m/n/10 Frontend
 []


Underfull \hbox (badness 10000) in paragraph at lines 9668--9668
\TU/TimesNewRoman(0)/m/n/10 (Web-
 []


Underfull \hbox (badness 10000) in paragraph at lines 9671--9672
[]|\TU/TimesNewRoman(0)/b/n/10 Device đến Dash-
 []


Underfull \hbox (badness 10000) in alignment at lines 9659--9672
[] [] [] [] []
 []

File: ./assets/figures/10-chuong-4-ket-qua-do-luong-hinh-4-30.png Graphic file 
(type bmp)
<./assets/figures/10-chuong-4-ket-qua-do-luong-hinh-4-30.png>
[154]
Underfull \hbox (badness 3302) in paragraph at lines 9699--9699
[]|\TU/TimesNewRoman(0)/b/n/10 Thông lượng
 []


Underfull \hbox (badness 3302) in paragraph at lines 9700--9700
[]|\TU/TimesNewRoman(0)/b/n/10 Thông lượng
 []


Overfull \hbox (11.99347pt too wide) in alignment at lines 9698--9702
[] [] [] [] [] [] []
 []


Overfull \hbox (11.99347pt too wide) in alignment at lines 9702--9704
[] [] [] [] [] [] []
 []


Overfull \hbox (3.52602pt too wide) in paragraph at lines 9705--9705
[]|\TU/TimesNewRoman(0)/m/n/10 VictoriaMetrics| 
 []


Underfull \hbox (badness 10000) in paragraph at lines 9705--9705
[]|\TU/TimesNewRoman(0)/m/n/10 Time-series
 []


Underfull \hbox (badness 10000) in paragraph at lines 9705--9706
[]| \TU/TimesNewRoman(0)/m/n/10 12,000
 []


Underfull \hbox (badness 10000) in paragraph at lines 9706--9706
[]| \TU/TimesNewRoman(0)/m/n/10 25,000
 []


Underfull \hbox (badness 10000) in paragraph at lines 9708--9708
[]|\TU/TimesNewRoman(0)/m/n/10 Relational
 []


Underfull \hbox (badness 10000) in paragraph at lines 9708--9709
[]| \TU/TimesNewRoman(0)/m/n/10 3,000
 []


Underfull \hbox (badness 10000) in paragraph at lines 9709--9709
[]| \TU/TimesNewRoman(0)/m/n/10 8,000
 []


Underfull \hbox (badness 10000) in paragraph at lines 9711--9711
[]| \TU/TimesNewRoman(0)/m/n/10 5,000
 []


Underfull \hbox (badness 10000) in paragraph at lines 9712--9712
[]| \TU/TimesNewRoman(0)/m/n/10 15,000
 []


Overfull \hbox (11.99347pt too wide) in alignment at lines 9704--9714
[] [] [] [] [] [] []
 []

[155]
Underfull \hbox (badness 10000) in paragraph at lines 9736--9736
[]|\TU/TimesNewRoman(0)/b/n/10 Tần
 []


Underfull \hbox (badness 10000) in paragraph at lines 9736--9736
[]|\TU/TimesNewRoman(0)/b/n/10 MQTT
 []


Underfull \hbox (badness 10000) in paragraph at lines 9736--9736
\TU/TimesNewRoman(0)/b/n/10 Mes-
 []


Underfull \hbox (badness 10000) in paragraph at lines 9737--9737
[]|\TU/TimesNewRoman(0)/b/n/10 CPU
 []


Underfull \hbox (badness 10000) in paragraph at lines 9737--9737
[]|\TU/TimesNewRoman(0)/b/n/10 RAM
 []


Underfull \hbox (badness 4899) in paragraph at lines 9737--9737
[]|\TU/TimesNewRoman(0)/b/n/10 Mất bản
 []


Overfull \hbox (18.77957pt too wide) in alignment at lines 9735--9739
[] [] [] [] [] [] [] []
 []


Overfull \hbox (18.77957pt too wide) in alignment at lines 9739--9741
[] [] [] [] [] [] [] []
 []


Underfull \hbox (badness 10000) in paragraph at lines 9746--9746
[]| \TU/TimesNewRoman(0)/m/n/10 100
 []


Underfull \hbox (badness 10000) in paragraph at lines 9748--9748
[]| \TU/TimesNewRoman(0)/m/n/10 200
 []


Underfull \hbox (badness 10000) in paragraph at lines 9750--9750
[]| \TU/TimesNewRoman(0)/m/n/10 400
 []


Underfull \hbox (badness 10000) in paragraph at lines 9751--9751
[]|\TU/TimesNewRoman(0)/m/n/10 0.1%
 []


Underfull \hbox (badness 5533) in paragraph at lines 9751--9751
\TU/TimesNewRoman(0)/m/n/10 (ước tính
 []


Overfull \hbox (18.77957pt too wide) in alignment at lines 9741--9753
[] [] [] [] [] [] [] []
 []

File: ./assets/figures/10-chuong-4-ket-qua-do-luong-hinh-4-31.png Graphic file 
(type bmp)
<./assets/figures/10-chuong-4-ket-qua-do-luong-hinh-4-31.png>

Underfull \hbox (badness 10000) in alignment at lines 9778--9781
[] [] [] [] []
 []


Underfull \hbox (badness 10000) in alignment at lines 9781--9783
[] [] [] [] []
 []


Underfull \hbox (badness 10000) in paragraph at lines 9784--9784
[]|\TU/TimesNewRoman(0)/m/n/10 Lighthouse
 []


Underfull \hbox (badness 10000) in paragraph at lines 9784--9784
\TU/TimesNewRoman(0)/m/n/10 Perfor-
 []


Underfull \hbox (badness 10000) in paragraph at lines 9784--9784
\TU/TimesNewRoman(0)/m/n/10 mance
 []


Underfull \hbox (badness 2970) in paragraph at lines 9784--9785
[]|\TU/TimesNewRoman(0)/m/n/10 87/100 (đo trên bản dựng thử
 []


Underfull \hbox (badness 10000) in paragraph at lines 9786--9786
[]|\TU/TimesNewRoman(0)/m/n/10 First Con-
 []


Underfull \hbox (badness 10000) in paragraph at lines 9786--9786
\TU/TimesNewRoman(0)/m/n/10 tentful
 []


Underfull \hbox (badness 10000) in paragraph at lines 9786--9786
\TU/TimesNewRoman(0)/m/n/10 Paint
 []


Underfull \hbox (badness 10000) in paragraph at lines 9788--9788
[]|\TU/TimesNewRoman(0)/m/n/10 Largest
 []


Underfull \hbox (badness 10000) in paragraph at lines 9788--9788
\TU/TimesNewRoman(0)/m/n/10 Content-
 []


Underfull \hbox (badness 10000) in paragraph at lines 9788--9788
\TU/TimesNewRoman(0)/m/n/10 ful Paint
 []


Underfull \hbox (badness 10000) in paragraph at lines 9790--9790
[]|\TU/TimesNewRoman(0)/m/n/10 Total
 []


Underfull \hbox (badness 10000) in paragraph at lines 9790--9790
\TU/TimesNewRoman(0)/m/n/10 Block-
 []


Underfull \hbox (badness 10000) in paragraph at lines 9790--9790
\TU/TimesNewRoman(0)/m/n/10 ing Time
 []


Overfull \hbox (1.13298pt too wide) in paragraph at lines 9792--9792
[]|\TU/TimesNewRoman(0)/m/n/10 Cumulative
 []


Underfull \hbox (badness 10000) in paragraph at lines 9792--9792
\TU/TimesNewRoman(0)/m/n/10 Layout
 []


Underfull \hbox (badness 10000) in paragraph at lines 9792--9792
\TU/TimesNewRoman(0)/m/n/10 Shift
 []


Underfull \hbox (badness 4726) in paragraph at lines 9792--9793
[]| \TU/TimesNewRoman(0)/m/n/10 0.05 (đo trên bản dựng thử
 []


Underfull \hbox (badness 10000) in paragraph at lines 9794--9794
[]|\TU/TimesNewRoman(0)/m/n/10 Time to
 []


Underfull \hbox (badness 10000) in paragraph at lines 9794--9794
\TU/TimesNewRoman(0)/m/n/10 Interactive
 []


Underfull \hbox (badness 10000) in paragraph at lines 9796--9796
[]|\TU/TimesNewRoman(0)/m/n/10 Bundle
 []


Underfull \hbox (badness 10000) in paragraph at lines 9796--9796
\TU/TimesNewRoman(0)/m/n/10 Size
 []


Underfull \hbox (badness 10000) in alignment at lines 9783--9798
[] [] [] [] []
 []

[156]
File: ./assets/figures/10-chuong-4-ket-qua-do-luong-hinh-4-32.png Graphic file 
(type bmp)
<./assets/figures/10-chuong-4-ket-qua-do-luong-hinh-4-32.png>
 [157]
Underfull \hbox (badness 10000) in alignment at lines 9835--9838
[] [] [] [] []
 []


Underfull \hbox (badness 10000) in alignment at lines 9838--9840
[] [] [] [] []
 []


Underfull \hbox (badness 10000) in paragraph at lines 9841--9841
[]|\TU/TimesNewRoman(0)/m/n/10 IGN ON
 []


Underfull \hbox (badness 10000) in paragraph at lines 9841--9841
[]|\TU/TimesNewRoman(0)/m/n/10 IMU phát hiện chuyển động,
 []


Underfull \hbox (badness 10000) in paragraph at lines 9843--9843
[]|\TU/TimesNewRoman(0)/m/n/10 BLE
 []


Underfull \hbox (badness 10000) in paragraph at lines 9843--9843
\TU/TimesNewRoman(0)/m/n/10 OBD2
 []


Underfull \hbox (badness 10000) in paragraph at lines 9849--9849
[]|\TU/TimesNewRoman(0)/m/n/10 MQTT
 []


Underfull \hbox (badness 10000) in paragraph at lines 9853--9853
[]|\TU/TimesNewRoman(0)/m/n/10 Ghi VictoriaMetrics + Post-
 []


Underfull \hbox (badness 10000) in paragraph at lines 9855--9855
[]|\TU/TimesNewRoman(0)/m/n/10 WebSocket
 []


Underfull \hbox (badness 10000) in paragraph at lines 9857--9857
[]|\TU/TimesNewRoman(0)/m/n/10 Dashboard
 []


Underfull \hbox (badness 2359) in paragraph at lines 9859--9859
[]|\TU/TimesNewRoman(0)/b/n/10 Tổng thời
 []


Underfull \hbox (badness 10000) in paragraph at lines 9859--9859
\TU/TimesNewRoman(0)/b/n/10 gian end-
 []


Underfull \hbox (badness 10000) in alignment at lines 9840--9861
[] [] [] [] []
 []


ignored: Infinite glue shrinkage found in box being split [158]
File: ./assets/figures/10-chuong-4-ket-qua-do-luong-hinh-4-33.png Graphic file 
(type bmp)
<./assets/figures/10-chuong-4-ket-qua-do-luong-hinh-4-33.png>
 [159]
File: ./assets/figures/10-chuong-4-ket-qua-do-luong-hinh-4-34.png Graphic file 
(type bmp)
<./assets/figures/10-chuong-4-ket-qua-do-luong-hinh-4-34.png>
 [160]
Underfull \hbox (badness 10000) in alignment at lines 9885--9888
[] [] [] [] []
 []


Underfull \hbox (badness 10000) in alignment at lines 9888--9890
[] [] [] [] []
 []


Underfull \hbox (badness 10000) in paragraph at lines 9891--9891
[]|\TU/TimesNewRoman(0)/m/n/10 Xe đi
 []


Underfull \hbox (badness 10000) in paragraph at lines 9891--9891
\TU/TimesNewRoman(0)/m/n/10 vào vùng
 []


Underfull \hbox (badness 10000) in paragraph at lines 9893--9893
[]|\TU/TimesNewRoman(0)/m/n/10 Xe đi ra
 []


Underfull \hbox (badness 7397) in paragraph at lines 9893--9893
\TU/TimesNewRoman(0)/m/n/10 khỏi vùng
 []


Underfull \hbox (badness 10000) in paragraph at lines 9895--9895
[]|\TU/TimesNewRoman(0)/m/n/10 Cảnh
 []


Underfull \hbox (badness 10000) in paragraph at lines 9895--9895
\TU/TimesNewRoman(0)/m/n/10 báo hiển
 []


Underfull \hbox (badness 10000) in paragraph at lines 9895--9895
\TU/TimesNewRoman(0)/m/n/10 thị trên
 []


Underfull \hbox (badness 10000) in paragraph at lines 9897--9897
[]|\TU/TimesNewRoman(0)/m/n/10 Xe quay
 []


Underfull \hbox (badness 10000) in paragraph at lines 9897--9897
\TU/TimesNewRoman(0)/m/n/10 lại vùng
 []


Underfull \hbox (badness 4765) in paragraph at lines 9897--9898
[]|\TU/TimesNewRoman(0)/m/n/10 Hiển thị trạng thái ”INSIDE”,
 []


Underfull \hbox (badness 10000) in alignment at lines 9890--9899
[] [] [] [] []
 []

File: ./assets/figures/10-chuong-4-ket-qua-do-luong-hinh-4-35.png Graphic file 
(type bmp)
<./assets/figures/10-chuong-4-ket-qua-do-luong-hinh-4-35.png>
[161]
Underfull \hbox (badness 10000) in alignment at lines 9925--9928
[] [] [] [] []
 []


Underfull \hbox (badness 10000) in alignment at lines 9928--9930
[] [] [] [] []
 []


Overfull \hbox (20.56169pt too wide) in paragraph at lines 9931--9931
[]|\TU/TimesNewRoman(0)/m/n/10 request_location| 
 []


Overfull \hbox (11.67497pt too wide) in paragraph at lines 9933--9933
[]|\TU/TimesNewRoman(0)/m/n/10 update_config| 
 []


Overfull \hbox (10.55193pt too wide) in paragraph at lines 9935--9935
[]|\TU/TimesNewRoman(0)/m/n/10 restart_device| 
 []


Underfull \hbox (badness 10000) in alignment at lines 9930--9939
[] [] [] [] []
 []


ignored: Infinite glue shrinkage found in box being split [162]
File: ./assets/figures/10-chuong-4-ket-qua-do-luong-hinh-4-36.png Graphic file 
(type bmp)
<./assets/figures/10-chuong-4-ket-qua-do-luong-hinh-4-36.png>

Underfull \hbox (badness 10000) in alignment at lines 9965--9968
[] [] [] []
 []


Underfull \hbox (badness 10000) in alignment at lines 9968--9970
[] [] [] []
 []


Underfull \hbox (badness 10000) in paragraph at lines 9971--9971
[]|\TU/TimesNewRoman(0)/m/n/10 Thiết bị phát hiện
 []


Underfull \hbox (badness 10000) in paragraph at lines 9973--9973
[]|\TU/TimesNewRoman(0)/m/n/10 Không phát sinh
 []


Underfull \hbox (badness 2452) in paragraph at lines 9975--9975
[]|\TU/TimesNewRoman(0)/m/n/10 Tự động kết nối lại
 []


Underfull \hbox (badness 10000) in paragraph at lines 9979--9979
[]|\TU/TimesNewRoman(0)/m/n/10 Dashboard tiếp
 []


Underfull \hbox (badness 3039) in paragraph at lines 9980--9982
\TU/TimesNewRoman(0)/m/n/10 tùy thời gian outage/queue
 []


Underfull \hbox (badness 10000) in alignment at lines 9970--9982
[] [] [] []
 []

File: ./assets/figures/10-chuong-4-ket-qua-do-luong-hinh-4-37.png Graphic file 
(type bmp)
<./assets/figures/10-chuong-4-ket-qua-do-luong-hinh-4-37.png>
[163] [164]
Overfull \hbox (5.1796pt too wide) in alignment at lines 10013--10017
[] [] [] [] [] []
 []


Overfull \hbox (5.1796pt too wide) in alignment at lines 10017--10019
[] [] [] [] [] []
 []


Underfull \hbox (badness 4266) in paragraph at lines 10020--10020
[]|\TU/TimesNewRoman(0)/m/n/10 Dòng tiêu thụ
 []


Underfull \hbox (badness 4266) in paragraph at lines 10022--10022
[]|\TU/TimesNewRoman(0)/m/n/10 Dòng tiêu thụ
 []


Underfull \hbox (badness 1789) in paragraph at lines 10022--10022
[]|\TU/TimesNewRoman(0)/m/n/10 < 250 mA (trung
 []


Underfull \hbox (badness 1264) in paragraph at lines 10026--10026
[]| \TU/TimesNewRoman(0)/m/n/10 2.6–3.0 giờ (quy
 []


Underfull \hbox (badness 5711) in paragraph at lines 10026--10026
\TU/TimesNewRoman(0)/m/n/10 đổi theo baseline
 []


Underfull \hbox (badness 10000) in paragraph at lines 10026--10027
[]|\TU/TimesNewRoman(0)/m/n/10 Đạt theo quy
 []


Underfull \hbox (badness 1412) in paragraph at lines 10027--10028
[]|\TU/TimesNewRoman(0)/m/n/10 Cần đo lại trên mẫu pin
 []


Underfull \hbox (badness 5133) in paragraph at lines 10028--10028
[]|\TU/TimesNewRoman(0)/m/n/10 Nhiệt độ hoạt
 []


Underfull \hbox (badness 10000) in paragraph at lines 10030--10030
[]|\TU/TimesNewRoman(0)/m/n/10 Điện áp ngắt
 []


Underfull \hbox (badness 1888) in paragraph at lines 10031--10031
[]| \TU/TimesNewRoman(0)/m/n/10 11.48V (đo theo
 []


Underfull \hbox (badness 10000) in paragraph at lines 10033--10033
\TU/TimesNewRoman(0)/m/n/10 dậy từ deep
 []


Underfull \hbox (badness 7221) in paragraph at lines 10035--10035
[]|\TU/TimesNewRoman(0)/m/n/10 Độ chính xác
 []


Underfull \hbox (badness 5592) in paragraph at lines 10035--10036
[]| \TU/TimesNewRoman(0)/m/n/10 2–3 mét (ngoài
 []


Overfull \hbox (5.1796pt too wide) in alignment at lines 10019--10037
[] [] [] [] [] []
 []


Overfull \hbox (5.1796pt too wide) in alignment at lines 10056--10060
[] [] [] [] [] []
 []


Overfull \hbox (5.1796pt too wide) in alignment at lines 10060--10062
[] [] [] [] [] []
 []


Underfull \hbox (badness 6625) in paragraph at lines 10063--10063
[]|\TU/TimesNewRoman(0)/m/n/10 Thời gian kết
 []


Underfull \hbox (badness 10000) in paragraph at lines 10067--10067
[]|\TU/TimesNewRoman(0)/m/n/10 GPS TTFF
 []


Underfull \hbox (badness 10000) in paragraph at lines 10069--10069
[]|\TU/TimesNewRoman(0)/m/n/10 GPS TTFF
 []


Underfull \hbox (badness 3199) in paragraph at lines 10071--10071
[]|\TU/TimesNewRoman(0)/m/n/10 Độ trễ MQTT
 []


Underfull \hbox (badness 10000) in paragraph at lines 10078--10078
[]|\TU/TimesNewRoman(0)/m/n/10 Tần suất gửi
 []


Underfull \hbox (badness 10000) in paragraph at lines 10078--10078
[]|\TU/TimesNewRoman(0)/m/n/10 5–30 giây (cấu
 []


Overfull \hbox (5.1796pt too wide) in alignment at lines 10062--10080
[] [] [] [] [] []
 []


ignored: Infinite glue shrinkage found in box being split [165]
Overfull \hbox (5.1796pt too wide) in alignment at lines 10090--10094
[] [] [] [] [] []
 []


Overfull \hbox (5.1796pt too wide) in alignment at lines 10094--10096
[] [] [] [] [] []
 []


Underfull \hbox (badness 4291) in paragraph at lines 10099--10099
[]|\TU/TimesNewRoman(0)/m/n/10 Độ trễ end-to-
 []


Underfull \hbox (badness 10000) in paragraph at lines 10103--10103
[]|\TU/TimesNewRoman(0)/m/n/10 Thông lượng
 []


Underfull \hbox (badness 10000) in paragraph at lines 10103--10103
\TU/TimesNewRoman(0)/m/n/10 ghi Victoria-
 []


Underfull \hbox (badness 10000) in paragraph at lines 10105--10105
[]|\TU/TimesNewRoman(0)/m/n/10 Mất bản tin
 []


Underfull \hbox (badness 10000) in paragraph at lines 10107--10107
[]|\TU/TimesNewRoman(0)/m/n/10 WebSocket
 []


Overfull \hbox (5.1796pt too wide) in alignment at lines 10096--10109
[] [] [] [] [] []
 []


Overfull \hbox (5.1796pt too wide) in alignment at lines 10119--10123
[] [] [] [] [] []
 []


Overfull \hbox (5.1796pt too wide) in alignment at lines 10123--10125
[] [] [] [] [] []
 []


Underfull \hbox (badness 2529) in paragraph at lines 10132--10132
[]|\TU/TimesNewRoman(0)/m/n/10 Cảnh báo thời
 []


Underfull \hbox (badness 3333) in paragraph at lines 10134--10134
[]|\TU/TimesNewRoman(0)/m/n/10 Responsive de-
 []


Overfull \hbox (5.1796pt too wide) in alignment at lines 10125--10136
[] [] [] [] [] []
 []


Underfull \hbox (badness 10000) in alignment at lines 10146--10149
[] [] [] [] []
 []


Underfull \hbox (badness 10000) in alignment at lines 10149--10151
[] [] [] [] []
 []


Underfull \hbox (badness 10000) in paragraph at lines 10152--10152
[]|\TU/TimesNewRoman(0)/m/n/10 Độ chính
 []


Underfull \hbox (badness 10000) in paragraph at lines 10154--10154
\TU/TimesNewRoman(0)/m/n/10 nhật dữ
 []


Underfull \hbox (badness 10000) in paragraph at lines 10156--10156
\TU/TimesNewRoman(0)/m/n/10 pin dự
 []


Underfull \hbox (badness 10000) in paragraph at lines 10161--10161
\TU/TimesNewRoman(0)/m/n/10 tiện đồng
 []


Underfull \hbox (badness 10000) in paragraph at lines 10162--10162
[]|\TU/TimesNewRoman(0)/m/n/10 Thời
 []


Underfull \hbox (badness 10000) in paragraph at lines 10162--10162
\TU/TimesNewRoman(0)/m/n/10 gian tải
 []


Underfull \hbox (badness 10000) in paragraph at lines 10164--10164
[]|\TU/TimesNewRoman(0)/m/n/10 Phát hiện
 []


Underfull \hbox (badness 10000) in paragraph at lines 10166--10166
[]|\TU/TimesNewRoman(0)/m/n/10 Cảnh báo
 []


Underfull \hbox (badness 2359) in paragraph at lines 10168--10168
[]|\TU/TimesNewRoman(0)/m/n/10 Khôi phục
 []


Underfull \hbox (badness 10000) in paragraph at lines 10168--10168
\TU/TimesNewRoman(0)/m/n/10 kết nối
 []


Underfull \hbox (badness 10000) in paragraph at lines 10168--10169
[]|\TU/TimesNewRoman(0)/m/n/10 Reconnect ổn định,
 []


Underfull \hbox (badness 10000) in paragraph at lines 10170--10170
[]|\TU/TimesNewRoman(0)/m/n/10 Độ tin
 []


Underfull \hbox (badness 10000) in paragraph at lines 10170--10170
\TU/TimesNewRoman(0)/m/n/10 cậy state
 []


Underfull \hbox (badness 10000) in alignment at lines 10151--10172
[] [] [] [] []
 []

[166]
File: ./assets/figures/10-chuong-4-ket-qua-do-luong-hinh-4-38.png Graphic file 
(type bmp)
<./assets/figures/10-chuong-4-ket-qua-do-luong-hinh-4-38.png>

Underfull \hbox (badness 10000) in alignment at lines 10200--10203
[] [] [] []
 []


Underfull \hbox (badness 10000) in alignment at lines 10203--10205
[] [] [] []
 []


Underfull \hbox (badness 10000) in paragraph at lines 10206--10206
[]|\TU/TimesNewRoman(0)/m/n/10 Tỷ lệ uptime
 []


Underfull \hbox (badness 4156) in paragraph at lines 10206--10206
\TU/TimesNewRoman(0)/m/n/10 Backend API (7
 []


Underfull \hbox (badness 7722) in paragraph at lines 10208--10208
[]|\TU/TimesNewRoman(0)/m/n/10 Tỷ lệ reconnect
 []


Underfull \hbox (badness 10000) in paragraph at lines 10208--10208
\TU/TimesNewRoman(0)/m/n/10 MQTT sau mất
 []


Underfull \hbox (badness 1783) in paragraph at lines 10210--10210
[]|\TU/TimesNewRoman(0)/m/n/10 Tỷ lệ khôi phục
 []


Underfull \hbox (badness 10000) in paragraph at lines 10210--10210
\TU/TimesNewRoman(0)/m/n/10 luồng telemetry
 []


Underfull \hbox (badness 4872) in paragraph at lines 10214--10214
[]|\TU/TimesNewRoman(0)/m/n/10 Tỷ lệ cảnh báo
 []


Underfull \hbox (badness 10000) in paragraph at lines 10215--10215
[]| \TU/TimesNewRoman(0)/m/n/10 3–5% tùy ngưỡng
 []


Underfull \hbox (badness 2591) in paragraph at lines 10215--10217
[]|\TU/TimesNewRoman(0)/m/n/10 Chấp nhận được, cần tinh
 []


Underfull \hbox (badness 10000) in alignment at lines 10205--10217
[] [] [] []
 []

[167] [168] [169]
Underfull \hbox (badness 10000) in paragraph at lines 10300--10300
\TU/TimesNewRoman(0)/b/n/10 đổi theo baseline
 []


Underfull \hbox (badness 10000) in alignment at lines 10298--10302
[] [] [] []
 []


Underfull \hbox (badness 10000) in alignment at lines 10302--10304
[] [] [] []
 []


Underfull \hbox (badness 3646) in paragraph at lines 10308--10309
[]| \TU/TimesNewRoman(0)/m/n/10 180–220 mA trung
 []


Underfull \hbox (badness 3118) in paragraph at lines 10308--10309
\TU/TimesNewRoman(0)/m/n/10 bình;  350 mA khi
 []


Underfull \hbox (badness 2158) in paragraph at lines 10310--10311
[]|\TU/TimesNewRoman(0)/m/n/10 >= 24 giờ (mục
 []


Underfull \hbox (badness 10000) in paragraph at lines 10310--10311
\TU/TimesNewRoman(0)/m/n/10 tiêu baseline
 []


Underfull \hbox (badness 1337) in paragraph at lines 10311--10312
[]| \TU/TimesNewRoman(0)/m/n/10 24–36 giờ (quy đổi
 []


Underfull \hbox (badness 6047) in paragraph at lines 10311--10312
\TU/TimesNewRoman(0)/m/n/10 theo baseline 18650,
 []


Underfull \hbox (badness 10000) in paragraph at lines 10314--10314
[]|\TU/TimesNewRoman(0)/m/n/10 Profile 12V:
 []


Underfull \hbox (badness 10000) in paragraph at lines 10314--10314
\TU/TimesNewRoman(0)/m/n/10 12.0V; Profile
 []


Underfull \hbox (badness 3271) in paragraph at lines 10315--10315
[]| \TU/TimesNewRoman(0)/m/n/10 11.48V trên profile
 []


Underfull \hbox (badness 10000) in alignment at lines 10304--10319
[] [] [] []
 []

[170

]
Underfull \hbox (badness 10000) in alignment at lines 10381--10384
[] [] [] []
 []


Underfull \hbox (badness 10000) in alignment at lines 10384--10386
[] [] [] []
 []


Underfull \hbox (badness 10000) in paragraph at lines 10387--10388
[]|\TU/TimesNewRoman(0)/m/n/10 State machine
 []


Underfull \hbox (badness 10000) in paragraph at lines 10388--10389
[]|\TU/lmtt/m/n/10 app_main \TU/TimesNewRoman(0)/m/n/10 +
 []


Underfull \hbox (badness 10000) in paragraph at lines 10388--10389
\TU/TimesNewRoman(0)/m/n/10 NimBLE chạy task
 []


Underfull \hbox (badness 1521) in paragraph at lines 10398--10398
[]|\TU/TimesNewRoman(0)/m/n/10 Có gán job, cập
 []


Underfull \hbox (badness 10000) in alignment at lines 10386--10400
[] [] [] []
 []


ignored: Infinite glue shrinkage found in box being split [171]
Underfull \hbox (badness 10000) in alignment at lines 10456--10459
[] [] [] []
 []


Underfull \hbox (badness 10000) in alignment at lines 10459--10461
[] [] [] []
 []


Underfull \hbox (badness 10000) in paragraph at lines 10462--10462
[]|\TU/TimesNewRoman(0)/m/n/10 Thời gian phản
 []


Underfull \hbox (badness 3792) in paragraph at lines 10464--10464
[]|\TU/TimesNewRoman(0)/m/n/10 Số request đồng
 []


Underfull \hbox (badness 10000) in paragraph at lines 10467--10467
[]|\TU/TimesNewRoman(0)/m/n/10 First Contentful
 []


Underfull \hbox (badness 10000) in paragraph at lines 10468--10468
[]|\TU/TimesNewRoman(0)/m/n/10 Số xe hiển thị
 []


Underfull \hbox (badness 10000) in alignment at lines 10461--10472
[] [] [] []
 []


ignored: Infinite glue shrinkage found in box being split [172]
Underfull \hbox (badness 10000) in alignment at lines 10490--10493
[] [] []
 []


Underfull \hbox (badness 10000) in alignment at lines 10493--10495
[] [] []
 []


Underfull \hbox (badness 10000) in alignment at lines 10495--10506
[] [] []
 []


Underfull \hbox (badness 10000) in paragraph at lines 10516--10516
[]|\TU/TimesNewRoman(0)/b/n/10 Phí dịch vụ hàng
 []


Overfull \hbox (7.47949pt too wide) in alignment at lines 10515--10519
[] [] [] [] []
 []


Overfull \hbox (7.47949pt too wide) in alignment at lines 10519--10521
[] [] [] [] []
 []


Underfull \hbox (badness 10000) in paragraph at lines 10522--10522
[]|\TU/TimesNewRoman(0)/m/n/10 870.000–1.630.000
 []


Underfull \hbox (badness 4429) in paragraph at lines 10522--10523
[]| \TU/TimesNewRoman(0)/m/n/10 70.000 VND (SIM
 []


Underfull \hbox (badness 10000) in paragraph at lines 10523--10523
[]|\TU/TimesNewRoman(0)/m/n/10 1.710.000–2.470.000
 []


Underfull \hbox (badness 2573) in paragraph at lines 10524--10524
[]|\TU/TimesNewRoman(0)/m/n/10 GPS Tracker đơn giản
 []


Underfull \hbox (badness 10000) in paragraph at lines 10524--10524
[]|\TU/TimesNewRoman(0)/m/n/10 500.000–1.500.000
 []


Underfull \hbox (badness 10000) in paragraph at lines 10525--10525
[]|\TU/TimesNewRoman(0)/m/n/10 1.100.000–2.700.000
 []


Underfull \hbox (badness 10000) in paragraph at lines 10526--10526
[]|\TU/TimesNewRoman(0)/m/n/10 Fleet Management
 []


Underfull \hbox (badness 10000) in paragraph at lines 10526--10527
[]|\TU/TimesNewRoman(0)/m/n/10 5.000.000–
 []


Underfull \hbox (badness 10000) in paragraph at lines 10526--10527
\TU/TimesNewRoman(0)/m/n/10 12.500.000 VND
 []


Underfull \hbox (badness 10000) in paragraph at lines 10527--10528
[]|\TU/TimesNewRoman(0)/m/n/10 500.000–1.250.000
 []


Underfull \hbox (badness 10000) in paragraph at lines 10527--10528
\TU/TimesNewRoman(0)/m/n/10 VND ( 20–50
 []


Underfull \hbox (badness 10000) in paragraph at lines 10528--10528
[]|\TU/TimesNewRoman(0)/m/n/10 11.000.000–
 []


Underfull \hbox (badness 10000) in paragraph at lines 10528--10530
[]|\TU/TimesNewRoman(0)/m/n/10 Thấp (phụ
 []


Underfull \hbox (badness 10000) in paragraph at lines 10530--10530
[]|\TU/TimesNewRoman(0)/m/n/10 iTracking / Vietmap
 []


Underfull \hbox (badness 10000) in paragraph at lines 10530--10530
[]|\TU/TimesNewRoman(0)/m/n/10 2.000.000–
 []


Underfull \hbox (badness 10000) in paragraph at lines 10531--10531
[]|\TU/TimesNewRoman(0)/m/n/10 100.000–300.000
 []


Underfull \hbox (badness 10000) in paragraph at lines 10531--10531
[]|\TU/TimesNewRoman(0)/m/n/10 3.200.000–7.600.000
 []


Overfull \hbox (7.47949pt too wide) in alignment at lines 10521--10532
[] [] [] [] []
 []

[173]
Underfull \hbox (badness 10000) in paragraph at lines 10551--10551
[]|\TU/TimesNewRoman(0)/b/n/10 Cấu hình
 []


Underfull \hbox (badness 10000) in paragraph at lines 10552--10552
[]|\TU/TimesNewRoman(0)/b/n/10 Chi phí SIM
 []


Underfull \hbox (badness 10000) in paragraph at lines 10552--10553
[]|\TU/TimesNewRoman(0)/b/n/10 Tổng chi phí vận
 []


Underfull \hbox (badness 10000) in alignment at lines 10550--10554
[] [] [] [] []
 []


Underfull \hbox (badness 10000) in alignment at lines 10554--10556
[] [] [] [] []
 []


Underfull \hbox (badness 10000) in paragraph at lines 10557--10557
[]|\TU/TimesNewRoman(0)/m/n/10 2 vCPU,
 []


Underfull \hbox (badness 10000) in paragraph at lines 10558--10558
[]|\TU/TimesNewRoman(0)/m/n/10 700.000–2.100.000
 []


Underfull \hbox (badness 10000) in paragraph at lines 10558--10560
[]|\TU/TimesNewRoman(0)/m/n/10 950.000–2.350.000
 []


Underfull \hbox (badness 10000) in paragraph at lines 10560--10560
[]|\TU/TimesNewRoman(0)/m/n/10 4 vCPU,
 []


Underfull \hbox (badness 10000) in paragraph at lines 10560--10560
\TU/TimesNewRoman(0)/m/n/10 160GB
 []


Underfull \hbox (badness 10000) in paragraph at lines 10561--10561
[]|\TU/TimesNewRoman(0)/m/n/10 2.100.000–7.000.000
 []


Underfull \hbox (badness 10000) in paragraph at lines 10562--10563
[]|\TU/TimesNewRoman(0)/m/n/10 2.600.000–7.500.000
 []


Underfull \hbox (badness 10000) in paragraph at lines 10563--10563
\TU/TimesNewRoman(0)/m/n/10 cluster (3
 []


Underfull \hbox (badness 10000) in paragraph at lines 10564--10564
[]|\TU/TimesNewRoman(0)/m/n/10 7.000.000–35.000.000
 []


Underfull \hbox (badness 10000) in paragraph at lines 10565--10566
[]|\TU/TimesNewRoman(0)/m/n/10 9.500.000–37.500.000
 []


Underfull \hbox (badness 10000) in alignment at lines 10556--10566
[] [] [] [] []
 []

[174]
Underfull \hbox (badness 10000) in alignment at lines 10644--10647
[] [] []
 []


Underfull \hbox (badness 10000) in alignment at lines 10647--10649
[] [] []
 []


Underfull \hbox (badness 1521) in paragraph at lines 10652--10653
[]|\TU/TimesNewRoman(0)/m/n/10 Ảnh hưởng nhỏ, có thể khắc phục
 []


Underfull \hbox (badness 10000) in alignment at lines 10649--10658
[] [] []
 []


Underfull \hbox (badness 10000) in paragraph at lines 10665--10665
[]|\TU/TimesNewRoman(0)/b/n/10 Biện pháp
 []


Overfull \hbox (11.99347pt too wide) in alignment at lines 10664--10667
[] [] [] [] [] [] []
 []


Overfull \hbox (11.99347pt too wide) in alignment at lines 10667--10669
[] [] [] [] [] [] []
 []


Underfull \hbox (badness 10000) in paragraph at lines 10670--10670
[]|\TU/TimesNewRoman(0)/m/n/10 Mất sóng
 []


Underfull \hbox (badness 10000) in paragraph at lines 10670--10670
\TU/TimesNewRoman(0)/m/n/10 4G/LTE tại
 []


Underfull \hbox (badness 10000) in paragraph at lines 10671--10672
[]|\TU/TimesNewRoman(0)/m/n/10 Auto-
 []


Underfull \hbox (badness 10000) in paragraph at lines 10671--10672
\TU/TimesNewRoman(0)/m/n/10 reconnect,
 []


Underfull \hbox (badness 10000) in paragraph at lines 10671--10672
\TU/TimesNewRoman(0)/m/n/10 MQTT
 []


Underfull \hbox (badness 10000) in paragraph at lines 10671--10672
\TU/TimesNewRoman(0)/m/n/10 keepalive,
 []


Underfull \hbox (badness 10000) in paragraph at lines 10671--10672
\TU/TimesNewRoman(0)/m/n/10 enqueue cục
 []


Underfull \hbox (badness 10000) in paragraph at lines 10671--10672
\TU/TimesNewRoman(0)/m/n/10 bộ microSD
 []


Underfull \hbox (badness 10000) in paragraph at lines 10671--10672
\TU/TimesNewRoman(0)/m/n/10 sequence khi
 []


Underfull \hbox (badness 10000) in paragraph at lines 10673--10673
[]|\TU/TimesNewRoman(0)/m/n/10 Không tương
 []


Underfull \hbox (badness 10000) in paragraph at lines 10673--10673
\TU/TimesNewRoman(0)/m/n/10 thích BLE
 []


Underfull \hbox (badness 10000) in paragraph at lines 10674--10675
[]|\TU/TimesNewRoman(0)/m/n/10 Sử dụng
 []


Underfull \hbox (badness 10000) in paragraph at lines 10674--10675
\TU/TimesNewRoman(0)/m/n/10 (tương thích
 []


Underfull \hbox (badness 2884) in paragraph at lines 10674--10675
\TU/TimesNewRoman(0)/m/n/10 rộng), hỗ trợ
 []


Underfull \hbox (badness 10000) in paragraph at lines 10674--10675
\TU/TimesNewRoman(0)/m/n/10 nhiều giao
 []


Underfull \hbox (badness 10000) in paragraph at lines 10674--10675
\TU/TimesNewRoman(0)/m/n/10 thức OBD2
 []


Underfull \hbox (badness 10000) in paragraph at lines 10674--10675
\TU/TimesNewRoman(0)/m/n/10 (ISO 15765,
 []


Underfull \hbox (badness 10000) in paragraph at lines 10674--10675
\TU/TimesNewRoman(0)/m/n/10 ISO 14230,
 []


Underfull \hbox (badness 1688) in paragraph at lines 10677--10677
\TU/TimesNewRoman(0)/m/n/10 broker khi số
 []


Underfull \hbox (badness 10000) in paragraph at lines 10678--10680
[]|\TU/TimesNewRoman(0)/m/n/10 EMQX hỗ
 []


Underfull \hbox (badness 3039) in paragraph at lines 10678--10680
\TU/TimesNewRoman(0)/m/n/10 trợ clustering;
 []


Underfull \hbox (badness 10000) in paragraph at lines 10678--10680
\TU/TimesNewRoman(0)/m/n/10 khi tải tăng
 []


Underfull \hbox (badness 10000) in paragraph at lines 10678--10680
\TU/TimesNewRoman(0)/m/n/10 có thể scale
 []


Underfull \hbox (badness 10000) in paragraph at lines 10678--10680
\TU/TimesNewRoman(0)/m/n/10 ngang broker
 []


Underfull \hbox (badness 10000) in paragraph at lines 10678--10680
\TU/TimesNewRoman(0)/m/n/10 và mở rộng
 []


Underfull \hbox (badness 10000) in paragraph at lines 10678--10680
\TU/TimesNewRoman(0)/m/n/10 riêng MQTT
 []


Underfull \hbox (badness 1694) in paragraph at lines 10681--10681
\TU/TimesNewRoman(0)/m/n/10 mật (giả mạo
 []


Underfull \hbox (badness 10000) in paragraph at lines 10681--10681
\TU/TimesNewRoman(0)/m/n/10 quyền truy
 []


Underfull \hbox (badness 10000) in paragraph at lines 10682--10684
[]|\TU/TimesNewRoman(0)/m/n/10 Session-based
 []


Underfull \hbox (badness 10000) in paragraph at lines 10682--10684
\TU/TimesNewRoman(0)/m/n/10 auth với
 []


Underfull \hbox (badness 10000) in paragraph at lines 10682--10684
\TU/TimesNewRoman(0)/m/n/10 SHA-256,
 []


Underfull \hbox (badness 10000) in paragraph at lines 10682--10684
\TU/TimesNewRoman(0)/m/n/10 MQTT ACL
 []


Underfull \hbox (badness 10000) in paragraph at lines 10682--10684
\TU/TimesNewRoman(0)/m/n/10 per device,
 []


Underfull \hbox (badness 10000) in paragraph at lines 10682--10684
\TU/TimesNewRoman(0)/m/n/10 HTTPS/TLS,
 []


Underfull \hbox (badness 10000) in paragraph at lines 10682--10684
\TU/TimesNewRoman(0)/m/n/10 Zod input
 []


Underfull \hbox (badness 10000) in paragraph at lines 10682--10684
\TU/TimesNewRoman(0)/m/n/10 validation,
 []


Underfull \hbox (badness 10000) in paragraph at lines 10685--10685
[]|\TU/TimesNewRoman(0)/m/n/10 Mất dữ liệu
 []


Underfull \hbox (badness 10000) in paragraph at lines 10685--10685
\TU/TimesNewRoman(0)/m/n/10 mất kết nối
 []


Underfull \hbox (badness 2735) in paragraph at lines 10686--10687
[]|\TU/TimesNewRoman(0)/m/n/10 Retry publish,
 []


Underfull \hbox (badness 10000) in paragraph at lines 10686--10687
\TU/TimesNewRoman(0)/m/n/10 tầng, ACK
 []


Underfull \hbox (badness 10000) in paragraph at lines 10686--10687
\TU/TimesNewRoman(0)/m/n/10 backoff, GC
 []


Underfull \hbox (badness 7291) in paragraph at lines 10688--10688
\TU/TimesNewRoman(0)/m/n/10 độ cực đoan
 []


Underfull \hbox (badness 5519) in paragraph at lines 10688--10688
\TU/TimesNewRoman(0)/m/n/10 (xe đỗ ngoài
 []


Underfull \hbox (badness 10000) in paragraph at lines 10689--10690
[]|\TU/TimesNewRoman(0)/m/n/10 ESP32-S3
 []


Underfull \hbox (badness 10000) in paragraph at lines 10689--10690
\TU/TimesNewRoman(0)/m/n/10 hoạt động
 []


Underfull \hbox (badness 1496) in paragraph at lines 10689--10690
\TU/TimesNewRoman(0)/m/n/10 -40 đến 85°C,
 []


Underfull \hbox (badness 10000) in paragraph at lines 10689--10690
\TU/TimesNewRoman(0)/m/n/10 thiết kế tản
 []


Underfull \hbox (badness 10000) in paragraph at lines 10693--10695
[]|\TU/TimesNewRoman(0)/m/n/10 Mạch switch
 []


Underfull \hbox (badness 10000) in paragraph at lines 10693--10695
\TU/TimesNewRoman(0)/m/n/10 sang pin dự
 []


Underfull \hbox (badness 10000) in paragraph at lines 10693--10695
\TU/TimesNewRoman(0)/m/n/10 phòng: 12V
 []


Underfull \hbox (badness 10000) in paragraph at lines 10693--10695
\TU/TimesNewRoman(0)/m/n/10 (OFF=12.0V,
 []


Underfull \hbox (badness 10000) in paragraph at lines 10693--10695
\TU/TimesNewRoman(0)/m/n/10 ON=12.2V),
 []


Underfull \hbox (badness 10000) in paragraph at lines 10693--10695
\TU/TimesNewRoman(0)/m/n/10 24V
 []


Underfull \hbox (badness 10000) in paragraph at lines 10693--10695
\TU/TimesNewRoman(0)/m/n/10 (OFF=24.0V,
 []


Underfull \hbox (badness 10000) in paragraph at lines 10693--10695
\TU/TimesNewRoman(0)/m/n/10 ON=24.4V),
 []


Underfull \hbox (badness 10000) in paragraph at lines 10693--10695
\TU/TimesNewRoman(0)/m/n/10 thiết bị hiện
 []


Underfull \hbox (badness 10000) in paragraph at lines 10693--10695
\TU/TimesNewRoman(0)/m/n/10 tại, pin dự
 []


Underfull \hbox (badness 10000) in paragraph at lines 10693--10695
\TU/TimesNewRoman(0)/m/n/10 phòng 18650
 []


Underfull \hbox (badness 10000) in paragraph at lines 10696--10696
[]|\TU/TimesNewRoman(0)/m/n/10 Lỗi firmware
 []


Underfull \hbox (badness 10000) in paragraph at lines 10696--10696
\TU/TimesNewRoman(0)/m/n/10 gây treo
 []


Underfull \hbox (badness 10000) in paragraph at lines 10696--10696
\TU/TimesNewRoman(0)/m/n/10 hệ thống
 []


Underfull \hbox (badness 10000) in paragraph at lines 10696--10696
\TU/TimesNewRoman(0)/m/n/10 (firmware
 []


Underfull \hbox (badness 10000) in paragraph at lines 10697--10698
[]|\TU/TimesNewRoman(0)/m/n/10 OTA từ xa
 []


Underfull \hbox (badness 3333) in paragraph at lines 10697--10698
\TU/TimesNewRoman(0)/m/n/10 với xác nhận
 []


Underfull \hbox (badness 10000) in paragraph at lines 10697--10698
\TU/TimesNewRoman(0)/m/n/10 sau reboot
 []


Underfull \hbox (badness 10000) in paragraph at lines 10697--10698
\TU/TimesNewRoman(0)/m/n/10 và rollback
 []


Underfull \hbox (badness 10000) in paragraph at lines 10697--10698
\TU/TimesNewRoman(0)/m/n/10 thủ công đã
 []


Underfull \hbox (badness 2644) in paragraph at lines 10697--10698
\TU/TimesNewRoman(0)/m/n/10 có; watchdog
 []


Underfull \hbox (badness 10000) in paragraph at lines 10697--10698
\TU/TimesNewRoman(0)/m/n/10 timer và cơ
 []


Underfull \hbox (badness 4981) in paragraph at lines 10697--10698
\TU/TimesNewRoman(0)/m/n/10 chế giám sát
 []


Underfull \hbox (badness 7030) in paragraph at lines 10697--10698
\TU/TimesNewRoman(0)/m/n/10 treo vẫn cần
 []


Underfull \hbox (badness 7012) in paragraph at lines 10700--10700
[]|\TU/TimesNewRoman(0)/m/n/10 Lỗi SD card
 []


Underfull \hbox (badness 10000) in paragraph at lines 10700--10700
\TU/TimesNewRoman(0)/m/n/10 (card absent,
 []


Underfull \hbox (badness 10000) in paragraph at lines 10700--10700
\TU/TimesNewRoman(0)/m/n/10 mount fail,
 []


Underfull \hbox (badness 10000) in paragraph at lines 10701--10703
[]|\TU/TimesNewRoman(0)/m/n/10 Mount retry
 []


Underfull \hbox (badness 10000) in paragraph at lines 10701--10703
\TU/TimesNewRoman(0)/m/n/10 có backoff,
 []


Underfull \hbox (badness 10000) in paragraph at lines 10701--10703
\TU/TimesNewRoman(0)/m/n/10 fsync + un-
 []


Underfull \hbox (badness 10000) in paragraph at lines 10701--10703
\TU/TimesNewRoman(0)/m/n/10 mount sạch,
 []


Underfull \hbox (badness 10000) in paragraph at lines 10701--10703
\TU/TimesNewRoman(0)/m/n/10 card-present-
 []


Underfull \hbox (badness 10000) in paragraph at lines 10701--10703
\TU/TimesNewRoman(0)/m/n/10 at-boot,
 []


Underfull \hbox (badness 10000) in paragraph at lines 10701--10703
\TU/TimesNewRoman(0)/m/n/10 quota/GC và
 []


Underfull \hbox (badness 10000) in paragraph at lines 10701--10703
\TU/TimesNewRoman(0)/m/n/10 theo dõi bộ
 []


Overfull \hbox (11.99347pt too wide) in alignment at lines 10669--10704
[] [] [] [] [] [] []
 []


ignored: Infinite glue shrinkage found in box being split [175]
ignored: Infinite glue shrinkage f
ound in box being split [176] [177]
Underfull \hbox (badness 10000) in alignment at lines 10750--10753
[] [] [] [] []
 []


Underfull \hbox (badness 10000) in alignment at lines 10753--10755
[] [] [] [] []
 []


Underfull \hbox (badness 10000) in paragraph at lines 10756--10756
[]|\TU/TimesNewRoman(0)/m/n/10 Kết nối và
 []


Underfull \hbox (badness 10000) in alignment at lines 10755--10762
[] [] [] [] []
 []

[178] [179]
Underfull \hbox (badness 10000) in alignment at lines 10953--10956
[] [] [] []
 []


Underfull \hbox (badness 10000) in alignment at lines 10956--10958
[] [] [] []
 []


Underfull \hbox (badness 1975) in paragraph at lines 10959--10960
[]|\TU/TimesNewRoman(0)/m/n/10 TLS cho MQTT, de-
 []


Underfull \hbox (badness 10000) in paragraph at lines 10961--10962
[]|\TU/TimesNewRoman(0)/m/n/10 Bookings, payments,
 []


Underfull \hbox (badness 10000) in paragraph at lines 10961--10962
\TU/TimesNewRoman(0)/m/n/10 damage reports,
 []


Underfull \hbox (badness 1642) in paragraph at lines 10963--10964
[]|\TU/TimesNewRoman(0)/m/n/10 Redis caching, query
 []


Underfull \hbox (badness 4416) in paragraph at lines 10963--10964
\TU/TimesNewRoman(0)/m/n/10 optimization, connec-
 []


Underfull \hbox (badness 10000) in paragraph at lines 10963--10964
\TU/TimesNewRoman(0)/m/n/10 tion pooling, health
 []


Underfull \hbox (badness 10000) in paragraph at lines 10967--10968
[]|\TU/TimesNewRoman(0)/m/n/10 Kubernetes, CI/CD,
 []


Underfull \hbox (badness 10000) in paragraph at lines 10967--10968
\TU/TimesNewRoman(0)/m/n/10 monitoring, TLS
 []


Underfull \hbox (badness 10000) in alignment at lines 10958--10971
[] [] [] []
 []

[180] [181] [182

] [183] [184] [185]
Underfull \hbox (badness 10000) in alignment at lines 11419--11422
[] [] []
 []


Underfull \hbox (badness 10000) in alignment at lines 11422--11424
[] [] []
 []


Underfull \hbox (badness 2165) in paragraph at lines 11428--11431
[]|\TU/TimesNewRoman(0)/m/n/10 Hệ thống phân quyền theo vai trò
 []


Underfull \hbox (badness 10000) in alignment at lines 11424--11438
[] [] []
 []

[186] [187]
Underfull \hbox (badness 10000) in alignment at lines 11581--11584
[] [] []
 []


Underfull \hbox (badness 10000) in alignment at lines 11584--11586
[] [] []
 []


Underfull \hbox (badness 10000) in alignment at lines 11586--11595
[] [] []
 []

[188] [189] [190

] [191] [192] [193] [194

]
Underfull \hbox (badness 10000) in paragraph at lines 12030--12030
[]|\TU/TimesNewRoman(0)/b/n/10 Model /
 []


Underfull \hbox (badness 10000) in paragraph at lines 12030--12030
[]|\TU/TimesNewRoman(0)/b/n/10 Đơn giá
 []


Underfull \hbox (badness 10000) in paragraph at lines 12031--12031
[]|\TU/TimesNewRoman(0)/b/n/10 Thành tiền
 []


Overfull \hbox (11.99347pt too wide) in alignment at lines 12029--12033
[] [] [] [] [] [] []
 []


Overfull \hbox (11.99347pt too wide) in alignment at lines 12033--12035
[] [] [] [] [] [] []
 []


Underfull \hbox (badness 10000) in paragraph at lines 12036--12036
[]|\TU/TimesNewRoman(0)/m/n/10 ESP32-S3-
 []


Underfull \hbox (badness 10000) in paragraph at lines 12036--12036
\TU/TimesNewRoman(0)/m/n/10 WROOM-1
 []


Underfull \hbox (badness 10000) in paragraph at lines 12037--12038
[]|\TU/TimesNewRoman(0)/m/n/10 MCU chính, 16MB
 []


Underfull \hbox (badness 10000) in paragraph at lines 12038--12038
[]|\TU/TimesNewRoman(0)/m/n/10 SIMCom
 []


Underfull \hbox (badness 10000) in paragraph at lines 12038--12038
\TU/TimesNewRoman(0)/m/n/10 SIM7600CE-
 []


Underfull \hbox (badness 10000) in paragraph at lines 12040--12040
[]|\TU/TimesNewRoman(0)/m/n/10 OBD2
 []


Underfull \hbox (badness 4556) in paragraph at lines 12041--12042
[]|\TU/TimesNewRoman(0)/m/n/10 Bluetooth Low Energy
 []


Underfull \hbox (badness 1286) in paragraph at lines 12042--12042
[]|\TU/TimesNewRoman(0)/m/n/10 Cảm biến gia
 []


Underfull \hbox (badness 1540) in paragraph at lines 12042--12044
[]|\TU/TimesNewRoman(0)/m/n/10 IMU 3 trục, phát hiện
 []


Underfull \hbox (badness 3364) in paragraph at lines 12044--12044
[]|\TU/TimesNewRoman(0)/m/n/10 18650 1S Li-
 []


Underfull \hbox (badness 10000) in paragraph at lines 12046--12046
[]|\TU/TimesNewRoman(0)/m/n/10 TP4056 +
 []


Underfull \hbox (badness 8132) in paragraph at lines 12046--12048
[]|\TU/TimesNewRoman(0)/m/n/10 Sạc 1S, input 5V từ
 []


Underfull \hbox (badness 10000) in paragraph at lines 12046--12048
\TU/TimesNewRoman(0)/m/n/10 MP2482, dòng theo
 []


Underfull \hbox (badness 10000) in paragraph at lines 12048--12050
[]|\TU/TimesNewRoman(0)/m/n/10 12–24V -> 3.3V cấp
 []


Underfull \hbox (badness 10000) in paragraph at lines 12050--12050
\TU/TimesNewRoman(0)/m/n/10 (12V/24V-
 []


Underfull \hbox (badness 10000) in paragraph at lines 12052--12052
[]|\TU/TimesNewRoman(0)/m/n/10 Mạch
 []


Underfull \hbox (badness 10000) in paragraph at lines 12054--12054
[]|\TU/TimesNewRoman(0)/m/n/10 Boost con-
 []


Underfull \hbox (badness 10000) in paragraph at lines 12056--12056
[]|\TU/TimesNewRoman(0)/m/n/10 SS54/SS34
 []


Underfull \hbox (badness 10000) in paragraph at lines 12060--12060
[]|\TU/TimesNewRoman(0)/m/n/10 Anten gốm
 []


Underfull \hbox (badness 10000) in paragraph at lines 12060--12060
\TU/TimesNewRoman(0)/m/n/10 GNSS
 []


Underfull \hbox (badness 10000) in paragraph at lines 12060--12062
[]|\TU/TimesNewRoman(0)/m/n/10 Anten
 []


Overfull \hbox (0.97368pt too wide) in paragraph at lines 12060--12062
\TU/TimesNewRoman(0)/m/n/10 GPS/GLONASS/BeiDou| 
 []


Underfull \hbox (badness 10000) in paragraph at lines 12064--12064
[]|\TU/TimesNewRoman(0)/m/n/10 SIM tray +
 []


Underfull \hbox (badness 10000) in paragraph at lines 12064--12064
[]|\TU/TimesNewRoman(0)/m/n/10 Nano SIM
 []


Underfull \hbox (badness 10000) in paragraph at lines 12066--12066
[]|\TU/TimesNewRoman(0)/m/n/10 Connector
 []


Underfull \hbox (badness 1038) in paragraph at lines 12068--12068
[]|\TU/TimesNewRoman(0)/m/n/10 Tụ điện, điện
 []


Underfull \hbox (badness 4608) in paragraph at lines 12069--12070
[]|\TU/TimesNewRoman(0)/m/n/10 Tụ lọc, điện trở chia
 []


Underfull \hbox (badness 10000) in paragraph at lines 12069--12070
\TU/TimesNewRoman(0)/m/n/10 áp ADC (R1=100k,
 []


Underfull \hbox (badness 5924) in paragraph at lines 12070--12070
\TU/TimesNewRoman(0)/m/n/10 layout đề tài
 []


Underfull \hbox (badness 10000) in paragraph at lines 12072--12072
[]|\TU/TimesNewRoman(0)/m/n/10 Hộp nhựa
 []


Underfull \hbox (badness 10000) in paragraph at lines 12072--12072
\TU/TimesNewRoman(0)/m/n/10 ABS
 []


Overfull \hbox (1.1227pt too wide) in paragraph at lines 12072--12072
\TU/TimesNewRoman(0)/m/n/10 120x80x40mm| 
 []


Underfull \hbox (badness 10000) in paragraph at lines 12074--12074
[]|\TU/TimesNewRoman(0)/m/n/10 Dây nối,
 []


Underfull \hbox (badness 10000) in paragraph at lines 12074--12074
\TU/TimesNewRoman(0)/m/n/10 header,
 []


Overfull \hbox (11.99347pt too wide) in alignment at lines 12035--12077
[] [] [] [] [] [] []
 []


ignored: Infinite glue shrinkage found in box being split [195

]
Underfull \hbox (badness 1163) in paragraph at lines 12087--12087
[]|\TU/TimesNewRoman(0)/b/n/10 Chi phí hàng tháng
 []


Underfull \hbox (badness 10000) in alignment at lines 12086--12089
[] [] [] [] []
 []


Underfull \hbox (badness 10000) in alignment at lines 12089--12091
[] [] [] [] []
 []


Underfull \hbox (badness 10000) in paragraph at lines 12092--12092
[]|\TU/TimesNewRoman(0)/m/n/10 VPS
 []


Underfull \hbox (badness 10000) in paragraph at lines 12094--12094
[]|\TU/TimesNewRoman(0)/m/n/10 SIM 4G
 []


Underfull \hbox (badness 10000) in paragraph at lines 12096--12096
[]|\TU/TimesNewRoman(0)/m/n/10 SSL Cer-
 []


Underfull \hbox (badness 10000) in alignment at lines 12091--12099
[] [] [] [] []
 []


Underfull \hbox (badness 10000) in alignment at lines 12108--12111
[] [] []
 []


Underfull \hbox (badness 10000) in alignment at lines 12111--12113
[] [] []
 []


Underfull \hbox (badness 10000) in alignment at lines 12113--12121
[] [] []
 []

[196] [197]
Underfull \hbox (badness 10000) in alignment at lines 12149--12152
[] [] []
 []


Underfull \hbox (badness 10000) in alignment at lines 12152--12154
[] [] []
 []


Underfull \hbox (badness 3758) in paragraph at lines 12159--12159
[]|\TU/TimesNewRoman(0)/m/n/10 Transport protocol cho CAN
 []


Underfull \hbox (badness 5696) in paragraph at lines 12159--12161
[]|\TU/TimesNewRoman(0)/m/n/10 Xử lý multi-frame response (VIN,
 []


Underfull \hbox (badness 10000) in paragraph at lines 12161--12161
[]|\TU/TimesNewRoman(0)/m/n/10 Emissions-related OBD via
 []


Underfull \hbox (badness 10000) in alignment at lines 12154--12163
[] [] []
 []


Underfull \hbox (badness 10000) in alignment at lines 12171--12174
[] [] [] []
 []


Underfull \hbox (badness 10000) in alignment at lines 12174--12176
[] [] [] []
 []


Underfull \hbox (badness 10000) in paragraph at lines 12177--12177
[]|\TU/TimesNewRoman(0)/m/n/10 Supported PIDs
 []


Underfull \hbox (badness 10000) in paragraph at lines 12179--12179
[]|\TU/TimesNewRoman(0)/m/n/10 Engine Coolant
 []


Underfull \hbox (badness 6859) in paragraph at lines 12182--12182
[]|\TU/TimesNewRoman(0)/m/n/10 Intake Air Tem-
 []


Underfull \hbox (badness 2644) in paragraph at lines 12184--12184
[]|\TU/TimesNewRoman(0)/m/n/10 Fuel Tank Level
 []


Underfull \hbox (badness 10000) in alignment at lines 12176--12186
[] [] [] []
 []


Underfull \hbox (badness 10000) in alignment at lines 12201--12204
[] [] []
 []


Underfull \hbox (badness 10000) in alignment at lines 12204--12206
[] [] []
 []


Underfull \hbox (badness 10000) in alignment at lines 12206--12217
[] [] []
 []

[198

]
Underfull \hbox (badness 10000) in alignment at lines 12242--12245
[] []
 []


Underfull \hbox (badness 10000) in alignment at lines 12245--12247
[] []
 []


Underfull \hbox (badness 10000) in alignment at lines 12247--12260
[] []
 []


Underfull \hbox (badness 10000) in alignment at lines 12271--12274
[] [] []
 []


Underfull \hbox (badness 10000) in alignment at lines 12274--12276
[] [] []
 []


Underfull \hbox (badness 10000) in paragraph at lines 12278--12279
[]|\TU/lmtt/m/n/10 /api/v1/vehicles\TU/TimesNewRoman(0)/m/n/10 ,
 []


Underfull \hbox (badness 1596) in paragraph at lines 12279--12281
[]|\TU/TimesNewRoman(0)/m/n/10 GET (đọc), POST (tạo), PUT (cập
 []


Underfull \hbox (badness 4001) in paragraph at lines 12281--12283
\TU/TimesNewRoman(0)/m/n/10 quest, 401 Unauthorized, 404 Not
 []


Overfull \hbox (39.46867pt too wide) in paragraph at lines 12284--12285
[]|\TU/lmtt/m/n/10 ?page=1&limit=20&sort=created_at:desc| 
 []


Underfull \hbox (badness 10000) in paragraph at lines 12287--12288
[]|\TU/lmtt/m/n/10 { "error": { "code": "...",
 []


Underfull \hbox (badness 10000) in alignment at lines 12276--12290
[] [] []
 []


ignored: Infinite glue shrinkage found in box being split [199] [200]
Underfull \hbox (badness 10000) in alignment at lines 12307--12310
[] [] [] []
 []


Underfull \hbox (badness 10000) in alignment at lines 12310--12312
[] [] [] []
 []


Underfull \hbox (badness 10000) in paragraph at lines 12313--12313
[]|\TU/TimesNewRoman(0)/m/n/10 Nghiên cứu và
 []


Underfull \hbox (badness 10000) in paragraph at lines 12315--12315
[]|\TU/TimesNewRoman(0)/m/n/10 Phát triển
 []


Underfull \hbox (badness 10000) in paragraph at lines 12315--12317
[]|\TU/TimesNewRoman(0)/m/n/10 Firmware ESP-IDF hoàn
 []


Underfull \hbox (badness 10000) in paragraph at lines 12317--12319
[]|\TU/TimesNewRoman(0)/m/n/10 Docker infrastructure,
 []


Underfull \hbox (badness 2521) in paragraph at lines 12319--12321
[]|\TU/TimesNewRoman(0)/m/n/10 REST API, MQTT Bridge,
 []


Underfull \hbox (badness 10000) in paragraph at lines 12321--12321
[]|\TU/TimesNewRoman(0)/m/n/10 Phát triển fron-
 []


Underfull \hbox (badness 2495) in paragraph at lines 12325--12325
[]|\TU/TimesNewRoman(0)/m/n/10 Viết báo cáo và
 []


Underfull \hbox (badness 10000) in alignment at lines 12312--12327
[] [] [] []
 []

File: ./assets/figures/14-phu-luc-hinh-pl-3-1.png Graphic file (type bmp)
<./assets/figures/14-phu-luc-hinh-pl-3-1.png>

Underfull \hbox (badness 10000) in alignment at lines 12362--12365
[] [] []
 []


Underfull \hbox (badness 10000) in alignment at lines 12365--12367
[] [] []
 []


Underfull \hbox (badness 10000) in alignment at lines 12367--12372
[] [] []
 []

[201

]
Underfull \hbox (badness 10000) in alignment at lines 12380--12383
[] [] []
 []


Underfull \hbox (badness 10000) in alignment at lines 12383--12385
[] [] []
 []


Underfull \hbox (badness 10000) in alignment at lines 12385--12390
[] [] []
 []


Underfull \hbox (badness 10000) in alignment at lines 12398--12401
[] [] []
 []


Underfull \hbox (badness 10000) in alignment at lines 12401--12403
[] [] []
 []


Underfull \hbox (badness 10000) in paragraph at lines 12404--12404
[]|\TU/TimesNewRoman(0)/m/n/10 Docker setup, PostgreSQL,
 []


Underfull \hbox (badness 10000) in alignment at lines 12403--12408
[] [] []
 []


Underfull \hbox (badness 10000) in alignment at lines 12416--12419
[] [] []
 []


Underfull \hbox (badness 10000) in alignment at lines 12419--12421
[] [] []
 []


Underfull \hbox (badness 10000) in alignment at lines 12421--12426
[] [] []
 []


Underfull \hbox (badness 10000) in alignment at lines 12434--12437
[] [] []
 []


Underfull \hbox (badness 10000) in alignment at lines 12437--12439
[] [] []
 []


Underfull \hbox (badness 10000) in alignment at lines 12439--12444
[] [] []
 []

[202]
Underfull \hbox (badness 10000) in alignment at lines 12452--12455
[] [] []
 []


Underfull \hbox (badness 10000) in alignment at lines 12455--12457
[] [] []
 []


Underfull \hbox (badness 10000) in alignment at lines 12457--12461
[] [] []
 []

[203]
Missing character: There is no ├ in font [lmmono10-regular]:!
Missing character: There is no ─ in font [lmmono10-regular]:!
Missing character: There is no ├ in font [lmmono10-regular]:!
Missing character: There is no ─ in font [lmmono10-regular]:!
Missing character: There is no ├ in font [lmmono10-regular]:!
Missing character: There is no ─ in font [lmmono10-regular]:!
Missing character: There is no ─ in font [lmmono10-regular]:!
Missing character: There is no │ in font [lmmono10-regular]:!
Missing character: There is no │ in font [lmmono10-regular]:!
Missing character: There is no ├ in font [lmmono10-regular]:!
Missing character: There is no ─ in font [lmmono10-regular]:!
Missing character: There is no ─ in font [lmmono10-regular]:!
Missing character: There is no │ in font [lmmono10-regular]:!
Missing character: There is no │ in font [lmmono10-regular]:!
Missing character: There is no ├ in font [lmmono10-regular]:!
Missing character: There is no ─ in font [lmmono10-regular]:!
Missing character: There is no ─ in font [lmmono10-regular]:!
Missing character: There is no │ in font [lmmono10-regular]:!
Missing character: There is no │ in font [lmmono10-regular]:!
Missing character: There is no ├ in font [lmmono10-regular]:!
Missing character: There is no ─ in font [lmmono10-regular]:!
Missing character: There is no ─ in font [lmmono10-regular]:!
Missing character: There is no │ in font [lmmono10-regular]:!
Missing character: There is no │ in font [lmmono10-regular]:!
Missing character: There is no ├ in font [lmmono10-regular]:!
Missing character: There is no ─ in font [lmmono10-regular]:!
Missing character: There is no ─ in font [lmmono10-regular]:!
Missing character: There is no │ in font [lmmono10-regular]:!
Missing character: There is no │ in font [lmmono10-regular]:!
Missing character: There is no ├ in font [lmmono10-regular]:!
Missing character: There is no ─ in font [lmmono10-regular]:!
Missing character: There is no ─ in font [lmmono10-regular]:!
Missing character: There is no │ in font [lmmono10-regular]:!
Missing character: There is no │ in font [lmmono10-regular]:!
Missing character: There is no ├ in font [lmmono10-regular]:!
Missing character: There is no ─ in font [lmmono10-regular]:!
Missing character: There is no ─ in font [lmmono10-regular]:!
Missing character: There is no │ in font [lmmono10-regular]:!
Missing character: There is no │ in font [lmmono10-regular]:!
Missing character: There is no ├ in font [lmmono10-regular]:!
Missing character: There is no ─ in font [lmmono10-regular]:!
Missing character: There is no ─ in font [lmmono10-regular]:!
Missing character: There is no │ in font [lmmono10-regular]:!
Missing character: There is no │ in font [lmmono10-regular]:!
Missing character: There is no ├ in font [lmmono10-regular]:!
Missing character: There is no ─ in font [lmmono10-regular]:!
Missing character: There is no ─ in font [lmmono10-regular]:!
Missing character: There is no │ in font [lmmono10-regular]:!
Missing character: There is no │ in font [lmmono10-regular]:!
Missing character: There is no └ in font [lmmono10-regular]:!
Missing character: There is no ─ in font [lmmono10-regular]:!
Missing character: There is no ─ in font [lmmono10-regular]:!
Missing character: There is no ├ in font [lmmono10-regular]:!
Missing character: There is no ─ in font [lmmono10-regular]:!
Missing character: There is no ├ in font [lmmono10-regular]:!
Missing character: There is no ─ in font [lmmono10-regular]:!
Missing character: There is no ├ in font [lmmono10-regular]:!
Missing character: There is no ─ in font [lmmono10-regular]:!
Missing character: There is no ─ in font [lmmono10-regular]:!

Underfull \hbox (badness 10000) in alignment at lines 12528--12531
[] [] [] []
 []


Underfull \hbox (badness 10000) in alignment at lines 12531--12533
[] [] [] []
 []


Underfull \hbox (badness 1436) in paragraph at lines 12536--12536
[]|\TU/TimesNewRoman(0)/m/n/10 Phiên đăng nhập (to-
 []


Underfull \hbox (badness 10000) in paragraph at lines 12540--12540
[]|\TU/TimesNewRoman(0)/m/n/10 Thông tin thiết bị
 []


Underfull \hbox (badness 10000) in alignment at lines 12533--12548
[] [] [] []
 []

[204

]
Underfull \hbox (badness 10000) in alignment at lines 12556--12559
[] [] []
 []


Underfull \hbox (badness 10000) in alignment at lines 12559--12561
[] [] []
 []


Underfull \hbox (badness 10000) in alignment at lines 12561--12574
[] [] []
 []


Underfull \hbox (badness 10000) in alignment at lines 12597--12600
[] [] [] []
 []


Underfull \hbox (badness 10000) in alignment at lines 12600--12602
[] [] [] []
 []


Overfull \hbox (3.45258pt too wide) in paragraph at lines 12603--12603
[]|\TU/lmtt/m/n/10 /api/v1/auth/login| 
 []


Overfull \hbox (8.70258pt too wide) in paragraph at lines 12604--12604
[]|\TU/lmtt/m/n/10 /api/v1/auth/logout| 
 []


Overfull \hbox (13.95258pt too wide) in paragraph at lines 12608--12608
[]|\TU/lmtt/m/n/10 /api/v1/vehicles/:id| 
 []


Overfull \hbox (29.70258pt too wide) in paragraph at lines 12611--12611
[]|\TU/lmtt/m/n/10 /api/v1/devices/:id/ota| 
 []


Overfull \hbox (40.20258pt too wide) in paragraph at lines 12617--12617
[]|\TU/lmtt/m/n/10 /api/v1/telemetry/history| 
 []


Underfull \hbox (badness 10000) in alignment at lines 12602--12628
[] [] [] []
 []


ignored: Infinite glue shrinkage found in box being split [205]
Underfull \hbox (badness 10000) in alignment at lines 12642--12645
[] [] [] []
 []


Underfull \hbox (badness 10000) in alignment at lines 12645--12647
[] [] [] []
 []


Underfull \hbox (badness 8075) in paragraph at lines 12648--12648
[]|\TU/TimesNewRoman(0)/m/n/10 Địa chỉ PostgreSQL
 []


Underfull \hbox (badness 10000) in paragraph at lines 12649--12649
[]|\TU/TimesNewRoman(0)/m/n/10 Cổng PostgreSQL
 []


Underfull \hbox (badness 2027) in paragraph at lines 12652--12652
[]|\TU/TimesNewRoman(0)/m/n/10 Tên đăng nhập Post-
 []


Underfull \hbox (badness 10000) in paragraph at lines 12656--12656
[]|\TU/TimesNewRoman(0)/m/n/10 Backend, Mqt-
 []


Underfull \hbox (badness 10000) in paragraph at lines 12662--12662
[]|\TU/TimesNewRoman(0)/m/n/10 URL frontend cho
 []


Underfull \hbox (badness 10000) in alignment at lines 12647--12663
[] [] [] []
 []


Underfull \hbox (badness 10000) in alignment at lines 12678--12681
[] []
 []


Underfull \hbox (badness 10000) in alignment at lines 12681--12683
[] []
 []


Underfull \hbox (badness 10000) in alignment at lines 12683--12689
[] []
 []

[206]
Underfull \hbox (badness 10000) in alignment at lines 12737--12740
[] [] []
 []


Underfull \hbox (badness 10000) in alignment at lines 12740--12742
[] [] []
 []


Underfull \hbox (badness 10000) in alignment at lines 12742--12749
[] [] []
 []

[207] (thesis-final-report.aux)
 ***********
LaTeX2e <2025-11-01>
L3 programming layer <2026-01-19>
 ***********
 ) 
Here is how much of TeX's memory you used:
 17791 strings out of 402983
 377782 string characters out of 5448483
 898071 words of memory out of 5000000
 46223 multiletter control sequences out of 15000+600000
 629980 words of font info for 74 fonts, out of 8000000 for 9000
 1348 hyphenation exceptions out of 8191
 83i,6n,93p,1210b,589s stack positions out of 10000i,1000n,20000p,200000b,200000s

Output written on thesis-final-report.xdv (226 pages, 4121828 bytes).
