This is XeTeX, Version 3.141592653-2.6-0.999998 (MiKTeX 26.2) (preloaded format=xelatex 2026.4.9)  10 APR 2026 23:05
entering extended mode
 restricted \write18 enabled.
 %&-line parsing enabled.
**./99-bao-cao-thesis-hoan-chinh-latex.tex
(99-bao-cao-thesis-hoan-chinh-latex.tex
LaTeX2e <2025-11-01>
L3 programming layer <2026-01-19>

(C:\Users\Admin\AppData\Local\Programs\MiKTeX\tex/latex/extsizes\extarticle.cls
Document Class: extarticle 1996/10/08 v1.0 Non Standard LaTeX document class
(C:\Users\Admin\AppData\Local\Programs\MiKTeX\tex/latex/base\size10.clo
File: size10.clo 2025/01/22 v1.4n Standard LaTeX file (size option)
)
(C:\Users\Admin\AppData\Local\Programs\MiKTeX\tex/latex/base\exscale.sty
Package: exscale 2025/06/05 v2.1i Standard LaTeX package exscale
LaTeX Font Info:    Redeclaring symbol font `largesymbols' on input line 57.
LaTeX Font Info:    Overwriting symbol font `largesymbols' in version `normal'
(Font)                  OMX/cmex/m/n --> OMX/cmex/m/n on input line 57.
LaTeX Font Info:    Overwriting symbol font `largesymbols' in version `bold'
(Font)                  OMX/cmex/m/n --> OMX/cmex/m/n on input line 57.
\big@size=\dimen148
)
\c@part=\count271
\c@section=\count272
\c@subsection=\count273
\c@subsubsection=\count274
\c@paragraph=\count275
\c@subparagraph=\count276
\c@figure=\count277
\c@table=\count278
\abovecaptionskip=\skip49
\belowcaptionskip=\skip50
\bibindent=\dimen149
)
(C:\Users\Admin\AppData\Local\Programs\MiKTeX\tex/latex/xcolor\xcolor.sty
Package: xcolor 2024/09/29 v3.02 LaTeX color extensions (UK)

(C:\Users\Admin\AppData\Local\Programs\MiKTeX\tex/latex/graphics-cfg\color.cfg
File: color.cfg 2016/01/02 v1.6 sample color configuration
)
Package xcolor Info: Driver file: xetex.def on input line 274.
(C:\Users\Admin\AppData\Local\Programs\MiKTeX\tex/latex/graphics-def\xetex.def
File: xetex.def 2025/11/01 v5.0p Graphics/color driver for xetex
) (C:\Users\Admin\AppData\Local\Programs\MiKTeX\tex/latex/graphics\mathcolor.lt
x)
Package xcolor Info: Model `cmy' substituted by `cmy0' on input line 1349.
Package xcolor Info: Model `RGB' extended on input line 1365.
Package xcolor Info: Model `HTML' substituted by `rgb' on input line 1367.
Package xcolor Info: Model `Hsb' substituted by `hsb' on input line 1368.
Package xcolor Info: Model `tHsb' substituted by `hsb' on input line 1369.
Package xcolor Info: Model `HSB' substituted by `hsb' on input line 1370.
Package xcolor Info: Model `Gray' substituted by `gray' on input line 1371.
Package xcolor Info: Model `wave' substituted by `hsb' on input line 1372.
)
(C:\Users\Admin\AppData\Local\Programs\MiKTeX\tex/latex/geometry\geometry.sty
Package: geometry 2026/03/07 v6.0 Page Geometry

(C:\Users\Admin\AppData\Local\Programs\MiKTeX\tex/latex/graphics\keyval.sty
Package: keyval 2022/05/29 v1.15 key=value parser (DPC)
\KV@toks@=\toks17
)
(C:\Users\Admin\AppData\Local\Programs\MiKTeX\tex/generic/iftex\ifvtex.sty
Package: ifvtex 2019/10/25 v1.7 ifvtex legacy package. Use iftex instead.

(C:\Users\Admin\AppData\Local\Programs\MiKTeX\tex/generic/iftex\iftex.sty
Package: iftex 2024/12/12 v1.0g TeX engine tests
))
\Gm@cnth=\count279
\Gm@cntv=\count280
\c@Gm@tempcnt=\count281
\Gm@bindingoffset=\dimen150
\Gm@wd@mp=\dimen151
\Gm@odd@mp=\dimen152
\Gm@even@mp=\dimen153
\Gm@layoutwidth=\dimen154
\Gm@layoutheight=\dimen155
\Gm@layouthoffset=\dimen156
\Gm@layoutvoffset=\dimen157
\Gm@dimlist=\toks18

(C:\Users\Admin\AppData\Local\Programs\MiKTeX\tex/latex/geometry\geometry.cfg))
(C:\Users\Admin\AppData\Local\Programs\MiKTeX\tex/latex/amsmath\amsmath.sty
Package: amsmath 2025/07/09 v2.17z AMS math features
\@mathmargin=\skip51

For additional information on amsmath, use the `?' option.
(C:\Users\Admin\AppData\Local\Programs\MiKTeX\tex/latex/amsmath\amstext.sty
Package: amstext 2024/11/17 v2.01 AMS text

(C:\Users\Admin\AppData\Local\Programs\MiKTeX\tex/latex/amsmath\amsgen.sty
File: amsgen.sty 1999/11/30 v2.0 generic functions
\@emptytoks=\toks19
\ex@=\dimen158
))
(C:\Users\Admin\AppData\Local\Programs\MiKTeX\tex/latex/amsmath\amsbsy.sty
Package: amsbsy 1999/11/29 v1.2d Bold Symbols
\pmbraise@=\dimen159
)
(C:\Users\Admin\AppData\Local\Programs\MiKTeX\tex/latex/amsmath\amsopn.sty
Package: amsopn 2022/04/08 v2.04 operator names
)
\inf@bad=\count282
LaTeX Info: Redefining \frac on input line 233.
\uproot@=\count283
\leftroot@=\count284
LaTeX Info: Redefining \overline on input line 398.
LaTeX Info: Redefining \colon on input line 409.
\classnum@=\count285
\DOTSCASE@=\count286
LaTeX Info: Redefining \ldots on input line 495.
LaTeX Info: Redefining \dots on input line 498.
LaTeX Info: Redefining \cdots on input line 619.
\Mathstrutbox@=\box53
\strutbox@=\box54
LaTeX Info: Redefining \big on input line 721.
LaTeX Info: Redefining \Big on input line 722.
LaTeX Info: Redefining \bigg on input line 723.
LaTeX Info: Redefining \Bigg on input line 724.
\big@size=\dimen160
LaTeX Font Info:    Redeclaring font encoding OML on input line 742.
LaTeX Font Info:    Redeclaring font encoding OMS on input line 743.
\macc@depth=\count287
LaTeX Info: Redefining \bmod on input line 904.
LaTeX Info: Redefining \pmod on input line 909.
LaTeX Info: Redefining \smash on input line 939.
LaTeX Info: Redefining \relbar on input line 969.
LaTeX Info: Redefining \Relbar on input line 970.
\c@MaxMatrixCols=\count288
\dotsspace@=\muskip17
\c@parentequation=\count289
\dspbrk@lvl=\count290
\tag@help=\toks20
\row@=\count291
\column@=\count292
\maxfields@=\count293
\andhelp@=\toks21
\eqnshift@=\dimen161
\alignsep@=\dimen162
\tagshift@=\dimen163
\tagwidth@=\dimen164
\totwidth@=\dimen165
\lineht@=\dimen166
\@envbody=\toks22
\multlinegap=\skip52
\multlinetaggap=\skip53
\mathdisplay@stack=\toks23
LaTeX Info: Redefining \[ on input line 2950.
LaTeX Info: Redefining \] on input line 2951.
)
(C:\Users\Admin\AppData\Local\Programs\MiKTeX\tex/latex/amsfonts\amssymb.sty
Package: amssymb 2013/01/14 v3.01 AMS font symbols

(C:\Users\Admin\AppData\Local\Programs\MiKTeX\tex/latex/amsfonts\amsfonts.sty
Package: amsfonts 2013/01/14 v3.01 Basic AMSFonts support
\symAMSa=\mathgroup4
\symAMSb=\mathgroup5
LaTeX Font Info:    Redeclaring math symbol \hbar on input line 98.
LaTeX Font Info:    Overwriting math alphabet `\mathfrak' in version `bold'
(Font)                  U/euf/m/n --> U/euf/b/n on input line 106.
)) (C:\Users\Admin\AppData\Local\Programs\MiKTeX\tex/latex/fontspec\fontspec.st
y
(C:\Users\Admin\AppData\Local\Programs\MiKTeX\tex/latex/l3packages/xparse\xpars
e.sty
(C:\Users\Admin\AppData\Local\Programs\MiKTeX\tex/latex/l3kernel\expl3.sty
Package: expl3 2026-01-19 L3 programming layer (loader) 

(C:\Users\Admin\AppData\Local\Programs\MiKTeX\tex/latex/l3backend\l3backend-xet
ex.def
File: l3backend-xetex.def 2025-10-09 L3 backend support: XeTeX
\g__graphics_track_int=\count294
\g__pdfannot_backend_int=\count295
\g__pdfannot_backend_link_int=\count296
))
Package: xparse 2025-10-09 L3 Experimental document command parser
)
Package: fontspec 2025/09/29 v2.9g Font selection for XeLaTeX and LuaLaTeX

(C:\Users\Admin\AppData\Local\Programs\MiKTeX\tex/latex/fontspec\fontspec-xetex
.sty
Package: fontspec-xetex 2025/09/29 v2.9g Font selection for XeLaTeX and LuaLaTe
X
\l__fontspec_script_int=\count297
\l__fontspec_language_int=\count298
\l__fontspec_strnum_int=\count299
\l__fontspec_tmp_int=\count300
\l__fontspec_tmpa_int=\count301
\l__fontspec_tmpb_int=\count302
\l__fontspec_tmpc_int=\count303
\l__fontspec_em_int=\count304
\l__fontspec_emdef_int=\count305
\l__fontspec_strong_int=\count306
\l__fontspec_strongdef_int=\count307
\l__fontspec_tmpa_dim=\dimen167
\l__fontspec_tmpb_dim=\dimen168
\l__fontspec_tmpc_dim=\dimen169
 (C:\Users\Admin\AppData\Local\Programs\MiKTeX\tex/latex/base\fontenc.sty
Package: fontenc 2025/07/18 v2.1d Standard LaTeX package
)
(C:\Users\Admin\AppData\Local\Programs\MiKTeX\tex/latex/fontspec\fontspec.cfg))
)

Package fontspec Info: 
(fontspec)             Font family 'TimesNewRoman(0)' created for font 'Times
(fontspec)             New Roman' with options [Ligatures=TeX].
(fontspec)              
(fontspec)              This font family consists of the following NFSS
(fontspec)             series/shapes:
(fontspec)              
(fontspec)             - 'normal' (m/n) with NFSS spec.: <->"Times New
(fontspec)             Roman/OT:script=latn;language=dflt;mapping=tex-text;"
(fontspec)             - 'small caps'  (m/sc) with NFSS spec.: <->"Times New
(fontspec)             Roman/OT:script=latn;language=dflt;+smcp;mapping=tex-tex
t;"
(fontspec)             - 'bold' (b/n) with NFSS spec.: <->"Times New
(fontspec)             Roman/B/OT:script=latn;language=dflt;mapping=tex-text;"
(fontspec)             - 'bold small caps'  (b/sc) with NFSS spec.: <->"Times
(fontspec)             New
(fontspec)             Roman/B/OT:script=latn;language=dflt;+smcp;mapping=tex-t
ext;"
(fontspec)             - 'italic' (m/it) with NFSS spec.: <->"Times New
(fontspec)             Roman/I/OT:script=latn;language=dflt;mapping=tex-text;"
(fontspec)             - 'italic small caps'  (m/scit) with NFSS spec.:
(fontspec)             <->"Times New
(fontspec)             Roman/I/OT:script=latn;language=dflt;+smcp;mapping=tex-t
ext;"
(fontspec)             - 'bold italic' (b/it) with NFSS spec.: <->"Times New
(fontspec)             Roman/BI/OT:script=latn;language=dflt;mapping=tex-text;"

(fontspec)             - 'bold italic small caps'  (b/scit) with NFSS spec.:
(fontspec)             <->"Times New
(fontspec)             Roman/BI/OT:script=latn;language=dflt;+smcp;mapping=tex-
text;"

 (C:\Users\Admin\AppData\Local\Programs\MiKTeX\tex/latex/upquote\upquote.sty
Package: upquote 2012/04/19 v1.3 upright-quote and grave-accent glyphs in verba
tim

(C:\Users\Admin\AppData\Local\Programs\MiKTeX\tex/latex/base\textcomp.sty
Package: textcomp 2024/04/24 v2.1b Standard LaTeX package
))
(C:\Users\Admin\AppData\Local\Programs\MiKTeX\tex/latex/microtype\microtype.sty
Package: microtype 2026/03/01 v3.2d Micro-typographical refinements (RS)
(C:\Users\Admin\AppData\Local\Programs\MiKTeX\tex/latex/etoolbox\etoolbox.sty
Package: etoolbox 2025/10/02 v2.5m e-TeX tools for LaTeX (JAW)
\etb@tempcnta=\count308
)
\MT@toks=\toks24
\MT@tempbox=\box55
\MT@count=\count309
LaTeX Info: Redefining \noprotrusionifhmode on input line 1084.
LaTeX Info: Redefining \leftprotrusion on input line 1085.
\MT@prot@toks=\toks25
LaTeX Info: Redefining \rightprotrusion on input line 1104.
LaTeX Info: Redefining \textls on input line 1449.
\MT@outer@kern=\dimen170
LaTeX Info: Redefining \microtypecontext on input line 2053.
LaTeX Info: Redefining \textmicrotypecontext on input line 2070.
\MT@listname@count=\count310

(C:\Users\Admin\AppData\Local\Programs\MiKTeX\tex/latex/microtype\microtype-xet
ex.def
File: microtype-xetex.def 2026/03/01 v3.2d Definitions specific to xetex (RS)
LaTeX Info: Redefining \lsstyle on input line 443.
LaTeX Info: Redefining \lslig on input line 451.
\MT@outer@space=\skip54
)
Package microtype Info: Loading configuration file microtype.cfg.

(C:\Users\Admin\AppData\Local\Programs\MiKTeX\tex/latex/microtype\microtype.cfg
File: microtype.cfg 2026/03/01 v3.2d microtype main configuration file (RS)
)
LaTeX Info: Redefining \microtypesetup on input line 3065.
) (C:\Users\Admin\AppData\Local\Programs\MiKTeX\tex/latex/parskip\parskip.sty
Package: parskip 2021-03-14 v2.0h non-zero parskip adjustments

(C:\Users\Admin\AppData\Local\Programs\MiKTeX\tex/latex/kvoptions\kvoptions.sty
Package: kvoptions 2022-06-15 v3.15 Key value format for package options (HO)
(C:\Users\Admin\AppData\Local\Programs\MiKTeX\tex/generic/ltxcmds\ltxcmds.sty
Package: ltxcmds 2023-12-04 v1.26 LaTeX kernel commands for general use (HO)
)
(C:\Users\Admin\AppData\Local\Programs\MiKTeX\tex/latex/kvsetkeys\kvsetkeys.sty
Package: kvsetkeys 2022-10-05 v1.19 Key value parser (HO)
)))
(C:\Users\Admin\AppData\Local\Programs\MiKTeX\tex/latex/fancyvrb\fancyvrb.sty
Package: fancyvrb 2025/07/28 4.6 verbatim text (tvz,hv)
\FV@CodeLineNo=\count311
\FV@InFile=\read2
\FV@TabBox=\box56
\c@FancyVerbLine=\count312
\FV@StepNumber=\count313
\FV@OutFile=\write3
)
(C:\Users\Admin\AppData\Local\Programs\MiKTeX\tex/latex/tools\longtable.sty
Package: longtable 2025-10-13 v4.24 Multi-page Table package (DPC)
\LTleft=\skip55
\LTright=\skip56
\LTpre=\skip57
\LTpost=\skip58
\LTchunksize=\count314
\LTcapwidth=\dimen171
\LT@head=\box57
\LT@firsthead=\box58
\LT@foot=\box59
\LT@lastfoot=\box60
\LT@gbox=\box61
\LT@cols=\count315
\LT@rows=\count316
\c@LT@tables=\count317
\c@LT@chunks=\count318
\LT@p@ftn=\toks26
)
(C:\Users\Admin\AppData\Local\Programs\MiKTeX\tex/latex/booktabs\booktabs.sty
Package: booktabs 2020/01/12 v1.61803398 Publication quality tables
\heavyrulewidth=\dimen172
\lightrulewidth=\dimen173
\cmidrulewidth=\dimen174
\belowrulesep=\dimen175
\belowbottomsep=\dimen176
\aboverulesep=\dimen177
\abovetopsep=\dimen178
\cmidrulesep=\dimen179
\cmidrulekern=\dimen180
\defaultaddspace=\dimen181
\@cmidla=\count319
\@cmidlb=\count320
\@aboverulesep=\dimen182
\@belowrulesep=\dimen183
\@thisruleclass=\count321
\@lastruleclass=\count322
\@thisrulewidth=\dimen184
)
(C:\Users\Admin\AppData\Local\Programs\MiKTeX\tex/latex/tools\array.sty
Package: array 2025/09/25 v2.6n Tabular extension package (FMi)
\col@sep=\dimen185
\ar@mcellbox=\box62
\extrarowheight=\dimen186
\NC@list=\toks27
\extratabsurround=\skip59
\backup@length=\skip60
\ar@cellbox=\box63
)
\c@none=\count323

(C:\Users\Admin\AppData\Local\Programs\MiKTeX\tex/latex/tools\calc.sty
Package: calc 2025/03/01 v4.3b Infix arithmetic (KKT,FJ)
\calc@Acount=\count324
\calc@Bcount=\count325
\calc@Adimen=\dimen187
\calc@Bdimen=\dimen188
\calc@Askip=\skip61
\calc@Bskip=\skip62
LaTeX Info: Redefining \setlength on input line 86.
LaTeX Info: Redefining \addtolength on input line 87.
\calc@Ccount=\count326
\calc@Cskip=\skip63
)
(C:\Users\Admin\AppData\Local\Programs\MiKTeX\tex/latex/footnotehyper\footnoteh
yper.sty
Package: footnotehyper 2025/11/15 v1.1f hyperref aware footnote.sty (JFB)
\FNH@notes=\box64
\FNH@width=\dimen189
\FNH@toks=\toks28
)
(C:\Users\Admin\AppData\Local\Programs\MiKTeX\tex/latex/graphics\graphicx.sty
Package: graphicx 2024/12/31 v1.2e Enhanced LaTeX Graphics (DPC,SPQR)

(C:\Users\Admin\AppData\Local\Programs\MiKTeX\tex/latex/graphics\graphics.sty
Package: graphics 2024/08/06 v1.4g Standard LaTeX Graphics (DPC,SPQR)

(C:\Users\Admin\AppData\Local\Programs\MiKTeX\tex/latex/graphics\trig.sty
Package: trig 2023/12/02 v1.11 sin cos tan (DPC)
)
(C:\Users\Admin\AppData\Local\Programs\MiKTeX\tex/latex/graphics-cfg\graphics.c
fg
File: graphics.cfg 2016/06/04 v1.11 sample graphics configuration
)
Package graphics Info: Driver file: xetex.def on input line 106.
)
\Gin@req@height=\dimen190
\Gin@req@width=\dimen191
)
\pandoc@box=\box65

(C:\Users\Admin\AppData\Local\Programs\MiKTeX\tex/latex/xstring\xstring.sty
(C:\Users\Admin\AppData\Local\Programs\MiKTeX\tex/generic/xstring\xstring.tex
\xs_counta=\count327
\xs_countb=\count328
)
Package: xstring 2023/08/22 v1.86 String manipulations (CT)
) (C:\Users\Admin\AppData\Local\Programs\MiKTeX\tex/latex/setspace\setspace.sty
Package: setspace 2022/12/04 v6.7b set line spacing
) (C:\Users\Admin\AppData\Local\Programs\MiKTeX\tex/latex/titlesec\titlesec.sty
Package: titlesec 2025/01/04 v2.17 Sectioning titles
\ttl@box=\box66
\beforetitleunit=\skip64
\aftertitleunit=\skip65
\ttl@plus=\dimen192
\ttl@minus=\dimen193
\ttl@toksa=\toks29
\titlewidth=\dimen194
\titlewidthlast=\dimen195
\titlewidthfirst=\dimen196
)
\c@ieeeref=\count329
(C:\Users\Admin\AppData\Local\Programs\MiKTeX\tex/latex/bookmark\bookmark.sty
Package: bookmark 2023-12-10 v1.31 PDF bookmarks (HO)

(C:\Users\Admin\AppData\Local\Programs\MiKTeX\tex/latex/hyperref\hyperref.sty
Package: hyperref 2026-01-29 v7.01p Hypertext links for LaTeX

(C:\Users\Admin\AppData\Local\Programs\MiKTeX\tex/generic/kvdefinekeys\kvdefine
keys.sty
Package: kvdefinekeys 2019-12-19 v1.6 Define keys (HO)
)
(C:\Users\Admin\AppData\Local\Programs\MiKTeX\tex/generic/pdfescape\pdfescape.s
ty
Package: pdfescape 2019/12/09 v1.15 Implements pdfTeX's escape features (HO)

(C:\Users\Admin\AppData\Local\Programs\MiKTeX\tex/generic/pdftexcmds\pdftexcmds
.sty
Package: pdftexcmds 2020-06-27 v0.33 Utility functions of pdfTeX for LuaTeX (HO
)

(C:\Users\Admin\AppData\Local\Programs\MiKTeX\tex/generic/infwarerr\infwarerr.s
ty
Package: infwarerr 2019/12/03 v1.5 Providing info/warning/error messages (HO)
)
Package pdftexcmds Info: \pdf@primitive is available.
Package pdftexcmds Info: \pdf@ifprimitive is available.
Package pdftexcmds Info: \pdfdraftmode not found.
))
(C:\Users\Admin\AppData\Local\Programs\MiKTeX\tex/latex/hycolor\hycolor.sty
Package: hycolor 2020-01-27 v1.10 Color options for hyperref/bookmark (HO)
)
(C:\Users\Admin\AppData\Local\Programs\MiKTeX\tex/latex/hyperref\nameref.sty
Package: nameref 2026-01-29 v2.58 Cross-referencing by name of section

(C:\Users\Admin\AppData\Local\Programs\MiKTeX\tex/latex/refcount\refcount.sty
Package: refcount 2019/12/15 v3.6 Data extraction from label references (HO)
)
(C:\Users\Admin\AppData\Local\Programs\MiKTeX\tex/generic/gettitlestring\gettit
lestring.sty
Package: gettitlestring 2019/12/15 v1.6 Cleanup title references (HO)
)
\c@section@level=\count330
)
(C:\Users\Admin\AppData\Local\Programs\MiKTeX\tex/generic/stringenc\stringenc.s
ty
Package: stringenc 2019/11/29 v1.12 Convert strings between diff. encodings (HO
)
)
\@linkdim=\dimen197
\Hy@linkcounter=\count331
\Hy@pagecounter=\count332
 (C:\Users\Admin\AppData\Local\Programs\MiKTeX\tex/latex/hyperref\pd1enc.def
File: pd1enc.def 2026-01-29 v7.01p Hyperref: PDFDocEncoding definition (HO)
) (C:\Users\Admin\AppData\Local\Programs\MiKTeX\tex/generic/intcalc\intcalc.sty
Package: intcalc 2019/12/15 v1.3 Expandable calculations with integers (HO)
)
\Hy@SavedSpaceFactor=\count333
 (C:\Users\Admin\AppData\Local\Programs\MiKTeX\tex/latex/hyperref\puenc.def
File: puenc.def 2026-01-29 v7.01p Hyperref: PDF Unicode definition (HO)
)
Package hyperref Info: Option `unicode' set `true' on input line 4072.
Package hyperref Info: Hyper figures OFF on input line 4201.
Package hyperref Info: Link nesting OFF on input line 4206.
Package hyperref Info: Hyper index ON on input line 4209.
Package hyperref Info: Plain pages OFF on input line 4216.
Package hyperref Info: Backreferencing OFF on input line 4221.
Package hyperref Info: Implicit mode ON; LaTeX internals redefined.
Package hyperref Info: Bookmarks ON on input line 4468.
\c@Hy@tempcnt=\count334

(C:\Users\Admin\AppData\Local\Programs\MiKTeX\tex/latex/url\url.sty
\Urlmuskip=\muskip18
Package: url 2013/09/16  ver 3.4  Verb mode for urls, etc.
)
LaTeX Info: Redefining \url on input line 4807.
\XeTeXLinkMargin=\dimen198

(C:\Users\Admin\AppData\Local\Programs\MiKTeX\tex/generic/bitset\bitset.sty
Package: bitset 2019/12/09 v1.3 Handle bit-vector datatype (HO)

(C:\Users\Admin\AppData\Local\Programs\MiKTeX\tex/generic/bigintcalc\bigintcalc
.sty
Package: bigintcalc 2019/12/15 v1.5 Expandable calculations on big integers (HO
)
))
\Fld@menulength=\count335
\Field@Width=\dimen199
\Fld@charsize=\dimen256
Package hyperref Info: Hyper figures OFF on input line 6084.
Package hyperref Info: Link nesting OFF on input line 6089.
Package hyperref Info: Hyper index ON on input line 6092.
Package hyperref Info: backreferencing OFF on input line 6099.
Package hyperref Info: Link coloring OFF on input line 6104.
Package hyperref Info: Link coloring with OCG OFF on input line 6109.
Package hyperref Info: PDF/A mode OFF on input line 6114.
\Hy@abspage=\count336
\c@Item=\count337
\c@Hfootnote=\count338
)
Package hyperref Info: Driver (autodetected): hxetex.

(C:\Users\Admin\AppData\Local\Programs\MiKTeX\tex/latex/hyperref\hxetex.def
File: hxetex.def 2026-01-29 v7.01p Hyperref driver for XeTeX
\pdfm@box=\box67
\c@Hy@AnnotLevel=\count339
\HyField@AnnotCount=\count340
\Fld@listcount=\count341
\c@bookmark@seq@number=\count342

(C:\Users\Admin\AppData\Local\Programs\MiKTeX\tex/latex/rerunfilecheck\rerunfil
echeck.sty
Package: rerunfilecheck 2025-06-21 v1.11 Rerun checks for auxiliary files (HO)

(C:\Users\Admin\AppData\Local\Programs\MiKTeX\tex/generic/uniquecounter\uniquec
ounter.sty
Package: uniquecounter 2019/12/15 v1.4 Provide unlimited unique counter (HO)
)
Package uniquecounter Info: New unique counter `rerunfilecheck' on input line 2
84.
)
\Hy@SectionHShift=\skip66
)
(C:\Users\Admin\AppData\Local\Programs\MiKTeX\tex/latex/bookmark\bkm-dvipdfm.de
f
File: bkm-dvipdfm.def 2023-12-10 v1.31 bookmark driver for dvipdfm (HO)
\BKM@id=\count343
)) (C:\Users\Admin\AppData\Local\Programs\MiKTeX\tex/latex/xurl\xurl.sty
Package: xurl 2022/01/09 v 0.10 modify URL breaks
)

LaTeX Warning: Unused global option(s):
    [13pt].

(thesis-build.aux)
\openout1 = `thesis-build.aux'.

LaTeX Font Info:    Checking defaults for OML/cmm/m/it on input line 199.
LaTeX Font Info:    ... okay on input line 199.
LaTeX Font Info:    Checking defaults for OMS/cmsy/m/n on input line 199.
LaTeX Font Info:    ... okay on input line 199.
LaTeX Font Info:    Checking defaults for OT1/cmr/m/n on input line 199.
LaTeX Font Info:    ... okay on input line 199.
LaTeX Font Info:    Checking defaults for T1/cmr/m/n on input line 199.
LaTeX Font Info:    ... okay on input line 199.
LaTeX Font Info:    Checking defaults for TS1/cmr/m/n on input line 199.
LaTeX Font Info:    ... okay on input line 199.
LaTeX Font Info:    Checking defaults for TU/lmr/m/n on input line 199.
LaTeX Font Info:    ... okay on input line 199.
LaTeX Font Info:    Checking defaults for OMX/cmex/m/n on input line 199.
LaTeX Font Info:    ... okay on input line 199.
LaTeX Font Info:    Checking defaults for U/cmr/m/n on input line 199.
LaTeX Font Info:    ... okay on input line 199.
LaTeX Font Info:    Checking defaults for PD1/pdf/m/n on input line 199.
LaTeX Font Info:    ... okay on input line 199.
LaTeX Font Info:    Checking defaults for PU/pdf/m/n on input line 199.
LaTeX Font Info:    ... okay on input line 199.

*geometry* driver: auto-detecting
*geometry* detected driver: xetex
*geometry* verbose mode - [ preamble ] result:
* driver: xetex
* paper: a4paper
* layout: <same size as paper>
* layoutoffset:(h,v)=(0.0pt,0.0pt)
* modes: 
* h-part:(L,W,R)=(71.13188pt, 455.24411pt, 71.13188pt)
* v-part:(T,H,B)=(71.13188pt, 702.78308pt, 71.13188pt)
* \paperwidth=597.50787pt
* \paperheight=845.04684pt
* \textwidth=455.24411pt
* \textheight=702.78308pt
* \oddsidemargin=-1.1381pt
* \evensidemargin=-1.1381pt
* \topmargin=-50.9304pt
* \headheight=35.56593pt
* \headsep=14.22636pt
* \topskip=10.0pt
* \footskip=35.56593pt
* \marginparwidth=57.0pt
* \marginparsep=11.0pt
* \columnsep=10.0pt
* \skip\footins=9.0pt plus 4.0pt minus 2.0pt
* \hoffset=0.0pt
* \voffset=0.0pt
* \mag=1000
* \@twocolumnfalse
* \@twosidefalse
* \@mparswitchfalse
* \@reversemarginfalse
* (1in=72.27pt=25.4mm, 1cm=28.453pt)


Package fontspec Info: 
(fontspec)             Adjusting the maths setup (use [no-math] to avoid
(fontspec)             this).

\symlegacymaths=\mathgroup6
LaTeX Font Info:    Overwriting symbol font `legacymaths' in version `bold'
(Font)                  OT1/cmr/m/n --> OT1/cmr/bx/n on input line 199.
LaTeX Font Info:    Redeclaring math accent \acute on input line 199.
LaTeX Font Info:    Redeclaring math accent \grave on input line 199.
LaTeX Font Info:    Redeclaring math accent \ddot on input line 199.
LaTeX Font Info:    Redeclaring math accent \tilde on input line 199.
LaTeX Font Info:    Redeclaring math accent \bar on input line 199.
LaTeX Font Info:    Redeclaring math accent \breve on input line 199.
LaTeX Font Info:    Redeclaring math accent \check on input line 199.
LaTeX Font Info:    Redeclaring math accent \hat on input line 199.
LaTeX Font Info:    Redeclaring math accent \dot on input line 199.
LaTeX Font Info:    Redeclaring math accent \mathring on input line 199.
LaTeX Font Info:    Redeclaring math symbol \Gamma on input line 199.
LaTeX Font Info:    Redeclaring math symbol \Delta on input line 199.
LaTeX Font Info:    Redeclaring math symbol \Theta on input line 199.
LaTeX Font Info:    Redeclaring math symbol \Lambda on input line 199.
LaTeX Font Info:    Redeclaring math symbol \Xi on input line 199.
LaTeX Font Info:    Redeclaring math symbol \Pi on input line 199.
LaTeX Font Info:    Redeclaring math symbol \Sigma on input line 199.
LaTeX Font Info:    Redeclaring math symbol \Upsilon on input line 199.
LaTeX Font Info:    Redeclaring math symbol \Phi on input line 199.
LaTeX Font Info:    Redeclaring math symbol \Psi on input line 199.
LaTeX Font Info:    Redeclaring math symbol \Omega on input line 199.
LaTeX Font Info:    Redeclaring math symbol \mathdollar on input line 199.
LaTeX Font Info:    Redeclaring symbol font `operators' on input line 199.
LaTeX Font Info:    Encoding `OT1' has changed to `TU' for symbol font
(Font)              `operators' in the math version `normal' on input line 199.

LaTeX Font Info:    Overwriting symbol font `operators' in version `normal'
(Font)                  OT1/cmr/m/n --> TU/TimesNewRoman(0)/m/n on input line 1
99.
LaTeX Font Info:    Encoding `OT1' has changed to `TU' for symbol font
(Font)              `operators' in the math version `bold' on input line 199.
LaTeX Font Info:    Overwriting symbol font `operators' in version `bold'
(Font)                  OT1/cmr/bx/n --> TU/TimesNewRoman(0)/m/n on input line 
199.
LaTeX Font Info:    Overwriting symbol font `operators' in version `normal'
(Font)                  TU/TimesNewRoman(0)/m/n --> TU/TimesNewRoman(0)/m/n on 
input line 199.
LaTeX Font Info:    Overwriting math alphabet `\mathit' in version `normal'
(Font)                  OT1/cmr/m/it --> TU/TimesNewRoman(0)/m/it on input line
 199.
LaTeX Font Info:    Overwriting math alphabet `\mathbf' in version `normal'
(Font)                  OT1/cmr/bx/n --> TU/TimesNewRoman(0)/b/n on input line 
199.
LaTeX Font Info:    Overwriting math alphabet `\mathsf' in version `normal'
(Font)                  OT1/cmss/m/n --> TU/lmss/m/n on input line 199.
LaTeX Font Info:    Overwriting math alphabet `\mathtt' in version `normal'
(Font)                  OT1/cmtt/m/n --> TU/lmtt/m/n on input line 199.
LaTeX Font Info:    Overwriting symbol font `operators' in version `bold'
(Font)                  TU/TimesNewRoman(0)/m/n --> TU/TimesNewRoman(0)/b/n on 
input line 199.
LaTeX Font Info:    Overwriting math alphabet `\mathit' in version `bold'
(Font)                  OT1/cmr/bx/it --> TU/TimesNewRoman(0)/b/it on input lin
e 199.
LaTeX Font Info:    Overwriting math alphabet `\mathsf' in version `bold'
(Font)                  OT1/cmss/bx/n --> TU/lmss/b/n on input line 199.
LaTeX Font Info:    Overwriting math alphabet `\mathtt' in version `bold'
(Font)                  OT1/cmtt/m/n --> TU/lmtt/b/n on input line 199.
LaTeX Info: Redefining \microtypecontext on input line 199.
Package microtype Info: Applying patch `item' on input line 199.
Package microtype Info: Applying patch `toc' on input line 199.
Package microtype Info: Applying patch `eqnum' on input line 199.
Package microtype Info: Applying patch `footnote' on input line 199.
Package microtype Info: Applying patch `verbatim' on input line 199.
LaTeX Info: Redefining \microtypesetup on input line 199.
Package microtype Info: Character protrusion enabled (level 2).
Package microtype Info: Using protrusion set `basicmath'.
Package microtype Info: No adjustment of tracking.
Package microtype Info: No adjustment of spacing.
Package microtype Info: No adjustment of kerning.
Package microtype Info: Loading generic protrusion settings for font family
(microtype)             `TimesNewRoman' (encoding: TU).
(microtype)             For optimal results, create family-specific settings.
(microtype)             See the microtype manual for details.
Package hyperref Info: Link coloring OFF on input line 199.
[1

]
LaTeX Font Info:    Trying to load font information for U+msa on input line 233
.
 (C:\Users\Admin\AppData\Local\Programs\MiKTeX\tex/latex/amsfonts\umsa.fd
File: umsa.fd 2013/01/14 v3.01 AMS symbols A
)
(C:\Users\Admin\AppData\Local\Programs\MiKTeX\tex/latex/microtype\mt-msa.cfg
File: mt-msa.cfg 2006/02/04 v1.1 microtype config. file: AMS symbols (a) (RS)
)
LaTeX Font Info:    Trying to load font information for U+msb on input line 233
.

(C:\Users\Admin\AppData\Local\Programs\MiKTeX\tex/latex/amsfonts\umsb.fd
File: umsb.fd 2013/01/14 v3.01 AMS symbols B
)
(C:\Users\Admin\AppData\Local\Programs\MiKTeX\tex/latex/microtype\mt-msb.cfg
File: mt-msb.cfg 2005/06/01 v1.0 microtype config. file: AMS symbols (b) (RS)
)
(C:\Users\Admin\AppData\Local\Programs\MiKTeX\tex/latex/microtype\mt-cmr.cfg
File: mt-cmr.cfg 2013/05/19 v2.2 microtype config. file: Computer Modern Roman 
(RS)
)
[2

] [3

]
Underfull \hbox (badness 10000) in alignment at lines 284--287
[] []
 []


Underfull \hbox (badness 10000) in alignment at lines 287--289
[] []
 []


Underfull \hbox (badness 10000) in alignment at lines 289--296
[] []
 []


Underfull \hbox (badness 10000) in alignment at lines 334--337
[] []
 []


Underfull \hbox (badness 10000) in alignment at lines 337--339
[] []
 []


Underfull \hbox (badness 10000) in alignment at lines 339--343
[] []
 []

[4


]
Underfull \hbox (badness 10000) in alignment at lines 351--354
[] []
 []


Underfull \hbox (badness 10000) in alignment at lines 354--356
[] []
 []


Underfull \hbox (badness 10000) in alignment at lines 356--363
[] []
 []


Underfull \hbox (badness 10000) in alignment at lines 411--414
[] []
 []


Underfull \hbox (badness 10000) in alignment at lines 414--416
[] []
 []


Underfull \hbox (badness 10000) in alignment at lines 416--420
[] []
 []

[5

] [6

]
Underfull \hbox (badness 3612) in paragraph at lines 478--478
[]|\TU/TimesNewRoman(0)/b/n/10 Nội dung đã chỉnh
 []


Underfull \hbox (badness 10000) in alignment at lines 477--480
[] [] [] []
 []


Underfull \hbox (badness 10000) in alignment at lines 480--482
[] [] [] []
 []


Underfull \hbox (badness 10000) in alignment at lines 482--486
[] [] [] []
 []

[7

] [1


] [2

] [3] [4

]
Underfull \hbox (badness 10000) in alignment at lines 652--655
[] [] []
 []


Underfull \hbox (badness 10000) in alignment at lines 655--657
[] [] []
 []


Underfull \hbox (badness 10000) in alignment at lines 657--728
[] [] []
 []


ignored: Infinite glue shrinkage found in box being split [5

] [6]
Underfull \hbox (badness 10000) in alignment at lines 736--739
[] [] []
 []


Underfull \hbox (badness 10000) in alignment at lines 739--741
[] [] []
 []


Underfull \hbox (badness 10000) in alignment at lines 741--753
[] [] []
 []

[7

]
Underfull \hbox (badness 10000) in alignment at lines 761--764
[] [] []
 []


Underfull \hbox (badness 10000) in alignment at lines 764--766
[] [] []
 []


Underfull \hbox (badness 10000) in alignment at lines 766--893
[] [] []
 []


ignored: Infinite glue shrinkage found in box being split [8

]
ignored: Infinite glue shrinkage found in box being split [9] [10]
Underfull \hbox (badness 10000) in alignment at lines 901--904
[] [] []
 []


Underfull \hbox (badness 10000) in alignment at lines 904--906
[] [] []
 []


Underfull \hbox (badness 10000) in alignment at lines 906--955
[] [] []
 []

[11

]
File: ./assets/figures/01-chuong-1-gioi-thieu-hinh-1-1.png Graphic file (type b
mp)
<./assets/figures/01-chuong-1-gioi-thieu-hinh-1-1.png>
 [1


] [2]
Underfull \hbox (badness 10000) in alignment at lines 1177--1180
[] [] []
 []


Underfull \hbox (badness 10000) in alignment at lines 1180--1182
[] [] []
 []


Underfull \hbox (badness 10000) in paragraph at lines 1183--1184
[]|\TU/TimesNewRoman(0)/m/n/10 ESP32-S3, SIMCom
 []


Underfull \hbox (badness 10000) in paragraph at lines 1185--1185
[]|\TU/TimesNewRoman(0)/m/n/10 ESP-IDF, FreeRTOS, MQTT
 []


Underfull \hbox (badness 10000) in paragraph at lines 1187--1187
[]|\TU/TimesNewRoman(0)/m/n/10 Express.js, TypeScript, Post-
 []


Underfull \hbox (badness 10000) in alignment at lines 1182--1193
[] [] []
 []


Underfull \hbox (badness 10000) in alignment at lines 1210--1213
[] [] []
 []


Underfull \hbox (badness 10000) in alignment at lines 1213--1215
[] [] []
 []


Underfull \hbox (badness 10000) in paragraph at lines 1219--1219
[]|\TU/TimesNewRoman(0)/m/n/10 Thời lượng pin dự phòng
 []


Underfull \hbox (badness 10000) in alignment at lines 1215--1225
[] [] []
 []

[3]
Underfull \hbox (badness 10000) in alignment at lines 1236--1239
[] [] []
 []


Underfull \hbox (badness 10000) in alignment at lines 1239--1241
[] [] []
 []


Underfull \hbox (badness 7796) in paragraph at lines 1248--1248
[]|\TU/TimesNewRoman(0)/m/n/10 Phát hiện chuyển động bất
 []


Underfull \hbox (badness 10000) in alignment at lines 1241--1249
[] [] []
 []


Underfull \hbox (badness 10000) in alignment at lines 1258--1261
[] [] []
 []


Underfull \hbox (badness 10000) in alignment at lines 1261--1263
[] [] []
 []


Underfull \hbox (badness 2961) in paragraph at lines 1269--1270
[]|\TU/TimesNewRoman(0)/m/n/10 Session-based, SHA-256 hashed to-
 []


Underfull \hbox (badness 10000) in alignment at lines 1263--1270
[] [] []
 []


Underfull \hbox (badness 10000) in alignment at lines 1279--1282
[] [] []
 []


Underfull \hbox (badness 10000) in alignment at lines 1282--1284
[] [] []
 []


Underfull \hbox (badness 10000) in alignment at lines 1284--1289
[] [] []
 []

[4]
File: ./assets/figures/01-chuong-1-gioi-thieu-hinh-1-2.png Graphic file (type b
mp)
<./assets/figures/01-chuong-1-gioi-thieu-hinh-1-2.png>
 [5]
File: ./assets/figures/01-chuong-1-gioi-thieu-hinh-1-3.png Graphic file (type b
mp)
<./assets/figures/01-chuong-1-gioi-thieu-hinh-1-3.png>
 [6]
File: ./assets/figures/01-chuong-1-gioi-thieu-hinh-1-4.png Graphic file (type b
mp)
<./assets/figures/01-chuong-1-gioi-thieu-hinh-1-4.png>

Underfull \hbox (badness 10000) in alignment at lines 1439--1442
[] [] [] []
 []


Underfull \hbox (badness 10000) in alignment at lines 1442--1444
[] [] [] []
 []


Underfull \hbox (badness 10000) in paragraph at lines 1446--1446
[]|\TU/TimesNewRoman(0)/m/n/10 SIMCom
 []


Underfull \hbox (badness 10000) in paragraph at lines 1446--1446
\TU/TimesNewRoman(0)/m/n/10 SIM7600CE-
 []


Underfull \hbox (badness 2717) in paragraph at lines 1449--1449
[]|\TU/TimesNewRoman(0)/m/n/10 Phát hiện chuyển động và
 []


Underfull \hbox (badness 10000) in paragraph at lines 1464--1464
[]|\TU/TimesNewRoman(0)/m/n/10 Grafana +
 []


Underfull \hbox (badness 10000) in paragraph at lines 1464--1464
\TU/TimesNewRoman(0)/m/n/10 VictoriaMet-
 []


Underfull \hbox (badness 10000) in alignment at lines 1444--1466
[] [] [] []
 []


ignored: Infinite glue shrinkage found in box being split [7] [8]
File: ./assets/figures/01-chuong-1-gioi-thieu-hinh-1-5.png Graphic file (type b
mp)
<./assets/figures/01-chuong-1-gioi-thieu-hinh-1-5.png>
 [9] [10] [11

]
Underfull \hbox (badness 10000) in paragraph at lines 1745--1745
[]|\TU/TimesNewRoman(0)/b/n/10 Giám sát
 []


Underfull \hbox (badness 10000) in paragraph at lines 1746--1746
[]|\TU/TimesNewRoman(0)/b/n/10 Fleet Management
 []


Underfull \hbox (badness 10000) in alignment at lines 1744--1748
[] [] [] [] []
 []


Underfull \hbox (badness 10000) in alignment at lines 1748--1750
[] [] [] [] []
 []


Underfull \hbox (badness 10000) in paragraph at lines 1751--1752
[]|\TU/TimesNewRoman(0)/m/n/10 1.000.000–5.000.000
 []


Underfull \hbox (badness 10000) in paragraph at lines 1752--1753
[]|\TU/TimesNewRoman(0)/m/n/10 870.000–1.630.000
 []


Underfull \hbox (badness 4765) in paragraph at lines 1753--1753
[]|\TU/TimesNewRoman(0)/m/n/10 Phí dịch vụ
 []


Underfull \hbox (badness 10000) in paragraph at lines 1753--1754
[]|\TU/TimesNewRoman(0)/m/n/10 200.000–500.000
 []


Underfull \hbox (badness 10000) in paragraph at lines 1754--1755
[]|\TU/TimesNewRoman(0)/m/n/10 Chi phí 4G SIM
 []


Underfull \hbox (badness 5345) in paragraph at lines 1755--1755
[]|\TU/TimesNewRoman(0)/m/n/10 Thấp (báo
 []


Underfull \hbox (badness 10000) in paragraph at lines 1755--1755
\TU/TimesNewRoman(0)/m/n/10 cáo thủ
 []


Underfull \hbox (badness 10000) in paragraph at lines 1756--1757
[]|\TU/TimesNewRoman(0)/m/n/10 Cao (GNSS đa hệ
 []


Underfull \hbox (badness 10000) in paragraph at lines 1759--1759
\TU/TimesNewRoman(0)/m/n/10 thường khi
 []


Underfull \hbox (badness 10000) in paragraph at lines 1761--1761
[]|\TU/TimesNewRoman(0)/m/n/10 Không áp
 []


Underfull \hbox (badness 10000) in paragraph at lines 1763--1763
[]|\TU/TimesNewRoman(0)/m/n/10 Không áp
 []


Underfull \hbox (badness 1817) in paragraph at lines 1765--1765
[]|\TU/TimesNewRoman(0)/m/n/10 Tích hợp hệ
 []


Underfull \hbox (badness 10000) in alignment at lines 1750--1767
[] [] [] [] []
 []

[12]
Underfull \hbox (badness 10000) in alignment at lines 1786--1789
[] [] [] []
 []


Underfull \hbox (badness 10000) in alignment at lines 1789--1791
[] [] [] []
 []


Underfull \hbox (badness 10000) in paragraph at lines 1796--1798
[]|\TU/TimesNewRoman(0)/m/n/10 2 mức (Confirmable/Non-
 []


Underfull \hbox (badness 10000) in paragraph at lines 1799--1799
[]|\TU/TimesNewRoman(0)/m/n/10 Không (cần
 []


Underfull \hbox (badness 10000) in alignment at lines 1791--1804
[] [] [] []
 []


Underfull \hbox (badness 10000) in alignment at lines 1835--1838
[] [] [] []
 []


Underfull \hbox (badness 10000) in alignment at lines 1838--1840
[] [] [] []
 []


Underfull \hbox (badness 1137) in paragraph at lines 1841--1841
[]|\TU/TimesNewRoman(0)/m/n/10 ARM Cortex-M4, 80
 []


Underfull \hbox (badness 10000) in paragraph at lines 1844--1844
[]|\TU/TimesNewRoman(0)/m/n/10 BLE 5.0 (tích
 []


Underfull \hbox (badness 10000) in paragraph at lines 1844--1844
[]|\TU/TimesNewRoman(0)/m/n/10 Không (cần module
 []


Underfull \hbox (badness 10000) in paragraph at lines 1850--1850
[]|\TU/TimesNewRoman(0)/m/n/10 Arduino / ESP-
 []


Underfull \hbox (badness 10000) in paragraph at lines 1850--1850
[]|\TU/TimesNewRoman(0)/m/n/10 STM32CubeIDE /
 []


Underfull \hbox (badness 10000) in alignment at lines 1840--1854
[] [] [] []
 []


ignored: Infinite glue shrinkage found in box being split [13]
Underfull \hbox (badness 10000) in paragraph at lines 1888--1888
[]|\TU/TimesNewRoman(0)/b/n/10 PostgreSQL +
 []


Underfull \hbox (badness 10000) in paragraph at lines 1888--1888
[]|\TU/TimesNewRoman(0)/b/n/10 MongoDB + In-
 []


Underfull \hbox (badness 10000) in alignment at lines 1887--1890
[] [] [] []
 []


Underfull \hbox (badness 10000) in alignment at lines 1890--1892
[] [] [] []
 []


Underfull \hbox (badness 10000) in paragraph at lines 1893--1893
[]|\TU/TimesNewRoman(0)/m/n/10 Rất tốt (Post-
 []


Underfull \hbox (badness 10000) in paragraph at lines 1893--1894
[]|\TU/TimesNewRoman(0)/m/n/10 Trung bình (Mon-
 []


Underfull \hbox (badness 1552) in paragraph at lines 1895--1895
[]|\TU/TimesNewRoman(0)/m/n/10 Rất tốt (Victoria-
 []


Underfull \hbox (badness 6526) in paragraph at lines 1897--1897
[]|\TU/TimesNewRoman(0)/m/n/10 Cao (VM: hàng
 []


Underfull \hbox (badness 1424) in paragraph at lines 1897--1898
[]|\TU/TimesNewRoman(0)/m/n/10 Cao (InfluxDB: hàng
 []


Underfull \hbox (badness 10000) in paragraph at lines 1899--1901
[]|\TU/TimesNewRoman(0)/m/n/10 Tốt (PostgreSQL compres-
 []


Underfull \hbox (badness 6526) in paragraph at lines 1901--1901
[]|\TU/TimesNewRoman(0)/m/n/10 Thấp (VM: 1–2
 []


Underfull \hbox (badness 10000) in paragraph at lines 1903--1904
[]|\TU/TimesNewRoman(0)/m/n/10 MongoDB Query +
 []


Underfull \hbox (badness 5637) in paragraph at lines 1906--1906
[]|\TU/TimesNewRoman(0)/m/n/10 SSPL (MongoDB) +
 []


Underfull \hbox (badness 10000) in alignment at lines 1892--1910
[] [] [] []
 []

[14]
File: ./assets/figures/02-chuong-2-phan-tich-hinh-2-1.png Graphic file (type bm
p)
<./assets/figures/02-chuong-2-phan-tich-hinh-2-1.png>
 [15]
Underfull \hbox (badness 10000) in alignment at lines 2134--2137
[] [] []
 []


Underfull \hbox (badness 10000) in alignment at lines 2137--2139
[] [] []
 []


Underfull \hbox (badness 10000) in paragraph at lines 2141--2143
[]|\TU/TimesNewRoman(0)/m/n/10 Truyền dữ liệu qua modem
 []


Underfull \hbox (badness 10000) in alignment at lines 2139--2151
[] [] []
 []

[16]
Underfull \hbox (badness 10000) in paragraph at lines 2172--2172
[]|\TU/TimesNewRoman(0)/b/n/10 Bên liên
 []


Underfull \hbox (badness 10000) in alignment at lines 2171--2174
[] [] [] [] []
 []


Underfull \hbox (badness 10000) in alignment at lines 2174--2176
[] [] [] [] []
 []


Underfull \hbox (badness 10000) in paragraph at lines 2177--2177
[]|\TU/TimesNewRoman(0)/m/n/10 Công ty
 []


Underfull \hbox (badness 7468) in paragraph at lines 2177--2180
[]|\TU/TimesNewRoman(0)/m/n/10 Giám sát vị trí tất
 []


Underfull \hbox (badness 1540) in paragraph at lines 2177--2180
\TU/TimesNewRoman(0)/m/n/10 cả xe theo thời gian
 []


Underfull \hbox (badness 2671) in paragraph at lines 2177--2180
\TU/TimesNewRoman(0)/m/n/10 cho phép (geofence);
 []


Underfull \hbox (badness 5175) in paragraph at lines 2177--2180
\TU/TimesNewRoman(0)/m/n/10 Báo cáo hành trình,
 []


Underfull \hbox (badness 6284) in paragraph at lines 2177--2180
\TU/TimesNewRoman(0)/m/n/10 quãng đường, nhiên
 []


Underfull \hbox (badness 10000) in paragraph at lines 2181--2181
[]|\TU/TimesNewRoman(0)/m/n/10 Tài xế /
 []


Underfull \hbox (badness 7099) in paragraph at lines 2181--2183
\TU/TimesNewRoman(0)/m/n/10 Thiết bị không ảnh
 []


Underfull \hbox (badness 1635) in paragraph at lines 2181--2183
\TU/TimesNewRoman(0)/m/n/10 hưởng đến vận hành
 []


Underfull \hbox (badness 10000) in paragraph at lines 2184--2184
[]|\TU/TimesNewRoman(0)/m/n/10 Quản trị
 []


Underfull \hbox (badness 10000) in paragraph at lines 2184--2184
\TU/TimesNewRoman(0)/m/n/10 viên hệ
 []


Underfull \hbox (badness 5878) in paragraph at lines 2184--2186
\TU/TimesNewRoman(0)/m/n/10 sử dụng; Hệ thống
 []


Underfull \hbox (badness 3930) in paragraph at lines 2184--2186
\TU/TimesNewRoman(0)/m/n/10 ổn định, ít lỗi; Có
 []


Underfull \hbox (badness 10000) in paragraph at lines 2184--2186
\TU/TimesNewRoman(0)/m/n/10 khả năng theo dõi
 []


Underfull \hbox (badness 10000) in paragraph at lines 2184--2186
\TU/TimesNewRoman(0)/m/n/10 trạng thái thiết bị
 []


Underfull \hbox (badness 1412) in paragraph at lines 2187--2189
\TU/TimesNewRoman(0)/m/n/10 định kỳ (battery low,
 []


Underfull \hbox (badness 10000) in paragraph at lines 2190--2190
[]|\TU/TimesNewRoman(0)/m/n/10 Khách
 []


Underfull \hbox (badness 10000) in paragraph at lines 2190--2190
\TU/TimesNewRoman(0)/m/n/10 hàng
 []


Underfull \hbox (badness 10000) in paragraph at lines 2190--2190
\TU/TimesNewRoman(0)/m/n/10 (người
 []


Underfull \hbox (badness 10000) in paragraph at lines 2190--2190
\TU/TimesNewRoman(0)/m/n/10 thuê xe
 []


Underfull \hbox (badness 10000) in paragraph at lines 2190--2192
[]|\TU/TimesNewRoman(0)/m/n/10 Quá trình thuê xe
 []


Underfull \hbox (badness 1983) in paragraph at lines 2190--2192
\TU/TimesNewRoman(0)/m/n/10 vào độ bảo mật của
 []


Underfull \hbox (badness 10000) in alignment at lines 2176--2193
[] [] [] [] []
 []


ignored: Infinite glue shrinkage found in box being split [17]
Underfull \hbox (badness 10000) in paragraph at lines 2269--2269
[]|\TU/TimesNewRoman(0)/b/n/10 Yêu
 []


Underfull \hbox (badness 10000) in paragraph at lines 2269--2269
\TU/TimesNewRoman(0)/b/n/10 cầu
 []


Underfull \hbox (badness 10000) in paragraph at lines 2269--2269
\TU/TimesNewRoman(0)/b/n/10 bên
 []


Underfull \hbox (badness 10000) in paragraph at lines 2269--2269
\TU/TimesNewRoman(0)/b/n/10 liên
 []


Underfull \hbox (badness 10000) in paragraph at lines 2270--2270
[]|\TU/TimesNewRoman(0)/b/n/10 FC-03 (Bất
 []


Underfull \hbox (badness 10000) in paragraph at lines 2270--2270
[]|\TU/TimesNewRoman(0)/b/n/10 FC-04 (Năng
 []


Overfull \hbox (5.1796pt too wide) in alignment at lines 2268--2272
[] [] [] [] [] []
 []


Overfull \hbox (5.1796pt too wide) in alignment at lines 2272--2274
[] [] [] [] [] []
 []


Underfull \hbox (badness 10000) in paragraph at lines 2275--2275
[]|\TU/TimesNewRoman(0)/m/n/10 Giám
 []


Underfull \hbox (badness 10000) in paragraph at lines 2275--2275
\TU/TimesNewRoman(0)/m/n/10 sát
 []


Underfull \hbox (badness 10000) in paragraph at lines 2275--2275
\TU/TimesNewRoman(0)/m/n/10 vị trí
 []


Underfull \hbox (badness 10000) in paragraph at lines 2276--2276
[]|\TU/TimesNewRoman(0)/m/n/10 Cảnh
 []


Underfull \hbox (badness 10000) in paragraph at lines 2276--2276
\TU/TimesNewRoman(0)/m/n/10 báo
 []


Underfull \hbox (badness 10000) in paragraph at lines 2276--2276
\TU/TimesNewRoman(0)/m/n/10 ge-
 []


Underfull \hbox (badness 10000) in paragraph at lines 2277--2277
[]|\TU/TimesNewRoman(0)/m/n/10 Báo
 []


Underfull \hbox (badness 10000) in paragraph at lines 2277--2277
\TU/TimesNewRoman(0)/m/n/10 cáo
 []


Underfull \hbox (badness 10000) in paragraph at lines 2277--2277
\TU/TimesNewRoman(0)/m/n/10 nhiên
 []


Underfull \hbox (badness 10000) in paragraph at lines 2278--2278
[]|\TU/TimesNewRoman(0)/m/n/10 Phát
 []


Underfull \hbox (badness 10000) in paragraph at lines 2278--2278
\TU/TimesNewRoman(0)/m/n/10 hiện
 []


Underfull \hbox (badness 10000) in paragraph at lines 2278--2278
\TU/TimesNewRoman(0)/m/n/10 trộm
 []


Underfull \hbox (badness 10000) in paragraph at lines 2279--2279
[]|\TU/TimesNewRoman(0)/m/n/10 Không
 []


Underfull \hbox (badness 10000) in paragraph at lines 2280--2280
[]|\TU/TimesNewRoman(0)/m/n/10 Quản
 []


Underfull \hbox (badness 10000) in paragraph at lines 2280--2280
\TU/TimesNewRoman(0)/m/n/10 lý
 []


Underfull \hbox (badness 10000) in paragraph at lines 2280--2280
\TU/TimesNewRoman(0)/m/n/10 thiết
 []


Underfull \hbox (badness 10000) in paragraph at lines 2280--2280
\TU/TimesNewRoman(0)/m/n/10 bị từ
 []


Underfull \hbox (badness 10000) in paragraph at lines 2281--2281
[]|\TU/TimesNewRoman(0)/m/n/10 Chẩn
 []


Underfull \hbox (badness 10000) in paragraph at lines 2281--2281
\TU/TimesNewRoman(0)/m/n/10 đoán
 []


Underfull \hbox (badness 10000) in paragraph at lines 2281--2281
\TU/TimesNewRoman(0)/m/n/10 lỗi từ
 []


Overfull \hbox (5.1796pt too wide) in alignment at lines 2274--2282
[] [] [] [] [] []
 []

[18] [19]
File: ./assets/figures/03-chuong-3-giai-phap-phan-cung-hinh-3-1.png Graphic fil
e (type bmp)
<./assets/figures/03-chuong-3-giai-phap-phan-cung-hinh-3-1.png>
File: ./assets/figures/thesis-99-bao-cao-thesis-hoan-chinh-01.png Graphic file 
(type bmp)
<./assets/figures/thesis-99-bao-cao-thesis-hoan-chinh-01.png>
 [20

]
Underfull \hbox (badness 10000) in alignment at lines 2397--2400
[] [] [] []
 []


Underfull \hbox (badness 10000) in alignment at lines 2400--2402
[] [] [] []
 []


Underfull \hbox (badness 10000) in paragraph at lines 2404--2404
\TU/TimesNewRoman(0)/m/n/10 phải thêm module
 []


Underfull \hbox (badness 10000) in paragraph at lines 2406--2407
[]|\TU/TimesNewRoman(0)/m/n/10 3 UART con-
 []


Underfull \hbox (badness 10000) in paragraph at lines 2406--2407
\TU/TimesNewRoman(0)/m/n/10 trollers (đủ cho
 []


Underfull \hbox (badness 1769) in paragraph at lines 2406--2407
\TU/TimesNewRoman(0)/m/n/10 modem + debug,
 []


Underfull \hbox (badness 4132) in paragraph at lines 2406--2407
\TU/TimesNewRoman(0)/m/n/10 còn dư cho mở
 []


Underfull \hbox (badness 10000) in paragraph at lines 2407--2409
[]|\TU/TimesNewRoman(0)/m/n/10 Nhiều serial in-
 []


Underfull \hbox (badness 10000) in paragraph at lines 2407--2409
\TU/TimesNewRoman(0)/m/n/10 stance trong dòng
 []


Underfull \hbox (badness 10000) in paragraph at lines 2407--2409
\TU/TimesNewRoman(0)/m/n/10 STM32L476 (US-
 []


Overfull \hbox (3.04082pt too wide) in paragraph at lines 2407--2409
\TU/TimesNewRoman(0)/m/n/10 ART/UART/LPUART),
 []


Underfull \hbox (badness 2181) in paragraph at lines 2407--2409
\TU/TimesNewRoman(0)/m/n/10 đáp ứng yêu cầu số
 []


Underfull \hbox (badness 10000) in paragraph at lines 2411--2412
[]|\TU/TimesNewRoman(0)/m/n/10 Dual-core 240
 []


Underfull \hbox (badness 10000) in paragraph at lines 2411--2412
\TU/TimesNewRoman(0)/m/n/10 MHz, 512 KB
 []


Underfull \hbox (badness 10000) in paragraph at lines 2412--2412
[]|\TU/TimesNewRoman(0)/m/n/10 Cortex-M4 tới 80
 []


Underfull \hbox (badness 10000) in paragraph at lines 2412--2412
\TU/TimesNewRoman(0)/m/n/10 trên STM32L476RE
 []


Underfull \hbox (badness 3128) in paragraph at lines 2413--2414
[]|\TU/TimesNewRoman(0)/m/n/10 Cortex-M4F 64 MHz, 256
 []


Underfull \hbox (badness 10000) in paragraph at lines 2414--2415
[]|\TU/TimesNewRoman(0)/m/n/10 Deep-sleep mức
 []


Underfull \hbox (badness 10000) in paragraph at lines 2415--2416
[]|\TU/TimesNewRoman(0)/m/n/10 STOP2 cỡ 1.1
 []


Underfull \hbox (badness 10000) in paragraph at lines 2415--2416
\TU/TimesNewRoman(0)/m/n/10 µA (theo điều
 []


Underfull \hbox (badness 10000) in paragraph at lines 2415--2416
\TU/TimesNewRoman(0)/m/n/10 kiện datasheet),
 []


Underfull \hbox (badness 10000) in paragraph at lines 2415--2416
\TU/TimesNewRoman(0)/m/n/10 standby/shutdown cỡ
 []


Underfull \hbox (badness 10000) in paragraph at lines 2418--2418
[]|\TU/TimesNewRoman(0)/m/n/10 Arduino IDE +
 []


Underfull \hbox (badness 10000) in paragraph at lines 2418--2419
[]|\TU/TimesNewRoman(0)/m/n/10 STM32Cube/HAL
 []


Underfull \hbox (badness 1960) in paragraph at lines 2420--2420
[]|\TU/TimesNewRoman(0)/m/n/10 Không cần thêm
 []


Underfull \hbox (badness 6859) in paragraph at lines 2420--2422
\TU/TimesNewRoman(0)/m/n/10 nếu vẫn giữ OBD2
 []


Underfull \hbox (badness 10000) in paragraph at lines 2420--2422
\TU/TimesNewRoman(0)/m/n/10 BLE (STM32L476
 []


Underfull \hbox (badness 10000) in paragraph at lines 2422--2424
[]|\TU/TimesNewRoman(0)/m/n/10 Không cần BLE module,
 []


Underfull \hbox (badness 2772) in paragraph at lines 2422--2424
\TU/TimesNewRoman(0)/m/n/10 nhưng cần xử lý bài toán
 []


Underfull \hbox (badness 4316) in paragraph at lines 2425--2425
\TU/TimesNewRoman(0)/m/n/10 VND (mặt bằng
 []


Underfull \hbox (badness 10000) in paragraph at lines 2426--2426
[]| \TU/TimesNewRoman(0)/m/n/10 150.000–300.000
 []


Underfull \hbox (badness 10000) in paragraph at lines 2428--2429
\TU/TimesNewRoman(0)/m/n/10 BLE + modem
 []


Underfull \hbox (badness 10000) in paragraph at lines 2428--2429
\TU/TimesNewRoman(0)/m/n/10 UART, thuận
 []


Underfull \hbox (badness 1769) in paragraph at lines 2428--2429
\TU/TimesNewRoman(0)/m/n/10 lợi cho tích hợp
 []


Underfull \hbox (badness 10000) in paragraph at lines 2428--2429
\TU/TimesNewRoman(0)/m/n/10 GNSS trong
 []


Underfull \hbox (badness 4168) in paragraph at lines 2429--2430
\TU/TimesNewRoman(0)/m/n/10 ngoài và công đoạn
 []


Underfull \hbox (badness 2165) in paragraph at lines 2430--2432
[]|\TU/TimesNewRoman(0)/m/n/10 Có thể phải chuyển debug
 []


Underfull \hbox (badness 10000) in alignment at lines 2402--2432
[] [] [] []
 []


ignored: Infinite glue shrinkage found in box being split [21]
Underfull \hbox (badness 10000) in alignment at lines 2497--2500
[] []
 []


Underfull \hbox (badness 10000) in alignment at lines 2500--2502
[] []
 []


Underfull \hbox (badness 10000) in alignment at lines 2502--2519
[] []
 []


ignored: Infinite glue shrinkage found in box being split [22]
Underfull \hbox (badness 10000) in alignment at lines 2563--2566
[] [] [] []
 []


Underfull \hbox (badness 10000) in alignment at lines 2566--2568
[] [] [] []
 []


Underfull \hbox (badness 10000) in paragraph at lines 2569--2570
[]|\TU/TimesNewRoman(0)/m/n/10 2 module:
 []


Underfull \hbox (badness 10000) in paragraph at lines 2569--2570
\TU/TimesNewRoman(0)/m/n/10 A7670C (LTE)
 []


Underfull \hbox (badness 10000) in paragraph at lines 2569--2570
\TU/TimesNewRoman(0)/m/n/10 + NEO-M8N
 []


Underfull \hbox (badness 2368) in paragraph at lines 2570--2571
[]|\TU/TimesNewRoman(0)/m/n/10 2 module: EC200U-
 []


Underfull \hbox (badness 10000) in paragraph at lines 2570--2571
\TU/TimesNewRoman(0)/m/n/10 CN (LTE) + NEO-
 []


Underfull \hbox (badness 10000) in paragraph at lines 2570--2571
\TU/TimesNewRoman(0)/m/n/10 M8N (GNSS) [59],
 []


Underfull \hbox (badness 2781) in paragraph at lines 2571--2572
[]|\TU/TimesNewRoman(0)/m/n/10 1 module tích hợp LTE +
 []


Underfull \hbox (badness 1789) in paragraph at lines 2572--2572
[]|\TU/TimesNewRoman(0)/m/n/10 Cat-1, tối đa 10
 []


Underfull \hbox (badness 10000) in paragraph at lines 2572--2572
\TU/TimesNewRoman(0)/m/n/10 Mbps DL / 5
 []


Underfull \hbox (badness 10000) in paragraph at lines 2575--2576
[]|\TU/TimesNewRoman(0)/m/n/10 Không tích
 []


Underfull \hbox (badness 10000) in paragraph at lines 2575--2576
\TU/TimesNewRoman(0)/m/n/10 hợp GNSS trên
 []


Underfull \hbox (badness 10000) in paragraph at lines 2575--2576
\TU/TimesNewRoman(0)/m/n/10 A7670C, cần
 []


Underfull \hbox (badness 1184) in paragraph at lines 2576--2577
[]|\TU/TimesNewRoman(0)/m/n/10 GNSS tùy chọn theo
 []


Underfull \hbox (badness 10000) in paragraph at lines 2578--2578
[]|\TU/TimesNewRoman(0)/m/n/10 3.4–4.2 V (typ.
 []


Underfull \hbox (badness 10000) in paragraph at lines 2580--2581
[]|\TU/TimesNewRoman(0)/m/n/10 NMEA/UBX từ
 []


Underfull \hbox (badness 10000) in paragraph at lines 2580--2581
\TU/TimesNewRoman(0)/m/n/10 NEO-M8N qua
 []


Underfull \hbox (badness 10000) in paragraph at lines 2583--2584
[]|\TU/TimesNewRoman(0)/m/n/10 Có, nếu triển khai
 []


Underfull \hbox (badness 10000) in paragraph at lines 2583--2584
\TU/TimesNewRoman(0)/m/n/10 tách tương tự
 []


Underfull \hbox (badness 4531) in paragraph at lines 2584--2586
[]|\TU/TimesNewRoman(0)/m/n/10 Không tách hoàn toàn do
 []


Underfull \hbox (badness 1019) in paragraph at lines 2586--2587
[]|\TU/TimesNewRoman(0)/m/n/10 Có thể reset mo-
 []


Underfull \hbox (badness 1117) in paragraph at lines 2587--2587
[]|\TU/TimesNewRoman(0)/m/n/10 Tương tự phương án
 []


Underfull \hbox (badness 7362) in paragraph at lines 2587--2589
[]|\TU/TimesNewRoman(0)/m/n/10 Reset modem thường kéo
 []


Underfull \hbox (badness 10000) in paragraph at lines 2589--2590
[]|\TU/TimesNewRoman(0)/m/n/10 Thấp, tách rõ
 []


Underfull \hbox (badness 10000) in paragraph at lines 2589--2590
\TU/lmtt/m/n/10 modem_lte \TU/TimesNewRoman(0)/m/n/10 và
 []


Underfull \hbox (badness 10000) in paragraph at lines 2592--2593
[]|\TU/TimesNewRoman(0)/m/n/10 Bộ modem +
 []


Underfull \hbox (badness 1132) in paragraph at lines 2592--2593
\TU/TimesNewRoman(0)/m/n/10 GNSS đang chốt
 []


Underfull \hbox (badness 10000) in paragraph at lines 2592--2593
\TU/TimesNewRoman(0)/m/n/10 330.000–500.000
 []


Underfull \hbox (badness 6412) in paragraph at lines 2592--2593
\TU/TimesNewRoman(0)/m/n/10 VND (BOM dự
 []


Underfull \hbox (badness 4303) in paragraph at lines 2593--2594
[]|\TU/TimesNewRoman(0)/m/n/10 Chưa phải cấu hình
 []


Underfull \hbox (badness 10000) in alignment at lines 2568--2595
[] [] [] []
 []


ignored: Infinite glue shrinkage found in box being split [23]
Underfull \hbox (badness 10000) in alignment at lines 2628--2631
[] []
 []


Underfull \hbox (badness 10000) in alignment at lines 2631--2633
[] []
 []


Underfull \hbox (badness 1466) in paragraph at lines 2638--2640
[]|\TU/TimesNewRoman(0)/m/n/10 GNSS tích hợp (GPS/GLONASS/BeiDou/Galileo), điều
 khiển bằng
 []


Underfull \hbox (badness 1931) in paragraph at lines 2643--2646
[]|\TU/TimesNewRoman(0)/m/n/10 LTE dùng AT command cho PDP/MQTT; GNSS lấy dữ li
ệu qua
 []


Underfull \hbox (badness 10000) in alignment at lines 2633--2657
[] []
 []


ignored: Infinite glue shrinkage found in box being split [24]
Underfull \hbox (badness 10000) in paragraph at lines 2683--2683
[]|\TU/TimesNewRoman(0)/b/n/10 OBD2 có dây (ELM327
 []


Underfull \hbox (badness 10000) in alignment at lines 2682--2686
[] [] []
 []


Underfull \hbox (badness 10000) in alignment at lines 2686--2688
[] [] []
 []


Underfull \hbox (badness 10000) in paragraph at lines 2695--2698
[]|\TU/TimesNewRoman(0)/m/n/10 Vgate công bố hỗ trợ J1850
 []


Underfull \hbox (badness 10000) in paragraph at lines 2702--2703
[]|\TU/TimesNewRoman(0)/m/n/10 Phụ thuộc adapter; không
 []


Underfull \hbox (badness 2521) in paragraph at lines 2711--2711
[]|\TU/TimesNewRoman(0)/m/n/10 Cần tháo dây liên quan đến
 []


Underfull \hbox (badness 10000) in alignment at lines 2688--2713
[] [] []
 []


ignored: Infinite glue shrinkage found in box being split [25]
File: ./assets/figures/03-chuong-3-giai-phap-phan-cung-hinh-3-2.png Graphic fil
e (type bmp)
<./assets/figures/03-chuong-3-giai-phap-phan-cung-hinh-3-2.png>
 [26]
Underfull \hbox (badness 10000) in alignment at lines 2768--2771
[] [] []
 []


Underfull \hbox (badness 10000) in alignment at lines 2771--2773
[] [] []
 []


Underfull \hbox (badness 10000) in alignment at lines 2773--2780
[] [] []
 []

[27]
Underfull \hbox (badness 10000) in alignment at lines 2818--2821
[] []
 []


Underfull \hbox (badness 10000) in alignment at lines 2821--2823
[] []
 []


Underfull \hbox (badness 10000) in alignment at lines 2823--2833
[] []
 []

File: ./assets/figures/03-chuong-3-giai-phap-phan-cung-hinh-3-3.png Graphic fil
e (type bmp)
<./assets/figures/03-chuong-3-giai-phap-phan-cung-hinh-3-3.png>
[28]
File: ./assets/figures/thesis-99-bao-cao-thesis-hoan-chinh-02.png Graphic file 
(type bmp)
<./assets/figures/thesis-99-bao-cao-thesis-hoan-chinh-02.png>
 [29]
File: ./assets/figures/03-chuong-3-giai-phap-phan-cung-hinh-3-4.png Graphic fil
e (type bmp)
<./assets/figures/03-chuong-3-giai-phap-phan-cung-hinh-3-4.png>
 [30]
File: ./assets/figures/thesis-99-bao-cao-thesis-hoan-chinh-03.png Graphic file 
(type bmp)
<./assets/figures/thesis-99-bao-cao-thesis-hoan-chinh-03.png>

Underfull \hbox (badness 10000) in alignment at lines 2909--2912
[] [] [] [] []
 []


Underfull \hbox (badness 10000) in alignment at lines 2912--2914
[] [] [] [] []
 []


Underfull \hbox (badness 10000) in paragraph at lines 2915--2915
[]|\TU/TimesNewRoman(0)/m/n/10 XL1509
 []


Underfull \hbox (badness 10000) in alignment at lines 2914--2916
[] [] [] [] []
 []


Underfull \hbox (badness 10000) in alignment at lines 2929--2932
[] [] [] [] []
 []


Underfull \hbox (badness 10000) in alignment at lines 2932--2934
[] [] [] [] []
 []


Underfull \hbox (badness 10000) in alignment at lines 2934--2936
[] [] [] [] []
 []


Underfull \hbox (badness 10000) in alignment at lines 2949--2952
[] [] [] [] []
 []


Underfull \hbox (badness 10000) in alignment at lines 2952--2954
[] [] [] [] []
 []


Underfull \hbox (badness 10000) in alignment at lines 2954--2956
[] [] [] [] []
 []


Underfull \hbox (badness 10000) in alignment at lines 2969--2972
[] [] [] [] []
 []


Underfull \hbox (badness 10000) in alignment at lines 2972--2974
[] [] [] [] []
 []


Underfull \hbox (badness 10000) in alignment at lines 2974--2976
[] [] [] [] []
 []

[31]
Underfull \hbox (badness 10000) in paragraph at lines 3001--3001
[]|\TU/TimesNewRoman(0)/b/n/10 Trạng
 []


Overfull \hbox (5.1796pt too wide) in alignment at lines 3000--3003
[] [] [] [] [] []
 []


Overfull \hbox (5.1796pt too wide) in alignment at lines 3003--3005
[] [] [] [] [] []
 []


Underfull \hbox (badness 10000) in paragraph at lines 3006--3006
[]|\TU/TimesNewRoman(0)/m/n/10 Xe
 []


Underfull \hbox (badness 10000) in paragraph at lines 3006--3006
\TU/TimesNewRoman(0)/m/n/10 chạy
 []


Underfull \hbox (badness 10000) in paragraph at lines 3006--3006
\TU/TimesNewRoman(0)/m/n/10 bình
 []


Overfull \hbox (1.1728pt too wide) in paragraph at lines 3006--3006
\TU/TimesNewRoman(0)/m/n/10 thường| 
 []


Underfull \hbox (badness 10000) in paragraph at lines 3006--3007
[]|\TU/TimesNewRoman(0)/m/n/10 Profile 12V:
 []


Underfull \hbox (badness 3229) in paragraph at lines 3006--3007
\TU/TimesNewRoman(0)/m/n/10 U_batt >= 13.0V;
 []


Underfull \hbox (badness 10000) in paragraph at lines 3006--3007
\TU/TimesNewRoman(0)/m/n/10 Profile 24V:
 []


Underfull \hbox (badness 1603) in paragraph at lines 3008--3008
[]|\TU/TimesNewRoman(0)/m/n/10 Xe đỗ
 []


Underfull \hbox (badness 10000) in paragraph at lines 3008--3008
\TU/TimesNewRoman(0)/m/n/10 bình
 []


Overfull \hbox (1.1728pt too wide) in paragraph at lines 3008--3008
\TU/TimesNewRoman(0)/m/n/10 thường| 
 []


Underfull \hbox (badness 10000) in paragraph at lines 3008--3009
[]|\TU/TimesNewRoman(0)/m/n/10 Profile 12V:
 []


Underfull \hbox (badness 10000) in paragraph at lines 3008--3009
\TU/TimesNewRoman(0)/m/n/10 U_batt > 12.0V;
 []


Underfull \hbox (badness 10000) in paragraph at lines 3008--3009
\TU/TimesNewRoman(0)/m/n/10 Profile 24V:
 []


Underfull \hbox (badness 10000) in paragraph at lines 3010--3010
[]|\TU/TimesNewRoman(0)/m/n/10 Ắc
 []


Underfull \hbox (badness 10000) in paragraph at lines 3010--3010
\TU/TimesNewRoman(0)/m/n/10 quy
 []


Underfull \hbox (badness 10000) in paragraph at lines 3010--3011
[]|\TU/TimesNewRoman(0)/m/n/10 Profile 12V:
 []


Underfull \hbox (badness 3229) in paragraph at lines 3010--3011
\TU/TimesNewRoman(0)/m/n/10 U_batt <= 12.0V;
 []


Underfull \hbox (badness 10000) in paragraph at lines 3010--3011
\TU/TimesNewRoman(0)/m/n/10 Profile 24V:
 []


Underfull \hbox (badness 10000) in paragraph at lines 3013--3013
[]|\TU/TimesNewRoman(0)/m/n/10 Ắc
 []


Underfull \hbox (badness 10000) in paragraph at lines 3013--3013
\TU/TimesNewRoman(0)/m/n/10 quy
 []


Underfull \hbox (badness 10000) in paragraph at lines 3013--3013
\TU/TimesNewRoman(0)/m/n/10 phục
 []


Underfull \hbox (badness 10000) in paragraph at lines 3013--3014
[]|\TU/TimesNewRoman(0)/m/n/10 Profile 12V:
 []


Underfull \hbox (badness 3229) in paragraph at lines 3013--3014
\TU/TimesNewRoman(0)/m/n/10 U_batt >= 12.2V;
 []


Underfull \hbox (badness 10000) in paragraph at lines 3013--3014
\TU/TimesNewRoman(0)/m/n/10 Profile 24V:
 []


Overfull \hbox (5.1796pt too wide) in alignment at lines 3005--3016
[] [] [] [] [] []
 []


Underfull \hbox (badness 10000) in alignment at lines 3032--3035
[] [] [] [] []
 []


Underfull \hbox (badness 10000) in alignment at lines 3035--3037
[] [] [] [] []
 []


Underfull \hbox (badness 10000) in alignment at lines 3037--3039
[] [] [] [] []
 []

[32]
Underfull \hbox (badness 10000) in alignment at lines 3056--3059
[] []
 []


Underfull \hbox (badness 10000) in alignment at lines 3059--3061
[] []
 []


Underfull \hbox (badness 10000) in alignment at lines 3061--3067
[] []
 []


Underfull \hbox (badness 6332) in paragraph at lines 3132--3132
[]|\TU/TimesNewRoman(0)/b/n/10 Giá ước tính
 []


Overfull \hbox (5.1796pt too wide) in alignment at lines 3131--3134
[] [] [] [] [] []
 []


Overfull \hbox (5.1796pt too wide) in alignment at lines 3134--3136
[] [] [] [] [] []
 []


Underfull \hbox (badness 10000) in paragraph at lines 3137--3137
[]|\TU/TimesNewRoman(0)/m/n/10 ESP32-S3-
 []


Underfull \hbox (badness 10000) in paragraph at lines 3137--3137
\TU/TimesNewRoman(0)/m/n/10 WROOM-1
 []


Underfull \hbox (badness 10000) in paragraph at lines 3137--3137
[]|\TU/TimesNewRoman(0)/m/n/10 100.000–
 []


Underfull \hbox (badness 3590) in paragraph at lines 3137--3139
[]|\TU/TimesNewRoman(0)/m/n/10 MCU trung tâm của bo
 []


Underfull \hbox (badness 10000) in paragraph at lines 3139--3139
[]|\TU/TimesNewRoman(0)/m/n/10 IC cảm biến
 []


Underfull \hbox (badness 1360) in paragraph at lines 3141--3141
[]|\TU/TimesNewRoman(0)/m/n/10 vgate iCar Pro
 []


Underfull \hbox (badness 10000) in paragraph at lines 3141--3141
[]|\TU/TimesNewRoman(0)/m/n/10 150.000–
 []


Underfull \hbox (badness 10000) in paragraph at lines 3143--3143
[]|\TU/TimesNewRoman(0)/m/n/10 SIMCom
 []


Underfull \hbox (badness 10000) in paragraph at lines 3143--3143
[]|\TU/TimesNewRoman(0)/m/n/10 330.000–
 []


Underfull \hbox (badness 10000) in paragraph at lines 3145--3145
[]|\TU/TimesNewRoman(0)/m/n/10 Pin 18650
 []


Underfull \hbox (badness 10000) in paragraph at lines 3145--3145
\TU/TimesNewRoman(0)/m/n/10 1S Li-ion
 []


Underfull \hbox (badness 10000) in paragraph at lines 3145--3145
[]|\TU/TimesNewRoman(0)/m/n/10 100.000–
 []


Underfull \hbox (badness 10000) in paragraph at lines 3149--3149
[]|\TU/TimesNewRoman(0)/m/n/10 Mạch buck
 []


Underfull \hbox (badness 10000) in paragraph at lines 3149--3151
[]|\TU/TimesNewRoman(0)/m/n/10 12–24V -> 3.3V cấp
 []


Underfull \hbox (badness 10000) in paragraph at lines 3151--3151
[]|\TU/TimesNewRoman(0)/m/n/10 Mạch buck
 []


Underfull \hbox (badness 10000) in paragraph at lines 3152--3152
[]|\TU/TimesNewRoman(0)/m/n/10 Mạch buck
 []


Underfull \hbox (badness 10000) in paragraph at lines 3154--3154
[]|\TU/TimesNewRoman(0)/m/n/10 Mạch boost
 []


Underfull \hbox (badness 10000) in paragraph at lines 3154--3154
\TU/TimesNewRoman(0)/m/n/10 SX1308 5V
 []


Underfull \hbox (badness 10000) in paragraph at lines 3156--3156
[]|\TU/TimesNewRoman(0)/m/n/10 Comparator
 []


Overfull \hbox (1.271pt too wide) in paragraph at lines 3160--3160
[]|\TU/TimesNewRoman(0)/m/n/10 BMS/Protection
 []


Underfull \hbox (badness 10000) in paragraph at lines 3162--3162
[]|\TU/TimesNewRoman(0)/m/n/10 Điện trở
 []


Underfull \hbox (badness 10000) in paragraph at lines 3162--3162
\TU/TimesNewRoman(0)/m/n/10 (10kOhm,
 []


Underfull \hbox (badness 10000) in paragraph at lines 3166--3166
[]|\TU/TimesNewRoman(0)/m/n/10 Connector,
 []


Underfull \hbox (badness 10000) in paragraph at lines 3168--3168
[]|\TU/TimesNewRoman(0)/m/n/10 PCB 2 lớp
 []


Underfull \hbox (badness 10000) in paragraph at lines 3168--3168
[]|\TU/TimesNewRoman(0)/m/n/10 50.000–
 []


Underfull \hbox (badness 10000) in paragraph at lines 3170--3170
[]|\TU/TimesNewRoman(0)/m/n/10 50.000–
 []


Underfull \hbox (badness 7133) in paragraph at lines 3172--3172
[]|\TU/TimesNewRoman(0)/m/n/10 Dây nối, cáp,
 []


Underfull \hbox (badness 2837) in paragraph at lines 3174--3174
[]|\TU/TimesNewRoman(0)/m/n/10 Linh kiện phụ
 []


Overfull \hbox (5.1796pt too wide) in alignment at lines 3136--3176
[] [] [] [] [] []
 []


ignored: Infinite glue shrinkage found in box being split [33]
Underfull \hbox (badness 10000) in alignment at lines 3182--3185
[] [] []
 []


Underfull \hbox (badness 10000) in alignment at lines 3185--3187
[] [] []
 []


Underfull \hbox (badness 10000) in paragraph at lines 3190--3191
[]|\TU/TimesNewRoman(0)/m/n/10 Quản lý nguồn (XL1509,
 []


Underfull \hbox (badness 1005) in paragraph at lines 3190--3191
\TU/TimesNewRoman(0)/m/n/10 MP2482, TPS54231, SX1308,
 []


Underfull \hbox (badness 6380) in paragraph at lines 3190--3191
\TU/TimesNewRoman(0)/m/n/10 TP4056, diode OR, LM393,
 []


Underfull \hbox (badness 10000) in alignment at lines 3187--3196
[] [] []
 []

[34]
Underfull \hbox (badness 10000) in alignment at lines 3237--3240
[] [] [] [] []
 []


Underfull \hbox (badness 10000) in alignment at lines 3240--3242
[] [] [] [] []
 []


Underfull \hbox (badness 10000) in paragraph at lines 3243--3243
[]|\TU/TimesNewRoman(0)/b/n/10 PA-FW1:
 []


Underfull \hbox (badness 10000) in paragraph at lines 3243--3243
\TU/TimesNewRoman(0)/b/n/10 Arduino
 []


Underfull \hbox (badness 10000) in paragraph at lines 3243--3243
\TU/TimesNewRoman(0)/b/n/10 Core +
 []


Underfull \hbox (badness 10000) in paragraph at lines 3243--3244
[]|\TU/TimesNewRoman(0)/m/n/10 Vòng lặp
 []


Underfull \hbox (badness 2368) in paragraph at lines 3243--3244
\TU/TimesNewRoman(0)/m/n/10 chính tuần
 []


Underfull \hbox (badness 7522) in paragraph at lines 3243--3244
\TU/TimesNewRoman(0)/m/n/10 tự, xử lý
 []


Underfull \hbox (badness 2538) in paragraph at lines 3244--3245
\TU/TimesNewRoman(0)/m/n/10 thực sự, khó tối ưu
 []


Underfull \hbox (badness 2384) in paragraph at lines 3244--3245
\TU/TimesNewRoman(0)/m/n/10 deep sleep phức tạp,
 []


Underfull \hbox (badness 10000) in paragraph at lines 3247--3247
[]|\TU/TimesNewRoman(0)/b/n/10 PA-FW2:
 []


Underfull \hbox (badness 10000) in paragraph at lines 3247--3247
\TU/TimesNewRoman(0)/b/n/10 ESP-IDF +
 []


Underfull \hbox (badness 10000) in paragraph at lines 3247--3247
\TU/TimesNewRoman(0)/b/n/10 FreeRTOS
 []


Underfull \hbox (badness 10000) in paragraph at lines 3247--3248
[]|\TU/TimesNewRoman(0)/m/n/10 Kiến trúc
 []


Underfull \hbox (badness 10000) in paragraph at lines 3247--3248
\TU/TimesNewRoman(0)/m/n/10 task/event,
 []


Underfull \hbox (badness 10000) in paragraph at lines 3247--3248
\TU/TimesNewRoman(0)/m/n/10 driver
 []


Underfull \hbox (badness 1635) in paragraph at lines 3247--3248
\TU/TimesNewRoman(0)/m/n/10 chính thức
 []


Underfull \hbox (badness 7869) in paragraph at lines 3248--3249
[]|\TU/TimesNewRoman(0)/m/n/10 Đa nhiệm tốt, hỗ trợ power
 []


Underfull \hbox (badness 10000) in paragraph at lines 3251--3251
[]|\TU/TimesNewRoman(0)/b/n/10 PA-FW3:
 []


Underfull \hbox (badness 10000) in paragraph at lines 3251--3251
\TU/TimesNewRoman(0)/b/n/10 Zephyr
 []


Underfull \hbox (badness 10000) in paragraph at lines 3251--3251
\TU/TimesNewRoman(0)/b/n/10 RTOS trên
 []


Underfull \hbox (badness 10000) in paragraph at lines 3251--3252
[]|\TU/TimesNewRoman(0)/m/n/10 RTOS đa
 []


Underfull \hbox (badness 10000) in paragraph at lines 3251--3252
\TU/TimesNewRoman(0)/m/n/10 nền tảng,
 []


Underfull \hbox (badness 10000) in paragraph at lines 3251--3252
\TU/TimesNewRoman(0)/m/n/10 kiến trúc
 []


Underfull \hbox (badness 10000) in paragraph at lines 3251--3252
\TU/TimesNewRoman(0)/m/n/10 module
 []


Underfull \hbox (badness 4144) in paragraph at lines 3252--3253
[]|\TU/TimesNewRoman(0)/m/n/10 Hệ sinh thái ESP32
 []


Underfull \hbox (badness 10000) in paragraph at lines 3252--3253
\TU/TimesNewRoman(0)/m/n/10 chuyên biệt và tài
 []


Underfull \hbox (badness 1253) in paragraph at lines 3252--3253
\TU/TimesNewRoman(0)/m/n/10 liệu thực chiến BLE-
 []


Underfull \hbox (badness 1609) in paragraph at lines 3252--3253
\TU/TimesNewRoman(0)/m/n/10 OBD2/modem ít hơn
 []


Underfull \hbox (badness 10000) in alignment at lines 3242--3255
[] [] [] [] []
 []


ignored: Infinite glue shrinkage found in box being split [35]
Underfull \hbox (badness 10000) in alignment at lines 3304--3307
[] [] []
 []


Underfull \hbox (badness 10000) in alignment at lines 3307--3309
[] [] []
 []


Underfull \hbox (badness 10000) in paragraph at lines 3310--3312
[]|\TU/lmtt/m/n/10 adc_reader\TU/TimesNewRoman(0)/m/n/10 , \TU/lmtt/m/n/10 imu_
lis3dh\TU/TimesNewRoman(0)/m/n/10 ,
 []


Underfull \hbox (badness 10000) in paragraph at lines 3310--3312
\TU/lmtt/m/n/10 modem_at\TU/TimesNewRoman(0)/m/n/10 , \TU/lmtt/m/n/10 modem_lte
\TU/TimesNewRoman(0)/m/n/10 ,
 []


Underfull \hbox (badness 10000) in paragraph at lines 3310--3312
\TU/lmtt/m/n/10 modem_gnss\TU/TimesNewRoman(0)/m/n/10 , \TU/lmtt/m/n/10 ble_mgr
\TU/TimesNewRoman(0)/m/n/10 ,
 []


Underfull \hbox (badness 10000) in paragraph at lines 3313--3313
[]|\TU/lmtt/m/n/10 power_mgr\TU/TimesNewRoman(0)/m/n/10 , \TU/lmtt/m/n/10 nvs_c
onfig\TU/TimesNewRoman(0)/m/n/10 ,
 []


Underfull \hbox (badness 10000) in paragraph at lines 3316--3316
[]|\TU/lmtt/m/n/10 state_machine\TU/TimesNewRoman(0)/m/n/10 ,
 []


Underfull \hbox (badness 10000) in paragraph at lines 3318--3318
[]|\TU/lmtt/m/n/10 data_formatter\TU/TimesNewRoman(0)/m/n/10 ,
 []


Underfull \hbox (badness 10000) in paragraph at lines 3318--3320
[]|\TU/TimesNewRoman(0)/m/n/10 Đóng gói payload JSON, pub-
 []


Underfull \hbox (badness 10000) in paragraph at lines 3318--3320
\TU/TimesNewRoman(0)/m/n/10 lish/subscribe MQTT theo topic
 []


Underfull \hbox (badness 10000) in paragraph at lines 3320--3320
[]|\TU/lmtt/m/n/10 offline_queue\TU/TimesNewRoman(0)/m/n/10 ,
 []


Underfull \hbox (badness 10000) in alignment at lines 3309--3323
[] [] []
 []

[36]
File: ./assets/figures/04-chuong-3-giai-phap-firmware-hinh-3-5.png Graphic file
 (type bmp)
<./assets/figures/04-chuong-3-giai-phap-firmware-hinh-3-5.png>
 [37]
LaTeX Font Info:    Font shape `TU/lmtt/bx/n' in size <10> not available
(Font)              Font shape `TU/lmtt/b/n' tried instead on input line 3356.
File: ./assets/figures/04-chuong-3-giai-phap-firmware-hinh-3-6.png Graphic file
 (type bmp)
<./assets/figures/04-chuong-3-giai-phap-firmware-hinh-3-6.png>
 [38]
File: ./assets/figures/04-chuong-3-giai-phap-firmware-hinh-3-7.png Graphic file
 (type bmp)
<./assets/figures/04-chuong-3-giai-phap-firmware-hinh-3-7.png>
 [39]
File: ./assets/figures/04-chuong-3-giai-phap-firmware-hinh-3-8.png Graphic file
 (type bmp)
<./assets/figures/04-chuong-3-giai-phap-firmware-hinh-3-8.png>
 [40]
Underfull \hbox (badness 10000) in alignment at lines 3578--3581
[] [] []
 []


Underfull \hbox (badness 10000) in alignment at lines 3581--3583
[] [] []
 []


Underfull \hbox (badness 10000) in alignment at lines 3583--3590
[] [] []
 []

[41]
Underfull \hbox (badness 10000) in alignment at lines 3618--3621
[] [] []
 []


Underfull \hbox (badness 10000) in alignment at lines 3621--3623
[] [] []
 []


Overfull \hbox (19.53221pt too wide) in paragraph at lines 3627--3627
[]|\TU/lmtt/m/n/10 AT+CGDCONT=1,"IP","internet"| 
 []


Underfull \hbox (badness 7925) in paragraph at lines 3629--3631
[]|\TU/TimesNewRoman(0)/m/n/10 Poll đến khi \TU/lmtt/m/n/10 +CEREG: 0,1 \TU/Tim
esNewRoman(0)/m/n/10 (hoặc
 []


Underfull \hbox (badness 10000) in alignment at lines 3623--3639
[] [] []
 []

[42]
Underfull \hbox (badness 10000) in alignment at lines 3671--3674
[] []
 []


Underfull \hbox (badness 10000) in alignment at lines 3674--3676
[] []
 []


Underfull \hbox (badness 10000) in alignment at lines 3676--3685
[] []
 []

File: ./assets/figures/04-chuong-3-giai-phap-firmware-hinh-3-9.png Graphic file
 (type bmp)
<./assets/figures/04-chuong-3-giai-phap-firmware-hinh-3-9.png>
[43]
Underfull \hbox (badness 10000) in alignment at lines 3710--3713
[] [] [] []
 []


Underfull \hbox (badness 10000) in alignment at lines 3713--3715
[] [] [] []
 []


Overfull \hbox (9.57628pt too wide) in paragraph at lines 3719--3719
[]|\TU/TimesNewRoman(0)/m/n/10 POWER_PATH_EN| 
 []


Overfull \hbox (15.44542pt too wide) in paragraph at lines 3725--3725
[]|\TU/TimesNewRoman(0)/m/n/10 MODEM_UART_TX| 
 []


Overfull \hbox (16.00694pt too wide) in paragraph at lines 3726--3726
[]|\TU/TimesNewRoman(0)/m/n/10 MODEM_UART_RX| 
 []


Underfull \hbox (badness 10000) in paragraph at lines 3727--3727
[]|\TU/TimesNewRoman(0)/m/n/10 MODEM_PWR-
 []


Underfull \hbox (badness 10000) in alignment at lines 3715--3728
[] [] [] []
 []


ignored: Infinite glue shrinkage found in box being split [44]
File: ./assets/figures/04-chuong-3-giai-phap-firmware-hinh-3-10.png Graphic fil
e (type bmp)
<./assets/figures/04-chuong-3-giai-phap-firmware-hinh-3-10.png>
 [45]
Underfull \hbox (badness 10000) in alignment at lines 3784--3787
[] [] []
 []


Underfull \hbox (badness 10000) in alignment at lines 3787--3789
[] [] []
 []


Underfull \hbox (badness 10000) in alignment at lines 3789--3797
[] [] []
 []


Underfull \hbox (badness 10000) in alignment at lines 3823--3827
[] [] [] [] []
 []


Underfull \hbox (badness 10000) in alignment at lines 3827--3829
[] [] [] [] []
 []


Underfull \hbox (badness 10000) in paragraph at lines 3830--3830
[]|\TU/TimesNewRoman(0)/m/n/10 Normal
 []


Underfull \hbox (badness 10000) in alignment at lines 3829--3835
[] [] [] [] []
 []

[46] [47]
Underfull \hbox (badness 10000) in alignment at lines 3946--3949
[] [] [] []
 []


Underfull \hbox (badness 10000) in alignment at lines 3949--3951
[] [] [] []
 []


Underfull \hbox (badness 1715) in paragraph at lines 3955--3956
[]|\TU/TimesNewRoman(0)/m/n/10 Heartbeat, trạng thái phiên,
 []


Underfull \hbox (badness 1354) in paragraph at lines 3957--3958
[]|\TU/TimesNewRoman(0)/m/n/10 Cảnh báo và sự kiện quan
 []


Underfull \hbox (badness 10000) in alignment at lines 3951--3962
[] [] [] []
 []


Underfull \hbox (badness 10000) in alignment at lines 3970--3973
[] [] []
 []


Underfull \hbox (badness 10000) in alignment at lines 3973--3975
[] [] []
 []


Underfull \hbox (badness 10000) in paragraph at lines 3977--3978
[]|\TU/lmtt/m/n/10 heartbeat_interval_s\TU/TimesNewRoman(0)/m/n/10 ,
 []


Underfull \hbox (badness 1783) in paragraph at lines 3983--3983
[]|\TU/TimesNewRoman(0)/m/n/10 Kích hoạt cập nhật firmware
 []


Underfull \hbox (badness 10000) in paragraph at lines 3986--3986
[]|\TU/lmtt/m/n/10 manual_rollback \TU/TimesNewRoman(0)/m/n/10 /
 []


Underfull \hbox (badness 10000) in alignment at lines 3975--3988
[] [] []
 []


ignored: Infinite glue shrinkage found in box being split [48]
Underfull \hbox (badness 10000) in alignment at lines 4034--4037
[] [] []
 []


Underfull \hbox (badness 10000) in alignment at lines 4037--4039
[] [] []
 []


Underfull \hbox (badness 10000) in alignment at lines 4039--4047
[] [] []
 []


Underfull \hbox (badness 10000) in alignment at lines 4053--4056
[] [] []
 []


Underfull \hbox (badness 10000) in alignment at lines 4056--4058
[] [] []
 []


Underfull \hbox (badness 10000) in alignment at lines 4058--4069
[] [] []
 []


ignored: Infinite glue shrinkage found in box being split [49]
File: ./assets/figures/04-chuong-3-giai-phap-firmware-hinh-3-11.png Graphic fil
e (type bmp)
<./assets/figures/04-chuong-3-giai-phap-firmware-hinh-3-11.png>
 [50] [51]
Underfull \hbox (badness 10000) in paragraph at lines 4192--4201
\TU/lmtt/m/n/10 switch_on=12.2\TU/TimesNewRoman(0)/m/n/10 , \TU/lmtt/m/n/10 ign
_on_threshold=13.0\TU/TimesNewRoman(0)/m/n/10 , \TU/lmtt/m/n/10 ign_off_thresho
ld=12.0\TU/TimesNewRoman(0)/m/n/10 ) hoặc profile 24V
 []

[52]
Underfull \hbox (badness 10000) in alignment at lines 4221--4224
[] [] []
 []


Underfull \hbox (badness 10000) in alignment at lines 4224--4226
[] [] []
 []


Underfull \hbox (badness 10000) in alignment at lines 4226--4232
[] [] []
 []


Underfull \hbox (badness 10000) in paragraph at lines 4271--4271
[]|\TU/TimesNewRoman(0)/b/n/10 Mô tả
 []


Underfull \hbox (badness 10000) in alignment at lines 4270--4273
[] [] [] [] []
 []


Underfull \hbox (badness 10000) in alignment at lines 4273--4275
[] [] [] [] []
 []


Underfull \hbox (badness 10000) in paragraph at lines 4276--4276
[]|\TU/TimesNewRoman(0)/b/n/10 PA-A:
 []


Underfull \hbox (badness 10000) in paragraph at lines 4276--4276
\TU/TimesNewRoman(0)/b/n/10 Monolithic
 []


Underfull \hbox (badness 10000) in paragraph at lines 4276--4276
\TU/TimesNewRoman(0)/b/n/10 REST + 1
 []


Underfull \hbox (badness 10000) in paragraph at lines 4276--4277
[]|\TU/TimesNewRoman(0)/m/n/10 Thiết bị
 []


Underfull \hbox (badness 5756) in paragraph at lines 4276--4277
\TU/TimesNewRoman(0)/m/n/10 gửi HTTP
 []


Underfull \hbox (badness 10000) in paragraph at lines 4276--4277
\TU/TimesNewRoman(0)/m/n/10 trực tiếp
 []


Underfull \hbox (badness 10000) in paragraph at lines 4276--4277
\TU/TimesNewRoman(0)/m/n/10 vào API
 []


Underfull \hbox (badness 1424) in paragraph at lines 4276--4277
\TU/TimesNewRoman(0)/m/n/10 chung một
 []


Underfull \hbox (badness 10000) in paragraph at lines 4276--4277
\TU/TimesNewRoman(0)/m/n/10 cơ sở dữ
 []


Underfull \hbox (badness 10000) in paragraph at lines 4278--4279
[]|\TU/TimesNewRoman(0)/m/n/10 Không tối ưu cho
 []


Underfull \hbox (badness 1221) in paragraph at lines 4280--4280
[]|\TU/TimesNewRoman(0)/b/n/10 PA-B: Man-
 []


Underfull \hbox (badness 10000) in paragraph at lines 4280--4280
\TU/TimesNewRoman(0)/b/n/10 aged Cloud
 []


Underfull \hbox (badness 10000) in paragraph at lines 4280--4281
[]|\TU/TimesNewRoman(0)/m/n/10 AWS IoT
 []


Overfull \hbox (9.4533pt too wide) in paragraph at lines 4280--4281
\TU/TimesNewRoman(0)/m/n/10 Core/Lambda
 []


Underfull \hbox (badness 4779) in paragraph at lines 4280--4281
\TU/TimesNewRoman(0)/m/n/10 + dịch vụ
 []


Underfull \hbox (badness 10000) in paragraph at lines 4280--4281
\TU/TimesNewRoman(0)/m/n/10 DB man-
 []


Underfull \hbox (badness 3657) in paragraph at lines 4281--4282
\TU/TimesNewRoman(0)/m/n/10 phụ thuộc nhà cung
 []


Underfull \hbox (badness 1515) in paragraph at lines 4281--4282
\TU/TimesNewRoman(0)/m/n/10 cấp, độ phức tạp hạ
 []


Underfull \hbox (badness 10000) in paragraph at lines 4284--4284
[]|\TU/TimesNewRoman(0)/b/n/10 PA-C:
 []


Underfull \hbox (badness 10000) in paragraph at lines 4284--4284
\TU/TimesNewRoman(0)/b/n/10 Event-
 []


Underfull \hbox (badness 10000) in paragraph at lines 4284--4284
\TU/TimesNewRoman(0)/b/n/10 driven
 []


Underfull \hbox (badness 10000) in paragraph at lines 4284--4285
[]|\TU/TimesNewRoman(0)/m/n/10 MQTT
 []


Underfull \hbox (badness 10000) in paragraph at lines 4284--4285
\TU/TimesNewRoman(0)/m/n/10 Broker +
 []


Underfull \hbox (badness 10000) in paragraph at lines 4284--4285
\TU/TimesNewRoman(0)/m/n/10 MQTT
 []


Underfull \hbox (badness 10000) in paragraph at lines 4284--4285
\TU/TimesNewRoman(0)/m/n/10 Bridge
 []


Underfull \hbox (badness 10000) in paragraph at lines 4284--4285
\TU/TimesNewRoman(0)/m/n/10 + dual
 []


Underfull \hbox (badness 4279) in paragraph at lines 4284--4285
\TU/TimesNewRoman(0)/m/n/10 database +
 []


Overfull \hbox (18.2974pt too wide) in paragraph at lines 4284--4285
\TU/TimesNewRoman(0)/m/n/10 API/WebSocket| 
 []


Underfull \hbox (badness 2772) in paragraph at lines 4286--4287
[]|\TU/TimesNewRoman(0)/m/n/10 Cần chuẩn hóa mes-
 []


Underfull \hbox (badness 10000) in alignment at lines 4275--4288
[] [] [] [] []
 []


ignored: Infinite glue shrinkage found in box being split [53]
Underfull \hbox (badness 10000) in paragraph at lines 4297--4298
[]\TU/lmtt/m/n/10 Device -> EMQX -> MQTT Bridge -> PostgreSQL/VictoriaMetrics/V
ictoriaLogs -> Backend
 []

File: ./assets/figures/05-chuong-3-giai-phap-backend-hinh-3-12.png Graphic file
 (type bmp)
<./assets/figures/05-chuong-3-giai-phap-backend-hinh-3-12.png>
[54]
File: ./assets/figures/thesis-99-bao-cao-thesis-hoan-chinh-04.png Graphic file 
(type bmp)
<./assets/figures/thesis-99-bao-cao-thesis-hoan-chinh-04.png>
 [55]
Underfull \hbox (badness 10000) in alignment at lines 4432--4435
[] [] [] []
 []


Underfull \hbox (badness 10000) in alignment at lines 4435--4437
[] [] [] []
 []


Underfull \hbox (badness 10000) in paragraph at lines 4440--4440
[]|\TU/TimesNewRoman(0)/m/n/10 tracking-mqtt-
 []


Underfull \hbox (badness 10000) in paragraph at lines 4442--4442
[]|\TU/TimesNewRoman(0)/m/n/10 1883, 8883, 8083,
 []


Underfull \hbox (badness 10000) in paragraph at lines 4444--4444
[]|\TU/TimesNewRoman(0)/m/n/10 tracking-
 []


Underfull \hbox (badness 10000) in paragraph at lines 4446--4446
[]|\TU/TimesNewRoman(0)/m/n/10 tracking-
 []


Underfull \hbox (badness 10000) in alignment at lines 4437--4448
[] [] [] []
 []

[56]
Underfull \hbox (badness 10000) in alignment at lines 4478--4481
[] [] [] [] []
 []


Underfull \hbox (badness 10000) in alignment at lines 4481--4483
[] [] [] [] []
 []


Underfull \hbox (badness 2065) in paragraph at lines 4489--4489
[]|\TU/TimesNewRoman(0)/b/n/10 Độ trễ (La-
 []


Underfull \hbox (badness 10000) in paragraph at lines 4491--4491
[]|\TU/TimesNewRoman(0)/b/n/10 Sử dụng
 []


Underfull \hbox (badness 10000) in paragraph at lines 4492--4492
[]|\TU/TimesNewRoman(0)/b/n/10 Sử dụng
 []


Underfull \hbox (badness 10000) in paragraph at lines 4494--4494
[]|\TU/TimesNewRoman(0)/b/n/10 Khả dụng
 []


Underfull \hbox (badness 10000) in alignment at lines 4483--4499
[] [] [] [] []
 []

[57]
Underfull \hbox (badness 10000) in alignment at lines 4604--4607
[] [] [] [] []
 []


Underfull \hbox (badness 10000) in alignment at lines 4607--4609
[] [] [] [] []
 []


Underfull \hbox (badness 10000) in paragraph at lines 4610--4610
[]|\TU/TimesNewRoman(0)/b/n/10 PA-DB1:
 []


Underfull \hbox (badness 10000) in paragraph at lines 4610--4610
\TU/TimesNewRoman(0)/b/n/10 PostgreSQL
 []


Underfull \hbox (badness 10000) in paragraph at lines 4610--4611
\TU/TimesNewRoman(0)/m/n/10 greSQL
 []


Underfull \hbox (badness 10000) in paragraph at lines 4610--4611
\TU/TimesNewRoman(0)/m/n/10 cho cả
 []


Underfull \hbox (badness 10000) in paragraph at lines 4610--4611
\TU/TimesNewRoman(0)/m/n/10 nghiệp
 []


Underfull \hbox (badness 10000) in paragraph at lines 4610--4611
\TU/TimesNewRoman(0)/m/n/10 vụ và
 []


Underfull \hbox (badness 1077) in paragraph at lines 4611--4612
[]|\TU/TimesNewRoman(0)/m/n/10 Ghi telemetry lớn dễ
 []


Underfull \hbox (badness 4024) in paragraph at lines 4611--4612
\TU/TimesNewRoman(0)/m/n/10 ảnh hưởng truy vấn
 []


Underfull \hbox (badness 10000) in paragraph at lines 4613--4613
[]|\TU/TimesNewRoman(0)/b/n/10 PA-DB2:
 []


Underfull \hbox (badness 10000) in paragraph at lines 4613--4613
\TU/TimesNewRoman(0)/b/n/10 Time-series
 []


Underfull \hbox (badness 10000) in paragraph at lines 4613--4614
[]|\TU/TimesNewRoman(0)/m/n/10 Dùng
 []


Underfull \hbox (badness 10000) in paragraph at lines 4613--4614
\TU/TimesNewRoman(0)/m/n/10 CSDL
 []


Underfull \hbox (badness 6252) in paragraph at lines 4613--4614
\TU/TimesNewRoman(0)/m/n/10 chuỗi thời
 []


Underfull \hbox (badness 10000) in paragraph at lines 4613--4614
\TU/TimesNewRoman(0)/m/n/10 gian cho
 []


Underfull \hbox (badness 6001) in paragraph at lines 4614--4615
\TU/TimesNewRoman(0)/m/n/10 đảm bảo ràng buộc
 []


Underfull \hbox (badness 10000) in paragraph at lines 4616--4616
[]|\TU/TimesNewRoman(0)/b/n/10 PA-DB3:
 []


Underfull \hbox (badness 10000) in paragraph at lines 4616--4616
\TU/TimesNewRoman(0)/b/n/10 Hybrid DB
 []


Overfull \hbox (3.05443pt too wide) in paragraph at lines 4616--4617
[]|\TU/TimesNewRoman(0)/m/n/10 PostgreSQL
 []


Underfull \hbox (badness 10000) in paragraph at lines 4616--4617
\TU/TimesNewRoman(0)/m/n/10 + Victori-
 []


Underfull \hbox (badness 10000) in paragraph at lines 4616--4617
\TU/TimesNewRoman(0)/m/n/10 aMetrics
 []


Underfull \hbox (badness 10000) in paragraph at lines 4616--4617
\TU/TimesNewRoman(0)/m/n/10 + Victori-
 []


Underfull \hbox (badness 3657) in paragraph at lines 4618--4618
[]|\TU/TimesNewRoman(0)/m/n/10 Tăng số thành phần
 []


Underfull \hbox (badness 10000) in alignment at lines 4609--4619
[] [] [] [] []
 []


ignored: Infinite glue shrinkage found in box being split [58]
File: ./assets/figures/05-chuong-3-giai-phap-backend-hinh-3-13.png Graphic file
 (type bmp)
<./assets/figures/05-chuong-3-giai-phap-backend-hinh-3-13.png>

Missing character: There is no ┌ in font [lmmono10-regular]:!
Missing character: There is no ─ in font [lmmono10-regular]:!
Missing character: There is no ─ in font [lmmono10-regular]:!
Missing character: There is no ─ in font [lmmono10-regular]:!
Missing character: There is no ─ in font [lmmono10-regular]:!
Missing character: There is no ─ in font [lmmono10-regular]:!
Missing character: There is no ─ in font [lmmono10-regular]:!
Missing character: There is no ─ in font [lmmono10-regular]:!
Missing character: There is no ─ in font [lmmono10-regular]:!
Missing character: There is no ─ in font [lmmono10-regular]:!
Missing character: There is no ─ in font [lmmono10-regular]:!
Missing character: There is no ─ in font [lmmono10-regular]:!
Missing character: There is no ─ in font [lmmono10-regular]:!
Missing character: There is no ─ in font [lmmono10-regular]:!
Missing character: There is no ─ in font [lmmono10-regular]:!
Missing character: There is no ┼ in font [lmmono10-regular]:!
Missing character: There is no ─ in font [lmmono10-regular]:!
Missing character: There is no ─ in font [lmmono10-regular]:!
Missing character: There is no ─ in font [lmmono10-regular]:!
Missing character: There is no ─ in font [lmmono10-regular]:!
Missing character: There is no ─ in font [lmmono10-regular]:!
Missing character: There is no ─ in font [lmmono10-regular]:!
Missing character: There is no ─ in font [lmmono10-regular]:!
Missing character: There is no ─ in font [lmmono10-regular]:!
Missing character: There is no ─ in font [lmmono10-regular]:!
Missing character: There is no ─ in font [lmmono10-regular]:!
Missing character: There is no ─ in font [lmmono10-regular]:!
Missing character: There is no ─ in font [lmmono10-regular]:!
Missing character: There is no ─ in font [lmmono10-regular]:!
Missing character: There is no ─ in font [lmmono10-regular]:!
Missing character: There is no ┬ in font [lmmono10-regular]:!
Missing character: There is no ─ in font [lmmono10-regular]:!
Missing character: There is no ─ in font [lmmono10-regular]:!
Missing character: There is no ─ in font [lmmono10-regular]:!
Missing character: There is no ─ in font [lmmono10-regular]:!
Missing character: There is no ─ in font [lmmono10-regular]:!
Missing character: There is no ─ in font [lmmono10-regular]:!
Missing character: There is no ─ in font [lmmono10-regular]:!
Missing character: There is no ─ in font [lmmono10-regular]:!
Missing character: There is no ─ in font [lmmono10-regular]:!
Missing character: There is no ─ in font [lmmono10-regular]:!
Missing character: There is no ─ in font [lmmono10-regular]:!
Missing character: There is no ─ in font [lmmono10-regular]:!
Missing character: There is no ─ in font [lmmono10-regular]:!
Missing character: There is no ─ in font [lmmono10-regular]:!
Missing character: There is no ┐ in font [lmmono10-regular]:!
[59]
Underfull \hbox (badness 10000) in alignment at lines 4677--4680
[] [] []
 []


Underfull \hbox (badness 10000) in alignment at lines 4680--4682
[] [] []
 []


Underfull \hbox (badness 1728) in paragraph at lines 4687--4689
[]|\TU/TimesNewRoman(0)/m/n/10 Tìm kiếm nhanh, lưu trữ nhỏ gọn,
 []


Underfull \hbox (badness 10000) in alignment at lines 4682--4689
[] [] []
 []


Underfull \hbox (badness 10000) in alignment at lines 4704--4707
[] [] []
 []


Underfull \hbox (badness 10000) in alignment at lines 4707--4709
[] [] []
 []


Underfull \hbox (badness 10000) in paragraph at lines 4712--4713
[]|\TU/TimesNewRoman(0)/m/n/10 vehicles, devices, de-
 []


Underfull \hbox (badness 10000) in paragraph at lines 4723--4723
[]|\TU/TimesNewRoman(0)/m/n/10 connection_logs, de-
 []


Underfull \hbox (badness 10000) in alignment at lines 4709--4727
[] [] []
 []

File: ./assets/figures/05-chuong-3-giai-phap-backend-hinh-3-14.png Graphic file
 (type bmp)
<./assets/figures/05-chuong-3-giai-phap-backend-hinh-3-14.png>
[60]
Missing character: There is no ─ in font [lmmono10-regular]:!
Missing character: There is no ─ in font [lmmono10-regular]:!
Missing character: There is no ─ in font [lmmono10-regular]:!
Missing character: There is no ─ in font [lmmono10-regular]:!
Missing character: There is no ─ in font [lmmono10-regular]:!
Missing character: There is no ─ in font [lmmono10-regular]:!
Missing character: There is no ─ in font [lmmono10-regular]:!
Missing character: There is no ─ in font [lmmono10-regular]:!
Missing character: There is no ─ in font [lmmono10-regular]:!
Missing character: There is no ─ in font [lmmono10-regular]:!
Missing character: There is no ─ in font [lmmono10-regular]:!
Missing character: There is no ─ in font [lmmono10-regular]:!
Missing character: There is no ─ in font [lmmono10-regular]:!
Missing character: There is no ─ in font [lmmono10-regular]:!
Missing character: There is no ─ in font [lmmono10-regular]:!
Missing character: There is no ─ in font [lmmono10-regular]:!
Missing character: There is no ─ in font [lmmono10-regular]:!
Missing character: There is no ─ in font [lmmono10-regular]:!
Missing character: There is no ─ in font [lmmono10-regular]:!
Missing character: There is no ─ in font [lmmono10-regular]:!
Missing character: There is no ─ in font [lmmono10-regular]:!
Missing character: There is no ─ in font [lmmono10-regular]:!
Missing character: There is no ─ in font [lmmono10-regular]:!
Missing character: There is no ─ in font [lmmono10-regular]:!
Missing character: There is no ─ in font [lmmono10-regular]:!
Missing character: There is no ─ in font [lmmono10-regular]:!
Missing character: There is no ─ in font [lmmono10-regular]:!
Missing character: There is no ─ in font [lmmono10-regular]:!
[61]
Missing character: There is no ─ in font [lmmono10-regular]:!
Missing character: There is no ─ in font [lmmono10-regular]:!

Underfull \hbox (badness 10000) in alignment at lines 4769--4772
[] [] []
 []


Underfull \hbox (badness 10000) in alignment at lines 4772--4774
[] [] []
 []


Underfull \hbox (badness 10000) in alignment at lines 4774--4782
[] [] []
 []


Underfull \hbox (badness 10000) in alignment at lines 4814--4817
[] [] [] []
 []


Underfull \hbox (badness 10000) in alignment at lines 4817--4819
[] [] [] []
 []


Underfull \hbox (badness 10000) in alignment at lines 4819--4826
[] [] [] []
 []

[62]
Underfull \hbox (badness 2799) in paragraph at lines 4859--4864
[] []\TU/TimesNewRoman(0)/b/n/10 c) MQTT Bridge - Dịch vụ độc lập[] \TU/TimesNe
wRoman(0)/m/n/10 MQTT Bridge đã được tách thành dịch vụ Node.js độc lập
 []


Underfull \hbox (badness 10000) in alignment at lines 4881--4884
[] [] [] [] []
 []


Underfull \hbox (badness 10000) in alignment at lines 4884--4886
[] [] [] [] []
 []


Overfull \hbox (9.26454pt too wide) in paragraph at lines 4887--4887
[]|\TU/TimesNewRoman(0)/b/n/10 Authentication| 
 []


Underfull \hbox (badness 10000) in paragraph at lines 4893--4893
[]|\TU/TimesNewRoman(0)/m/n/10 Gửi lệnh OTA đến
 []


Underfull \hbox (badness 10000) in paragraph at lines 4894--4894
[]|\TU/TimesNewRoman(0)/m/n/10 Yêu cầu rollback
 []


Underfull \hbox (badness 10000) in paragraph at lines 4902--4902
[]|\TU/TimesNewRoman(0)/m/n/10 Truy vấn lịch sử
 []


Underfull \hbox (badness 2393) in paragraph at lines 4907--4907
[]|\TU/TimesNewRoman(0)/m/n/10 Tải file firmware để
 []


Underfull \hbox (badness 10000) in alignment at lines 4886--4908
[] [] [] [] []
 []


ignored: Infinite glue shrinkage found in box being split [63]
File: ./assets/figures/05-chuong-3-giai-phap-backend-hinh-3-14a.png Graphic fil
e (type bmp)
<./assets/figures/05-chuong-3-giai-phap-backend-hinh-3-14a.png>

Underfull \hbox (badness 10000) in alignment at lines 4957--4960
[] [] []
 []


Underfull \hbox (badness 10000) in alignment at lines 4960--4962
[] [] []
 []


Underfull \hbox (badness 10000) in alignment at lines 4962--4970
[] [] []
 []

[64]
Underfull \hbox (badness 1478) in paragraph at lines 5009--5012
[]\TU/TimesNewRoman(0)/b/n/10 Hiệu năng và trải nghiệm người dùng\TU/TimesNewRo
man(0)/m/n/10 : tải trang nhanh, điều hướng mượt, responsive tốt trên
 []


Underfull \hbox (badness 10000) in paragraph at lines 5023--5023
[]|\TU/TimesNewRoman(0)/b/n/10 Mô tả
 []


Underfull \hbox (badness 10000) in alignment at lines 5022--5025
[] [] [] [] []
 []


Underfull \hbox (badness 10000) in alignment at lines 5025--5027
[] [] [] [] []
 []


Underfull \hbox (badness 10000) in paragraph at lines 5028--5028
[]|\TU/TimesNewRoman(0)/b/n/10 PA-FE1:
 []


Underfull \hbox (badness 10000) in paragraph at lines 5028--5028
[]|\TU/TimesNewRoman(0)/m/n/10 React +
 []


Underfull \hbox (badness 10000) in paragraph at lines 5028--5028
\TU/TimesNewRoman(0)/m/n/10 Vite +
 []


Underfull \hbox (badness 10000) in paragraph at lines 5028--5028
\TU/TimesNewRoman(0)/m/n/10 client-side
 []


Underfull \hbox (badness 10000) in paragraph at lines 5029--5030
[]|\TU/TimesNewRoman(0)/m/n/10 SEO/first load kém
 []


Underfull \hbox (badness 1112) in paragraph at lines 5029--5030
\TU/TimesNewRoman(0)/m/n/10 hơn SSR, cần tự lắp
 []


Underfull \hbox (badness 10000) in paragraph at lines 5031--5031
[]|\TU/TimesNewRoman(0)/b/n/10 PA-FE2:
 []


Underfull \hbox (badness 10000) in paragraph at lines 5034--5034
[]|\TU/TimesNewRoman(0)/b/n/10 PA-FE3:
 []


Underfull \hbox (badness 10000) in paragraph at lines 5034--5034
\TU/TimesNewRoman(0)/b/n/10 Next.js +
 []


Underfull \hbox (badness 10000) in paragraph at lines 5034--5034
\TU/TimesNewRoman(0)/b/n/10 React (Đã
 []


Underfull \hbox (badness 4403) in paragraph at lines 5034--5035
[]|\TU/TimesNewRoman(0)/m/n/10 Next.js 15
 []


Underfull \hbox (badness 10000) in paragraph at lines 5034--5035
\TU/TimesNewRoman(0)/m/n/10 + React
 []


Underfull \hbox (badness 3168) in paragraph at lines 5034--5035
\TU/TimesNewRoman(0)/m/n/10 19 + App
 []


Underfull \hbox (badness 5504) in paragraph at lines 5036--5036
[]|\TU/TimesNewRoman(0)/m/n/10 Độ phức tạp frame-
 []


Underfull \hbox (badness 6758) in paragraph at lines 5036--5036
\TU/TimesNewRoman(0)/m/n/10 work cao hơn CSR
 []


Underfull \hbox (badness 10000) in alignment at lines 5027--5038
[] [] [] [] []
 []

[65]
Underfull \hbox (badness 10000) in alignment at lines 5084--5087
[] [] [] []
 []


Underfull \hbox (badness 10000) in alignment at lines 5087--5089
[] [] [] []
 []


Underfull \hbox (badness 6188) in paragraph at lines 5092--5092
[]|\TU/TimesNewRoman(0)/m/n/10 SSR, SSG, ISR,
 []


Underfull \hbox (badness 4024) in paragraph at lines 5094--5094
[]|\TU/TimesNewRoman(0)/m/n/10 Có (App Router
 []


Underfull \hbox (badness 1622) in paragraph at lines 5094--5094
\TU/TimesNewRoman(0)/m/n/10 với React Server
 []


Underfull \hbox (badness 10000) in paragraph at lines 5094--5095
[]|\TU/TimesNewRoman(0)/m/n/10 Có (File-based rout-
 []


Underfull \hbox (badness 10000) in paragraph at lines 5096--5096
[]|\TU/TimesNewRoman(0)/m/n/10 Tốt (Server-side
 []


Underfull \hbox (badness 10000) in paragraph at lines 5098--5098
[]|\TU/TimesNewRoman(0)/m/n/10 Rất lớn (React
 []


Underfull \hbox (badness 10000) in paragraph at lines 5100--5100
[]|\TU/TimesNewRoman(0)/m/n/10 Tốt (Socket.IO,
 []


Underfull \hbox (badness 10000) in paragraph at lines 5101--5101
[]|\TU/TimesNewRoman(0)/m/n/10 Cao (Turbopack,
 []


Underfull \hbox (badness 3058) in paragraph at lines 5101--5101
\TU/TimesNewRoman(0)/m/n/10 Partial Prerender-
 []


Underfull \hbox (badness 10000) in alignment at lines 5089--5106
[] [] [] []
 []

[66]
Underfull \hbox (badness 10000) in alignment at lines 5172--5175
[] [] [] []
 []


Underfull \hbox (badness 10000) in alignment at lines 5175--5177
[] [] [] []
 []


Underfull \hbox (badness 1194) in paragraph at lines 5178--5178
[]|\TU/TimesNewRoman(0)/m/n/10 Trạng thái UI và au-
 []


Underfull \hbox (badness 10000) in alignment at lines 5177--5186
[] [] [] []
 []


Underfull \hbox (badness 10000) in alignment at lines 5200--5203
[] [] [] []
 []


Underfull \hbox (badness 10000) in alignment at lines 5203--5205
[] [] [] []
 []


Underfull \hbox (badness 4608) in paragraph at lines 5206--5206
[]|\TU/TimesNewRoman(0)/m/n/10 MIT (mã nguồn
 []


Underfull \hbox (badness 10000) in paragraph at lines 5206--5206
[]|\TU/TimesNewRoman(0)/m/n/10 Proprietary (có free
 []


Underfull \hbox (badness 10000) in paragraph at lines 5208--5208
[]|\TU/TimesNewRoman(0)/m/n/10 Miễn phí đến 50K
 []


Underfull \hbox (badness 1895) in paragraph at lines 5210--5210
[]|\TU/TimesNewRoman(0)/m/n/10 Tốt (với Marker-
 []


Underfull \hbox (badness 1859) in paragraph at lines 5210--5211
[]|\TU/TimesNewRoman(0)/m/n/10 Rất tốt (WebGL ren-
 []


Underfull \hbox (badness 10000) in paragraph at lines 5214--5214
[]|\TU/TimesNewRoman(0)/m/n/10 react-leaflet
 []


Underfull \hbox (badness 10000) in paragraph at lines 5216--5216
[]|\TU/TimesNewRoman(0)/m/n/10 @geoman-
 []


Underfull \hbox (badness 10000) in paragraph at lines 5216--5216
\TU/TimesNewRoman(0)/m/n/10 io/leaflet-geoman-
 []


Underfull \hbox (badness 10000) in alignment at lines 5205--5218
[] [] [] []
 []

[67]
File: ./assets/figures/06-chuong-3-giai-phap-frontend-hinh-3-15.png Graphic fil
e (type bmp)
<./assets/figures/06-chuong-3-giai-phap-frontend-hinh-3-15.png>
 [68]
File: ./assets/figures/thesis-99-bao-cao-thesis-hoan-chinh-05.png Graphic file 
(type bmp)
<./assets/figures/thesis-99-bao-cao-thesis-hoan-chinh-05.png>
 [69]
File: ./assets/figures/06-chuong-3-giai-phap-frontend-hinh-3-16.png Graphic fil
e (type bmp)
<./assets/figures/06-chuong-3-giai-phap-frontend-hinh-3-16.png>
File: ./assets/figures/06-chuong-3-giai-phap-frontend-hinh-3-17.png Graphic fil
e (type bmp)
<./assets/figures/06-chuong-3-giai-phap-frontend-hinh-3-17.png>
 [70]
Underfull \hbox (badness 10000) in alignment at lines 5398--5401
[] [] []
 []


Underfull \hbox (badness 10000) in alignment at lines 5401--5403
[] [] []
 []


Underfull \hbox (badness 10000) in alignment at lines 5403--5411
[] [] []
 []

File: ./assets/figures/06-chuong-3-giai-phap-frontend-hinh-3-18.png Graphic fil
e (type bmp)
<./assets/figures/06-chuong-3-giai-phap-frontend-hinh-3-18.png>
[71]
Underfull \hbox (badness 10000) in alignment at lines 5435--5438
[] [] [] []
 []


Underfull \hbox (badness 10000) in alignment at lines 5438--5440
[] [] [] []
 []


Underfull \hbox (badness 1642) in paragraph at lines 5441--5442
[]|\TU/TimesNewRoman(0)/m/n/10 Tổng quan hệ thống,
 []


Overfull \hbox (0.65929pt too wide) in paragraph at lines 5443--5443
[]|\TU/lmtt/m/n/10 /dashboard/map| 
 []


Overfull \hbox (26.90929pt too wide) in paragraph at lines 5445--5445
[]|\TU/lmtt/m/n/10 /dashboard/vehicles| 
 []


Overfull \hbox (11.15929pt too wide) in paragraph at lines 5447--5447
[]|\TU/lmtt/m/n/10 /dashboard/trips| 
 []


Underfull \hbox (badness 10000) in paragraph at lines 5447--5447
[]|\TU/TimesNewRoman(0)/m/n/10 Lịch sử chuyến đi,
 []


Overfull \hbox (16.40929pt too wide) in paragraph at lines 5449--5449
[]|\TU/lmtt/m/n/10 /dashboard/alerts| 
 []


Overfull \hbox (21.65929pt too wide) in paragraph at lines 5453--5453
[]|\TU/lmtt/m/n/10 /dashboard/devices| 
 []


Overfull \hbox (32.15929pt too wide) in paragraph at lines 5455--5455
[]|\TU/lmtt/m/n/10 /dashboard/geofences| 
 []


Underfull \hbox (badness 10000) in paragraph at lines 5459--5460
[]|\TU/TimesNewRoman(0)/m/n/10 Cấu hình Telegram,
 []


Overfull \hbox (26.90929pt too wide) in paragraph at lines 5461--5461
[]|\TU/lmtt/m/n/10 /dashboard/settings| 
 []


Underfull \hbox (badness 10000) in alignment at lines 5440--5463
[] [] [] []
 []


ignored: Infinite glue shrinkage found in box being split [72]
File: ./assets/figures/thesis-99-bao-cao-thesis-hoan-chinh-06.png Graphic file 
(type bmp)
<./assets/figures/thesis-99-bao-cao-thesis-hoan-chinh-06.png>
File: ./assets/figures/06-chuong-3-giai-phap-frontend-hinh-3-19.png Graphic fil
e (type bmp)
<./assets/figures/06-chuong-3-giai-phap-frontend-hinh-3-19.png>
 [73]
Underfull \hbox (badness 10000) in alignment at lines 5530--5533
[] [] []
 []


Underfull \hbox (badness 10000) in alignment at lines 5533--5535
[] [] []
 []


Overfull \hbox (30.03221pt too wide) in paragraph at lines 5536--5536
[]|\TU/lmtt/m/n/10 components/map/vehicle-map.tsx| 
 []


Overfull \hbox (19.53221pt too wide) in paragraph at lines 5538--5538
[]|\TU/lmtt/m/n/10 components/map/route-map.tsx| 
 []


Overfull \hbox (35.28221pt too wide) in paragraph at lines 5540--5540
[]|\TU/lmtt/m/n/10 components/map/geofence-map.tsx| 
 []


Overfull \hbox (35.28221pt too wide) in paragraph at lines 5542--5542
[]|\TU/lmtt/m/n/10 components/map/marker-popup.tsx| 
 []


Underfull \hbox (badness 10000) in alignment at lines 5535--5544
[] [] []
 []

File: ./assets/figures/06-chuong-3-giai-phap-frontend-hinh-3-20.png Graphic fil
e (type bmp)
<./assets/figures/06-chuong-3-giai-phap-frontend-hinh-3-20.png>
[74]
Underfull \hbox (badness 10000) in alignment at lines 5564--5567
[] [] [] []
 []


Underfull \hbox (badness 10000) in alignment at lines 5567--5569
[] [] [] []
 []


Underfull \hbox (badness 1014) in paragraph at lines 5570--5572
[]|\TU/TimesNewRoman(0)/m/n/10 Sidebar thành drawer, bảng
 []


Underfull \hbox (badness 2088) in paragraph at lines 5572--5574
\TU/TimesNewRoman(0)/m/n/10 bảng giữ nguyên với cuộn
 []


Underfull \hbox (badness 10000) in alignment at lines 5569--5576
[] [] [] []
 []


ignored: Infinite glue shrinkage found in box being split [75]
File: ./assets/figures/06-chuong-3-giai-phap-frontend-hinh-3-21.png Graphic fil
e (type bmp)
<./assets/figures/06-chuong-3-giai-phap-frontend-hinh-3-21.png>
File: ./assets/figures/06-chuong-3-giai-phap-frontend-hinh-3-22.png Graphic fil
e (type bmp)
<./assets/figures/06-chuong-3-giai-phap-frontend-hinh-3-22.png>
 [76]
Underfull \hbox (badness 10000) in alignment at lines 5663--5666
[] [] []
 []


Underfull \hbox (badness 10000) in alignment at lines 5666--5668
[] [] []
 []


Underfull \hbox (badness 10000) in paragraph at lines 5674--5674
[]|\TU/TimesNewRoman(0)/m/n/10 microSD SDMMC 4-bit +
 []


Underfull \hbox (badness 10000) in alignment at lines 5668--5684
[] [] []
 []


ignored: Infinite glue shrinkage found in box being split [77]
File: ./assets/figures/06-chuong-3-giai-phap-frontend-hinh-3-23.png Graphic fil
e (type bmp)
<./assets/figures/06-chuong-3-giai-phap-frontend-hinh-3-23.png>
 [78]
File: ./assets/figures/thesis-99-bao-cao-thesis-hoan-chinh-07.png Graphic file 
(type bmp)
<./assets/figures/thesis-99-bao-cao-thesis-hoan-chinh-07.png>
File: ./assets/figures/07-chuong-4-trien-khai-hardware-hinh-4-1.png Graphic fil
e (type bmp)
<./assets/figures/07-chuong-4-trien-khai-hardware-hinh-4-1.png>

Underfull \hbox (badness 10000) in alignment at lines 5775--5778
[] []
 []


Underfull \hbox (badness 10000) in alignment at lines 5778--5780
[] []
 []


Underfull \hbox (badness 10000) in alignment at lines 5780--5791
[] []
 []


ignored: Infinite glue shrinkage found in box being split [79

]
File: ./assets/figures/thesis-99-bao-cao-thesis-hoan-chinh-08.png Graphic file 
(type bmp)
<./assets/figures/thesis-99-bao-cao-thesis-hoan-chinh-08.png>
 [80]
File: ./assets/figures/07-chuong-4-trien-khai-hardware-hinh-4-2.png Graphic fil
e (type bmp)
<./assets/figures/07-chuong-4-trien-khai-hardware-hinh-4-2.png>
 [81] [82]
File: ./assets/figures/07-chuong-4-trien-khai-hardware-hinh-4-3.png Graphic fil
e (type bmp)
<./assets/figures/07-chuong-4-trien-khai-hardware-hinh-4-3.png>
File: ./assets/figures/07-chuong-4-trien-khai-hardware-hinh-4-4.png Graphic fil
e (type bmp)
<./assets/figures/07-chuong-4-trien-khai-hardware-hinh-4-4.png>
 [83]
Underfull \hbox (badness 10000) in alignment at lines 5916--5919
[] [] [] []
 []


Underfull \hbox (badness 10000) in alignment at lines 5919--5921
[] [] [] []
 []


Underfull \hbox (badness 5924) in paragraph at lines 5922--5924
[]|\TU/TimesNewRoman(0)/m/n/10 Đọc trạng thái khóa điện
 []


Underfull \hbox (badness 10000) in paragraph at lines 5924--5926
\TU/TimesNewRoman(0)/m/n/10 voltage divider (R1=100k,
 []


Underfull \hbox (badness 5431) in paragraph at lines 5926--5928
[]|\TU/TimesNewRoman(0)/m/n/10 Điều khiển bật/tắt IC sạc
 []


Overfull \hbox (15.44542pt too wide) in paragraph at lines 5928--5928
[]|\TU/TimesNewRoman(0)/m/n/10 MODEM_UART_TX| 
 []


Overfull \hbox (16.00694pt too wide) in paragraph at lines 5930--5930
[]|\TU/TimesNewRoman(0)/m/n/10 MODEM_UART_RX| 
 []


Overfull \hbox (9.57628pt too wide) in paragraph at lines 5932--5932
[]|\TU/TimesNewRoman(0)/m/n/10 POWER_PATH_EN| 
 []


Underfull \hbox (badness 10000) in paragraph at lines 5932--5934
[]|\TU/TimesNewRoman(0)/m/n/10 Điều khiển nhánh nguồn:
 []


Underfull \hbox (badness 5345) in paragraph at lines 5932--5934
\TU/TimesNewRoman(0)/m/n/10 LOW = ưu tiên MP2482,
 []


Underfull \hbox (badness 10000) in paragraph at lines 5932--5934
\TU/TimesNewRoman(0)/m/n/10 HIGH = ưu tiên backup
 []


Underfull \hbox (badness 6078) in paragraph at lines 5934--5936
[]|\TU/TimesNewRoman(0)/m/n/10 Đọc trạng thái Low Volt-
 []


Underfull \hbox (badness 1210) in paragraph at lines 5936--5938
[]|\TU/TimesNewRoman(0)/m/n/10 Nhận tín hiệu ngắt từ cảm
 []


Underfull \hbox (badness 2158) in paragraph at lines 5936--5938
\TU/TimesNewRoman(0)/m/n/10 biến gia tốc LIS3DSH khi
 []


Underfull \hbox (badness 10000) in paragraph at lines 5942--5942
[]|\TU/TimesNewRoman(0)/m/n/10 MODEM_PWR-
 []


Underfull \hbox (badness 10000) in alignment at lines 5921--5944
[] [] [] []
 []

[84]
File: ./assets/figures/07-chuong-4-trien-khai-hardware-hinh-4-5.png Graphic fil
e (type bmp)
<./assets/figures/07-chuong-4-trien-khai-hardware-hinh-4-5.png>
 [85]
File: ./assets/figures/thesis-99-bao-cao-thesis-hoan-chinh-09.png Graphic file 
(type bmp)
<./assets/figures/thesis-99-bao-cao-thesis-hoan-chinh-09.png>
File: ./assets/figures/07-chuong-4-trien-khai-hardware-hinh-4-6.png Graphic fil
e (type bmp)
<./assets/figures/07-chuong-4-trien-khai-hardware-hinh-4-6.png>
 [86]
Underfull \hbox (badness 10000) in alignment at lines 6042--6045
[] [] [] [] []
 []


Underfull \hbox (badness 10000) in alignment at lines 6045--6047
[] [] [] [] []
 []


Underfull \hbox (badness 10000) in paragraph at lines 6048--6048
[]|\TU/TimesNewRoman(0)/m/n/10 XL1509
 []


Underfull \hbox (badness 10000) in alignment at lines 6047--6049
[] [] [] [] []
 []


Underfull \hbox (badness 10000) in alignment at lines 6060--6063
[] [] [] [] []
 []


Underfull \hbox (badness 10000) in alignment at lines 6063--6065
[] [] [] [] []
 []


Underfull \hbox (badness 10000) in alignment at lines 6065--6067
[] [] [] [] []
 []

File: ./assets/figures/07-chuong-4-trien-khai-hardware-hinh-4-7.png Graphic fil
e (type bmp)
<./assets/figures/07-chuong-4-trien-khai-hardware-hinh-4-7.png>

Underfull \hbox (badness 10000) in alignment at lines 6083--6086
[] [] [] [] []
 []


Underfull \hbox (badness 10000) in alignment at lines 6086--6088
[] [] [] [] []
 []


Underfull \hbox (badness 10000) in alignment at lines 6088--6090
[] [] [] [] []
 []


Underfull \hbox (badness 10000) in alignment at lines 6102--6105
[] [] [] [] []
 []


Underfull \hbox (badness 10000) in alignment at lines 6105--6107
[] [] [] [] []
 []


Underfull \hbox (badness 10000) in alignment at lines 6107--6109
[] [] [] [] []
 []

File: ./assets/figures/07-chuong-4-trien-khai-hardware-hinh-4-8.png Graphic fil
e (type bmp)
<./assets/figures/07-chuong-4-trien-khai-hardware-hinh-4-8.png>

Underfull \hbox (badness 10000) in paragraph at lines 6125--6125
[]|\TU/TimesNewRoman(0)/b/n/10 Trạng
 []


Overfull \hbox (5.1796pt too wide) in alignment at lines 6124--6127
[] [] [] [] [] []
 []


Overfull \hbox (5.1796pt too wide) in alignment at lines 6127--6129
[] [] [] [] [] []
 []


Underfull \hbox (badness 10000) in paragraph at lines 6130--6130
[]|\TU/TimesNewRoman(0)/m/n/10 Xe
 []


Underfull \hbox (badness 10000) in paragraph at lines 6130--6130
\TU/TimesNewRoman(0)/m/n/10 chạy
 []


Underfull \hbox (badness 10000) in paragraph at lines 6130--6130
\TU/TimesNewRoman(0)/m/n/10 bình
 []


Overfull \hbox (1.1728pt too wide) in paragraph at lines 6130--6130
\TU/TimesNewRoman(0)/m/n/10 thường| 
 []


Underfull \hbox (badness 10000) in paragraph at lines 6130--6131
[]|\TU/TimesNewRoman(0)/m/n/10 Profile 12V:
 []


Underfull \hbox (badness 3229) in paragraph at lines 6130--6131
\TU/TimesNewRoman(0)/m/n/10 U_batt >= 13.0V;
 []


Underfull \hbox (badness 10000) in paragraph at lines 6130--6131
\TU/TimesNewRoman(0)/m/n/10 Profile 24V:
 []


Underfull \hbox (badness 1603) in paragraph at lines 6132--6132
[]|\TU/TimesNewRoman(0)/m/n/10 Xe đỗ
 []


Underfull \hbox (badness 10000) in paragraph at lines 6132--6132
\TU/TimesNewRoman(0)/m/n/10 bình
 []


Overfull \hbox (1.1728pt too wide) in paragraph at lines 6132--6132
\TU/TimesNewRoman(0)/m/n/10 thường| 
 []


Underfull \hbox (badness 10000) in paragraph at lines 6132--6133
[]|\TU/TimesNewRoman(0)/m/n/10 Profile 12V:
 []


Underfull \hbox (badness 10000) in paragraph at lines 6132--6133
\TU/TimesNewRoman(0)/m/n/10 U_batt > 12.0V;
 []


Underfull \hbox (badness 10000) in paragraph at lines 6132--6133
\TU/TimesNewRoman(0)/m/n/10 Profile 24V:
 []


Underfull \hbox (badness 10000) in paragraph at lines 6134--6134
[]|\TU/TimesNewRoman(0)/m/n/10 Ắc
 []


Underfull \hbox (badness 10000) in paragraph at lines 6134--6134
\TU/TimesNewRoman(0)/m/n/10 quy
 []


Underfull \hbox (badness 10000) in paragraph at lines 6134--6135
[]|\TU/TimesNewRoman(0)/m/n/10 Profile 12V:
 []


Underfull \hbox (badness 3229) in paragraph at lines 6134--6135
\TU/TimesNewRoman(0)/m/n/10 U_batt <= 12.0V;
 []


Underfull \hbox (badness 10000) in paragraph at lines 6134--6135
\TU/TimesNewRoman(0)/m/n/10 Profile 24V:
 []


Underfull \hbox (badness 10000) in paragraph at lines 6136--6136
[]|\TU/TimesNewRoman(0)/m/n/10 Ắc
 []


Underfull \hbox (badness 10000) in paragraph at lines 6136--6136
\TU/TimesNewRoman(0)/m/n/10 quy
 []


Underfull \hbox (badness 10000) in paragraph at lines 6136--6136
\TU/TimesNewRoman(0)/m/n/10 phục
 []


Underfull \hbox (badness 10000) in paragraph at lines 6136--6137
[]|\TU/TimesNewRoman(0)/m/n/10 Profile 12V:
 []


Underfull \hbox (badness 3229) in paragraph at lines 6136--6137
\TU/TimesNewRoman(0)/m/n/10 U_batt >= 12.2V;
 []


Underfull \hbox (badness 10000) in paragraph at lines 6136--6137
\TU/TimesNewRoman(0)/m/n/10 Profile 24V:
 []


Overfull \hbox (5.1796pt too wide) in alignment at lines 6129--6138
[] [] [] [] [] []
 []

[87]
File: ./assets/figures/07-chuong-4-trien-khai-hardware-hinh-4-9.png Graphic fil
e (type bmp)
<./assets/figures/07-chuong-4-trien-khai-hardware-hinh-4-9.png>
 [88]
Underfull \hbox (badness 10000) in alignment at lines 6155--6158
[] [] [] [] []
 []


Underfull \hbox (badness 10000) in alignment at lines 6158--6160
[] [] [] [] []
 []


Underfull \hbox (badness 10000) in alignment at lines 6160--6162
[] [] [] [] []
 []

File: ./assets/figures/07-chuong-4-trien-khai-hardware-hinh-4-10.png Graphic fi
le (type bmp)
<./assets/figures/07-chuong-4-trien-khai-hardware-hinh-4-10.png>
[89] [90]
File: ./assets/figures/07-chuong-4-trien-khai-hardware-hinh-4-11.png Graphic fi
le (type bmp)
<./assets/figures/07-chuong-4-trien-khai-hardware-hinh-4-11.png>

Underfull \hbox (badness 1540) in paragraph at lines 6271--6276
[]\TU/TimesNewRoman(0)/b/n/10 Ghi bản ghi cục bộ\TU/TimesNewRoman(0)/m/n/10 : \
TU/lmtt/m/n/10 offline_queue_enqueue() \TU/TimesNewRoman(0)/m/n/10 chuẩn hóa bả
n ghi telemetry/sự kiện, sau đó
 []

[91]
Underfull \hbox (badness 10000) in paragraph at lines 6285--6289
[]\TU/TimesNewRoman(0)/b/n/10 Kết thúc phiên ghi an toàn\TU/TimesNewRoman(0)/m/
n/10 : firmware gọi \TU/lmtt/m/n/10 sd_log_store_stop_session() \TU/TimesNewRom
an(0)/m/n/10 và
 []


Underfull \hbox (badness 6332) in paragraph at lines 6310--6310
[]|\TU/TimesNewRoman(0)/b/n/10 Giá ước tính
 []


Overfull \hbox (5.1796pt too wide) in alignment at lines 6309--6312
[] [] [] [] [] []
 []


Overfull \hbox (5.1796pt too wide) in alignment at lines 6312--6314
[] [] [] [] [] []
 []


Underfull \hbox (badness 10000) in paragraph at lines 6315--6315
[]|\TU/TimesNewRoman(0)/m/n/10 ESP32-S3-
 []


Underfull \hbox (badness 10000) in paragraph at lines 6315--6315
\TU/TimesNewRoman(0)/m/n/10 WROOM-1
 []


Underfull \hbox (badness 10000) in paragraph at lines 6315--6315
[]|\TU/TimesNewRoman(0)/m/n/10 100,000–
 []


Underfull \hbox (badness 3590) in paragraph at lines 6315--6317
[]|\TU/TimesNewRoman(0)/m/n/10 MCU trung tâm của bo
 []


Underfull \hbox (badness 10000) in paragraph at lines 6317--6317
[]|\TU/TimesNewRoman(0)/m/n/10 IC cảm biến
 []


Underfull \hbox (badness 1226) in paragraph at lines 6317--6319
[]|\TU/TimesNewRoman(0)/m/n/10 Cảm biến gia tốc 3 trục,
 []


Underfull \hbox (badness 1360) in paragraph at lines 6319--6319
[]|\TU/TimesNewRoman(0)/m/n/10 vgate iCar Pro
 []


Underfull \hbox (badness 10000) in paragraph at lines 6319--6319
[]|\TU/TimesNewRoman(0)/m/n/10 150,000–
 []


Underfull \hbox (badness 2384) in paragraph at lines 6319--6321
[]|\TU/TimesNewRoman(0)/m/n/10 Adapter OBD2 BLE 4.0,
 []


Underfull \hbox (badness 10000) in paragraph at lines 6321--6321
[]|\TU/TimesNewRoman(0)/m/n/10 SIMCom
 []


Underfull \hbox (badness 10000) in paragraph at lines 6321--6321
[]|\TU/TimesNewRoman(0)/m/n/10 330,000–
 []


Underfull \hbox (badness 10000) in paragraph at lines 6323--6323
[]|\TU/TimesNewRoman(0)/m/n/10 Pin 18650
 []


Underfull \hbox (badness 10000) in paragraph at lines 6323--6323
\TU/TimesNewRoman(0)/m/n/10 1S Li-ion
 []


Underfull \hbox (badness 10000) in paragraph at lines 6323--6323
[]|\TU/TimesNewRoman(0)/m/n/10 100,000–
 []


Underfull \hbox (badness 10000) in paragraph at lines 6327--6327
[]|\TU/TimesNewRoman(0)/m/n/10 Mạch buck
 []


Underfull \hbox (badness 10000) in paragraph at lines 6327--6329
[]|\TU/TimesNewRoman(0)/m/n/10 12–24V -> 3.3V cho
 []


Underfull \hbox (badness 10000) in paragraph at lines 6329--6329
[]|\TU/TimesNewRoman(0)/m/n/10 Mạch buck
 []


Underfull \hbox (badness 10000) in paragraph at lines 6330--6330
[]|\TU/TimesNewRoman(0)/m/n/10 Mạch buck
 []


Underfull \hbox (badness 10000) in paragraph at lines 6332--6332
[]|\TU/TimesNewRoman(0)/m/n/10 Mạch boost
 []


Underfull \hbox (badness 10000) in paragraph at lines 6332--6332
\TU/TimesNewRoman(0)/m/n/10 SX1308 5V
 []


Underfull \hbox (badness 10000) in paragraph at lines 6334--6334
[]|\TU/TimesNewRoman(0)/m/n/10 Comparator
 []


Overfull \hbox (1.271pt too wide) in paragraph at lines 6338--6338
[]|\TU/TimesNewRoman(0)/m/n/10 BMS/Protection
 []


Underfull \hbox (badness 3679) in paragraph at lines 6340--6340
[]|\TU/TimesNewRoman(0)/m/n/10 Điện trở (10k,
 []


Underfull \hbox (badness 10000) in paragraph at lines 6340--6342
[]|\TU/TimesNewRoman(0)/m/n/10 Voltage divider, pull-
 []


Underfull \hbox (badness 10000) in paragraph at lines 6344--6344
[]|\TU/TimesNewRoman(0)/m/n/10 Connector,
 []


Underfull \hbox (badness 10000) in paragraph at lines 6346--6346
[]|\TU/TimesNewRoman(0)/m/n/10 PCB (nếu tự
 []


Underfull \hbox (badness 10000) in paragraph at lines 6346--6346
[]|\TU/TimesNewRoman(0)/m/n/10 50,000–
 []


Underfull \hbox (badness 5050) in paragraph at lines 6346--6348
[]|\TU/TimesNewRoman(0)/m/n/10 PCB 2 lớp, kích thước
 []


Underfull \hbox (badness 10000) in paragraph at lines 6348--6348
[]|\TU/TimesNewRoman(0)/m/n/10 50,000–
 []


Underfull \hbox (badness 10000) in paragraph at lines 6349--6349
[]|\TU/TimesNewRoman(0)/m/n/10 Dây nối, cáp
 []


Underfull \hbox (badness 2837) in paragraph at lines 6351--6351
[]|\TU/TimesNewRoman(0)/m/n/10 Linh kiện phụ
 []


Overfull \hbox (5.1796pt too wide) in alignment at lines 6314--6353
[] [] [] [] [] []
 []


ignored: Infinite glue shrinkage found in box being split [92]
Underfull \hbox (badness 10000) in alignment at lines 6359--6362
[] []
 []


Underfull \hbox (badness 10000) in alignment at lines 6362--6364
[] []
 []


Underfull \hbox (badness 10000) in alignment at lines 6364--6371
[] []
 []

[93]
File: ./assets/figures/07-chuong-4-trien-khai-hardware-hinh-4-12.png Graphic fi
le (type bmp)
<./assets/figures/07-chuong-4-trien-khai-hardware-hinh-4-12.png>
File: ./assets/figures/07-chuong-4-trien-khai-hardware-hinh-4-13.png Graphic fi
le (type bmp)
<./assets/figures/07-chuong-4-trien-khai-hardware-hinh-4-13.png>
File: ./assets/figures/07-chuong-4-trien-khai-hardware-hinh-4-14.png Graphic fi
le (type bmp)
<./assets/figures/07-chuong-4-trien-khai-hardware-hinh-4-14.png>
 [94] [95]
File: ./assets/figures/07-chuong-4-trien-khai-hardware-hinh-4-15.png Graphic fi
le (type bmp)
<./assets/figures/07-chuong-4-trien-khai-hardware-hinh-4-15.png>
File: ./assets/figures/07-chuong-4-trien-khai-hardware-hinh-4-16.png Graphic fi
le (type bmp)
<./assets/figures/07-chuong-4-trien-khai-hardware-hinh-4-16.png>
 [96]
Underfull \hbox (badness 10000) in alignment at lines 6587--6590
[] [] []
 []


Underfull \hbox (badness 10000) in alignment at lines 6590--6592
[] [] []
 []


Underfull \hbox (badness 10000) in alignment at lines 6592--6601
[] [] []
 []

[97]
Missing character: There is no ├ in font [lmmono10-regular]:!
Missing character: There is no ─ in font [lmmono10-regular]:!
Missing character: There is no ├ in font [lmmono10-regular]:!
Missing character: There is no ─ in font [lmmono10-regular]:!
Missing character: There is no ├ in font [lmmono10-regular]:!
Missing character: There is no ─ in font [lmmono10-regular]:!
Missing character: There is no ─ in font [lmmono10-regular]:!
Missing character: There is no │ in font [lmmono10-regular]:!
Missing character: There is no │ in font [lmmono10-regular]:!
Missing character: There is no ├ in font [lmmono10-regular]:!
Missing character: There is no ─ in font [lmmono10-regular]:!
Missing character: There is no ─ in font [lmmono10-regular]:!
Missing character: There is no │ in font [lmmono10-regular]:!
Missing character: There is no │ in font [lmmono10-regular]:!
Missing character: There is no ├ in font [lmmono10-regular]:!
Missing character: There is no ─ in font [lmmono10-regular]:!
Missing character: There is no ─ in font [lmmono10-regular]:!
Missing character: There is no │ in font [lmmono10-regular]:!
Missing character: There is no │ in font [lmmono10-regular]:!
Missing character: There is no ├ in font [lmmono10-regular]:!
Missing character: There is no ─ in font [lmmono10-regular]:!
Missing character: There is no ─ in font [lmmono10-regular]:!
Missing character: There is no │ in font [lmmono10-regular]:!
Missing character: There is no │ in font [lmmono10-regular]:!
Missing character: There is no ├ in font [lmmono10-regular]:!
Missing character: There is no ─ in font [lmmono10-regular]:!
Missing character: There is no ─ in font [lmmono10-regular]:!
Missing character: There is no │ in font [lmmono10-regular]:!
Missing character: There is no │ in font [lmmono10-regular]:!
Missing character: There is no │ in font [lmmono10-regular]:!
Missing character: There is no ├ in font [lmmono10-regular]:!
Missing character: There is no ─ in font [lmmono10-regular]:!
Missing character: There is no ─ in font [lmmono10-regular]:!
Missing character: There is no │ in font [lmmono10-regular]:!
Missing character: There is no │ in font [lmmono10-regular]:!
Missing character: There is no │ in font [lmmono10-regular]:!
Missing character: There is no ├ in font [lmmono10-regular]:!
Missing character: There is no ─ in font [lmmono10-regular]:!
Missing character: There is no ─ in font [lmmono10-regular]:!
Missing character: There is no │ in font [lmmono10-regular]:!
Missing character: There is no │ in font [lmmono10-regular]:!
Missing character: There is no │ in font [lmmono10-regular]:!
Missing character: There is no ├ in font [lmmono10-regular]:!
Missing character: There is no ─ in font [lmmono10-regular]:!
Missing character: There is no ─ in font [lmmono10-regular]:!
Missing character: There is no │ in font [lmmono10-regular]:!
Missing character: There is no │ in font [lmmono10-regular]:!
Missing character: There is no │ in font [lmmono10-regular]:!
Missing character: There is no ├ in font [lmmono10-regular]:!
Missing character: There is no ─ in font [lmmono10-regular]:!
Missing character: There is no ─ in font [lmmono10-regular]:!
Missing character: There is no │ in font [lmmono10-regular]:!
Missing character: There is no │ in font [lmmono10-regular]:!
Missing character: There is no │ in font [lmmono10-regular]:!
Missing character: There is no ├ in font [lmmono10-regular]:!
Missing character: There is no ─ in font [lmmono10-regular]:!
Missing character: There is no ─ in font [lmmono10-regular]:!
Missing character: There is no │ in font [lmmono10-regular]:!
Missing character: There is no │ in font [lmmono10-regular]:!
Missing character: There is no │ in font [lmmono10-regular]:!
Missing character: There is no ├ in font [lmmono10-regular]:!
Missing character: There is no ─ in font [lmmono10-regular]:!
Missing character: There is no ─ in font [lmmono10-regular]:!
Missing character: There is no │ in font [lmmono10-regular]:!
Missing character: There is no │ in font [lmmono10-regular]:!
Missing character: There is no │ in font [lmmono10-regular]:!
Missing character: There is no ├ in font [lmmono10-regular]:!
Missing character: There is no ─ in font [lmmono10-regular]:!
Missing character: There is no ─ in font [lmmono10-regular]:!
Missing character: There is no │ in font [lmmono10-regular]:!
Missing character: There is no │ in font [lmmono10-regular]:!
Missing character: There is no │ in font [lmmono10-regular]:!
Missing character: There is no ├ in font [lmmono10-regular]:!
Missing character: There is no ─ in font [lmmono10-regular]:!
Missing character: There is no ─ in font [lmmono10-regular]:!
Missing character: There is no │ in font [lmmono10-regular]:!
Missing character: There is no │ in font [lmmono10-regular]:!
Missing character: There is no │ in font [lmmono10-regular]:!
Missing character: There is no └ in font [lmmono10-regular]:!
Missing character: There is no ─ in font [lmmono10-regular]:!
Missing character: There is no ─ in font [lmmono10-regular]:!
Missing character: There is no │ in font [lmmono10-regular]:!
Missing character: There is no │ in font [lmmono10-regular]:!
Missing character: There is no └ in font [lmmono10-regular]:!
Missing character: There is no ─ in font [lmmono10-regular]:!
Missing character: There is no ─ in font [lmmono10-regular]:!
Missing character: There is no │ in font [lmmono10-regular]:!
Missing character: There is no │ in font [lmmono10-regular]:!
Missing character: There is no ├ in font [lmmono10-regular]:!
Missing character: There is no ─ in font [lmmono10-regular]:!
Missing character: There is no ─ in font [lmmono10-regular]:!
Missing character: There is no │ in font [lmmono10-regular]:!
Missing character: There is no │ in font [lmmono10-regular]:!
Missing character: There is no ├ in font [lmmono10-regular]:!
Missing character: There is no ─ in font [lmmono10-regular]:!
Missing character: There is no ─ in font [lmmono10-regular]:!
Missing character: There is no │ in font [lmmono10-regular]:!
Missing character: There is no │ in font [lmmono10-regular]:!
Missing character: There is no ├ in font [lmmono10-regular]:!
Missing character: There is no ─ in font [lmmono10-regular]:!
Missing character: There is no ─ in font [lmmono10-regular]:!
Missing character: There is no │ in font [lmmono10-regular]:!
Missing character: There is no │ in font [lmmono10-regular]:!
Missing character: There is no ├ in font [lmmono10-regular]:!
Missing character: There is no ─ in font [lmmono10-regular]:!
Missing character: There is no ─ in font [lmmono10-regular]:!
Missing character: There is no │ in font [lmmono10-regular]:!
Missing character: There is no │ in font [lmmono10-regular]:!
Missing character: There is no ├ in font [lmmono10-regular]:!
Missing character: There is no ─ in font [lmmono10-regular]:!
Missing character: There is no ─ in font [lmmono10-regular]:!
Missing character: There is no │ in font [lmmono10-regular]:!
Missing character: There is no │ in font [lmmono10-regular]:!
Missing character: There is no ├ in font [lmmono10-regular]:!
Missing character: There is no ─ in font [lmmono10-regular]:!
Missing character: There is no ─ in font [lmmono10-regular]:!
Missing character: There is no │ in font [lmmono10-regular]:!
Missing character: There is no │ in font [lmmono10-regular]:!
Missing character: There is no ├ in font [lmmono10-regular]:!
Missing character: There is no ─ in font [lmmono10-regular]:!
Missing character: There is no ─ in font [lmmono10-regular]:!
Missing character: There is no │ in font [lmmono10-regular]:!
Missing character: There is no │ in font [lmmono10-regular]:!
Missing character: There is no ├ in font [lmmono10-regular]:!
Missing character: There is no ─ in font [lmmono10-regular]:!
Missing character: There is no ─ in font [lmmono10-regular]:!
Missing character: There is no │ in font [lmmono10-regular]:!
Missing character: There is no │ in font [lmmono10-regular]:!
Missing character: There is no ├ in font [lmmono10-regular]:!
Missing character: There is no ─ in font [lmmono10-regular]:!
Missing character: There is no ─ in font [lmmono10-regular]:!
Missing character: There is no │ in font [lmmono10-regular]:!
Missing character: There is no │ in font [lmmono10-regular]:!
Missing character: There is no ├ in font [lmmono10-regular]:!
Missing character: There is no ─ in font [lmmono10-regular]:!
Missing character: There is no ─ in font [lmmono10-regular]:!
Missing character: There is no │ in font [lmmono10-regular]:!
Missing character: There is no │ in font [lmmono10-regular]:!
Missing character: There is no └ in font [lmmono10-regular]:!
Missing character: There is no ─ in font [lmmono10-regular]:!
Missing character: There is no ─ in font [lmmono10-regular]:!
Missing character: There is no ├ in font [lmmono10-regular]:!
Missing character: There is no ─ in font [lmmono10-regular]:!
Missing character: There is no ├ in font [lmmono10-regular]:!
Missing character: There is no ─ in font [lmmono10-regular]:!
Missing character: There is no ├ in font [lmmono10-regular]:!
Missing character: There is no ─ in font [lmmono10-regular]:!
Missing character: There is no ─ in font [lmmono10-regular]:!
Missing character: There is no └ in font [lmmono10-regular]:!
Missing character: There is no ─ in font [lmmono10-regular]:!
Missing character: There is no └ in font [lmmono10-regular]:!
Missing character: There is no ─ in font [lmmono10-regular]:!
Missing character: There is no └ in font [lmmono10-regular]:!
Missing character: There is no ─ in font [lmmono10-regular]:!
Missing character: There is no ─ in font [lmmono10-regular]:!

Underfull \hbox (badness 10000) in alignment at lines 6700--6703
[] [] []
 []


Underfull \hbox (badness 10000) in alignment at lines 6703--6705
[] [] []
 []


Underfull \hbox (badness 10000) in paragraph at lines 6706--6708
[]|\TU/lmtt/m/n/10 adc_reader\TU/TimesNewRoman(0)/m/n/10 , \TU/lmtt/m/n/10 imu_
lis3dh\TU/TimesNewRoman(0)/m/n/10 ,
 []


Underfull \hbox (badness 10000) in paragraph at lines 6706--6708
\TU/lmtt/m/n/10 modem_at\TU/TimesNewRoman(0)/m/n/10 , \TU/lmtt/m/n/10 modem_lte
\TU/TimesNewRoman(0)/m/n/10 ,
 []


Underfull \hbox (badness 10000) in paragraph at lines 6706--6708
\TU/lmtt/m/n/10 modem_gnss\TU/TimesNewRoman(0)/m/n/10 , \TU/lmtt/m/n/10 ble_mgr
\TU/TimesNewRoman(0)/m/n/10 ,
 []


Underfull \hbox (badness 10000) in paragraph at lines 6709--6709
[]|\TU/lmtt/m/n/10 power_mgr\TU/TimesNewRoman(0)/m/n/10 , \TU/lmtt/m/n/10 nvs_c
onfig\TU/TimesNewRoman(0)/m/n/10 ,
 []


Underfull \hbox (badness 10000) in paragraph at lines 6712--6712
[]|\TU/lmtt/m/n/10 state_machine\TU/TimesNewRoman(0)/m/n/10 ,
 []


Underfull \hbox (badness 10000) in paragraph at lines 6714--6714
[]|\TU/lmtt/m/n/10 data_formatter\TU/TimesNewRoman(0)/m/n/10 ,
 []


Underfull \hbox (badness 10000) in alignment at lines 6705--6717
[] [] []
 []


ignored: Infinite glue shrinkage found in box being split [98]
Underfull \hbox (badness 10000) in alignment at lines 6731--6734
[] [] [] []
 []


Underfull \hbox (badness 10000) in alignment at lines 6734--6736
[] [] [] []
 []


Underfull \hbox (badness 5924) in paragraph at lines 6737--6738
[]|\TU/TimesNewRoman(0)/m/n/10 Đọc trạng thái khóa điện
 []


Overfull \hbox (15.44542pt too wide) in paragraph at lines 6740--6740
[]|\TU/TimesNewRoman(0)/m/n/10 MODEM_UART_TX| 
 []


Underfull \hbox (badness 10000) in paragraph at lines 6740--6741
[]|\TU/TimesNewRoman(0)/m/n/10 UART TX đến modem
 []


Overfull \hbox (16.00694pt too wide) in paragraph at lines 6741--6741
[]|\TU/TimesNewRoman(0)/m/n/10 MODEM_UART_RX| 
 []


Underfull \hbox (badness 10000) in paragraph at lines 6741--6742
[]|\TU/TimesNewRoman(0)/m/n/10 UART RX từ modem
 []


Overfull \hbox (9.57628pt too wide) in paragraph at lines 6742--6742
[]|\TU/TimesNewRoman(0)/m/n/10 POWER_PATH_EN| 
 []


Underfull \hbox (badness 10000) in paragraph at lines 6743--6744
[]|\TU/TimesNewRoman(0)/m/n/10 Trạng thái từ comparator
 []


Underfull \hbox (badness 10000) in paragraph at lines 6747--6747
[]|\TU/TimesNewRoman(0)/m/n/10 MODEM_PWR-
 []


Underfull \hbox (badness 10000) in alignment at lines 6736--6748
[] [] [] []
 []

[99] [100] [101]
Underfull \hbox (badness 10000) in alignment at lines 6938--6941
[] [] [] [] []
 []


Underfull \hbox (badness 10000) in alignment at lines 6941--6943
[] [] [] [] []
 []


Underfull \hbox (badness 10000) in paragraph at lines 6944--6944
[]|\TU/TimesNewRoman(0)/m/n/10 Tốc độ
 []


Underfull \hbox (badness 10000) in paragraph at lines 6944--6944
\TU/TimesNewRoman(0)/m/n/10 động cơ
 []


Underfull \hbox (badness 10000) in paragraph at lines 6946--6946
[]|\TU/TimesNewRoman(0)/m/n/10 Tải động
 []


Underfull \hbox (badness 10000) in paragraph at lines 6947--6947
[]|\TU/TimesNewRoman(0)/m/n/10 Nhiệt độ
 []


Underfull \hbox (badness 10000) in paragraph at lines 6947--6947
\TU/TimesNewRoman(0)/m/n/10 nước làm
 []


Underfull \hbox (badness 10000) in paragraph at lines 6949--6949
[]|\TU/TimesNewRoman(0)/m/n/10 Nhiệt độ
 []


Underfull \hbox (badness 10000) in paragraph at lines 6950--6950
[]|\TU/TimesNewRoman(0)/m/n/10 Vị trí
 []


Underfull \hbox (badness 10000) in paragraph at lines 6951--6951
[]|\TU/TimesNewRoman(0)/m/n/10 Điện áp
 []


Underfull \hbox (badness 10000) in paragraph at lines 6951--6951
\TU/TimesNewRoman(0)/m/n/10 module
 []


Underfull \hbox (badness 10000) in alignment at lines 6943--6952
[] [] [] [] []
 []

[102] [103] [104]
Underfull \hbox (badness 10000) in alignment at lines 7098--7101
[] [] []
 []


Underfull \hbox (badness 10000) in alignment at lines 7101--7103
[] [] []
 []


Underfull \hbox (badness 10000) in alignment at lines 7103--7114
[] [] []
 []

[105]
Underfull \hbox (badness 1867) in paragraph at lines 7206--7214
[] []\TU/TimesNewRoman(0)/b/n/10 e) Luồng cập nhật firmware OTA[] \TU/TimesNewR
oman(0)/m/n/10 Tính năng OTA mới được tích hợp xuyên suốt từ backend đến
 []


Underfull \hbox (badness 4108) in paragraph at lines 7206--7214
\TU/TimesNewRoman(0)/m/n/10 firmware. Backend tạo \TU/lmtt/m/n/10 jobId\TU/Time
sNewRoman(0)/m/n/10 , tra cứu firmware theo \TU/lmtt/m/n/10 firmwareVersion\TU/
TimesNewRoman(0)/m/n/10 , sinh URL tải file dạng
 []


Underfull \hbox (badness 2875) in paragraph at lines 7206--7214
\TU/lmtt/m/n/10 /api/v1/firmware/{id}/download\TU/TimesNewRoman(0)/m/n/10 , rồi
 gửi lệnh \TU/lmtt/m/n/10 ota_update \TU/TimesNewRoman(0)/m/n/10 qua topic \TU/
lmtt/m/n/10 v1/{device_id}/commands\TU/TimesNewRoman(0)/m/n/10 .
 []

[106]
File: ./assets/figures/thesis-08-chuong-4-trien-khai-firmware-02.png Graphic fi
le (type bmp)
<./assets/figures/thesis-08-chuong-4-trien-khai-firmware-02.png>
 [107]
Underfull \hbox (badness 3612) in paragraph at lines 7318--7318
[]|\TU/TimesNewRoman(0)/b/n/10 Dòng tiêu
 []


Underfull \hbox (badness 10000) in alignment at lines 7317--7320
[] [] [] [] []
 []


Underfull \hbox (badness 10000) in alignment at lines 7320--7322
[] [] [] [] []
 []


Underfull \hbox (badness 10000) in alignment at lines 7322--7327
[] [] [] [] []
 []

[108] [109]
Underfull \hbox (badness 10000) in alignment at lines 7409--7412
[] [] []
 []


Underfull \hbox (badness 10000) in alignment at lines 7412--7414
[] [] []
 []


Underfull \hbox (badness 10000) in alignment at lines 7414--7424
[] [] []
 []


Underfull \hbox (badness 10000) in alignment at lines 7430--7433
[] [] []
 []


Underfull \hbox (badness 10000) in alignment at lines 7433--7435
[] [] []
 []


Underfull \hbox (badness 10000) in alignment at lines 7435--7445
[] [] []
 []

File: ./assets/figures/thesis-08-chuong-4-trien-khai-firmware-01.png Graphic fi
le (type bmp)
<./assets/figures/thesis-08-chuong-4-trien-khai-firmware-01.png>

Overfull \hbox (131.58206pt too wide) in paragraph at lines 7477--7478
[] []\TU/TimesNewRoman(0)/b/n/10 b) Lưu đồ thuật toán tổng thể[] [] 
 []

[110] [111]
File: ./assets/figures/09-chuong-4-trien-khai-cloud-hinh-4-15.png Graphic file 
(type bmp)
<./assets/figures/09-chuong-4-trien-khai-cloud-hinh-4-15.png>
 [112] [113] [114]
File: ./assets/figures/09-chuong-4-trien-khai-cloud-hinh-4-16.png Graphic file 
(type bmp)
<./assets/figures/09-chuong-4-trien-khai-cloud-hinh-4-16.png>
 [115] [116]
Underfull \hbox (badness 10000) in alignment at lines 7779--7782
[] [] [] []
 []


Underfull \hbox (badness 10000) in alignment at lines 7782--7784
[] [] [] []
 []


Underfull \hbox (badness 10000) in paragraph at lines 7786--7786
[]|\TU/TimesNewRoman(0)/m/n/10 1883, 8883, 8083,
 []


Underfull \hbox (badness 10000) in paragraph at lines 7788--7788
[]|\TU/TimesNewRoman(0)/m/n/10 tracking-
 []


Underfull \hbox (badness 10000) in paragraph at lines 7790--7790
[]|\TU/TimesNewRoman(0)/m/n/10 tracking-
 []


Underfull \hbox (badness 10000) in paragraph at lines 7792--7792
[]|\TU/TimesNewRoman(0)/m/n/10 tracking-mqtt-
 []


Underfull \hbox (badness 1286) in paragraph at lines 7792--7794
[]|\TU/TimesNewRoman(0)/m/n/10 Cầu nối MQTT (không ex-
 []


Underfull \hbox (badness 10000) in alignment at lines 7784--7797
[] [] [] []
 []

[117]
File: ./assets/figures/09-chuong-4-trien-khai-cloud-hinh-4-17.png Graphic file 
(type bmp)
<./assets/figures/09-chuong-4-trien-khai-cloud-hinh-4-17.png>
 [118] [119]
Underfull \hbox (badness 10000) in paragraph at lines 7970--7977
\TU/lmtt/m/n/10 vehicle_speed\TU/TimesNewRoman(0)/m/n/10 , \TU/lmtt/m/n/10 vehi
cle_vibration\TU/TimesNewRoman(0)/m/n/10 , \TU/lmtt/m/n/10 vehicle_battery_top\
TU/TimesNewRoman(0)/m/n/10 , \TU/lmtt/m/n/10 vehicle_battery_bot\TU/TimesNewRom
an(0)/m/n/10 ,
 []

[120]
Underfull \hbox (badness 10000) in alignment at lines 8035--8038
[] [] [] []
 []


Underfull \hbox (badness 10000) in alignment at lines 8038--8040
[] [] [] []
 []


Underfull \hbox (badness 10000) in paragraph at lines 8044--8044
[]|\TU/TimesNewRoman(0)/m/n/10 Nhiều (decorators,
 []


Underfull \hbox (badness 10000) in alignment at lines 8040--8047
[] [] [] []
 []

[121] [122]
File: ./assets/figures/09-chuong-4-trien-khai-cloud-hinh-4-18.png Graphic file 
(type bmp)
<./assets/figures/09-chuong-4-trien-khai-cloud-hinh-4-18.png>
 [123]
Underfull \hbox (badness 10000) in alignment at lines 8188--8191
[] [] []
 []


Underfull \hbox (badness 10000) in alignment at lines 8191--8193
[] [] []
 []


Underfull \hbox (badness 2197) in paragraph at lines 8194--8195
[]|\TU/TimesNewRoman(0)/m/n/10 Đăng nhập/đăng xuất session-based,
 []


Underfull \hbox (badness 10000) in alignment at lines 8193--8209
[] [] []
 []

[124]
Underfull \hbox (badness 10000) in alignment at lines 8281--8284
[] [] [] []
 []


Underfull \hbox (badness 10000) in alignment at lines 8284--8286
[] [] [] []
 []


Overfull \hbox (5.90929pt too wide) in paragraph at lines 8289--8289
[]|\TU/lmtt/m/n/10 /api/v1/devices| 
 []


Overfull \hbox (16.40929pt too wide) in paragraph at lines 8293--8293
[]|\TU/lmtt/m/n/10 /api/v1/dashboard| 
 []


Overfull \hbox (11.15929pt too wide) in paragraph at lines 8295--8295
[]|\TU/lmtt/m/n/10 /api/v1/vehicles| 
 []


Overfull \hbox (16.40929pt too wide) in paragraph at lines 8296--8296
[]|\TU/lmtt/m/n/10 /api/v1/customers| 
 []


Overfull \hbox (0.65929pt too wide) in paragraph at lines 8298--8298
[]|\TU/lmtt/m/n/10 /api/v1/alerts| 
 []


Overfull \hbox (16.40929pt too wide) in paragraph at lines 8299--8299
[]|\TU/lmtt/m/n/10 /api/v1/geofences| 
 []


Overfull \hbox (11.15929pt too wide) in paragraph at lines 8300--8300
[]|\TU/lmtt/m/n/10 /api/v1/firmware| 
 []


Underfull \hbox (badness 10000) in alignment at lines 8286--8302
[] [] [] []
 []


ignored: Infinite glue shrinkage found in box being split [125]
Underfull \hbox (badness 4899) in paragraph at lines 8327--8336
[]\TU/TimesNewRoman(0)/m/n/10 Các sự kiện chính được phát từ server đến client 
bao gồm: \TU/lmtt/m/n/10 device:status\TU/TimesNewRoman(0)/m/n/10 , \TU/lmtt/m/
n/10 device:position\TU/TimesNewRoman(0)/m/n/10 ,
 []


Underfull \hbox (badness 10000) in paragraph at lines 8327--8336
\TU/lmtt/m/n/10 device:session_start\TU/TimesNewRoman(0)/m/n/10 , \TU/lmtt/m/n/
10 device:session_end\TU/TimesNewRoman(0)/m/n/10 , \TU/lmtt/m/n/10 command:ack\
TU/TimesNewRoman(0)/m/n/10 , \TU/lmtt/m/n/10 stats:update\TU/TimesNewRoman(0)/m
/n/10 , \TU/lmtt/m/n/10 alert:new\TU/TimesNewRoman(0)/m/n/10 ,
 []

[126]
Underfull \hbox (badness 10000) in alignment at lines 8412--8415
[] [] []
 []


Underfull \hbox (badness 10000) in alignment at lines 8415--8417
[] [] []
 []


Underfull \hbox (badness 2080) in paragraph at lines 8423--8424
[]|\TU/TimesNewRoman(0)/m/n/10 Quản lý trạng thái server (caching,
 []


Underfull \hbox (badness 10000) in alignment at lines 8417--8428
[] [] []
 []

[127]
File: ./assets/figures/09-chuong-4-trien-khai-cloud-hinh-4-19.png Graphic file 
(type bmp)
<./assets/figures/09-chuong-4-trien-khai-cloud-hinh-4-19.png>
 [128]
File: ./assets/figures/09-chuong-4-trien-khai-cloud-hinh-4-20.png Graphic file 
(type bmp)
<./assets/figures/09-chuong-4-trien-khai-cloud-hinh-4-20.png>
 [129]
File: ./assets/figures/09-chuong-4-trien-khai-cloud-hinh-4-21.png Graphic file 
(type bmp)
<./assets/figures/09-chuong-4-trien-khai-cloud-hinh-4-21.png>
 [130]
File: ./assets/figures/09-chuong-4-trien-khai-cloud-hinh-4-22.png Graphic file 
(type bmp)
<./assets/figures/09-chuong-4-trien-khai-cloud-hinh-4-22.png>
 [131]
File: ./assets/figures/09-chuong-4-trien-khai-cloud-hinh-4-23.png Graphic file 
(type bmp)
<./assets/figures/09-chuong-4-trien-khai-cloud-hinh-4-23.png>
 [132] [133]
Underfull \hbox (badness 10000) in alignment at lines 8594--8597
[] [] []
 []


Underfull \hbox (badness 10000) in alignment at lines 8597--8599
[] [] []
 []


Underfull \hbox (badness 10000) in paragraph at lines 8600--8601
[]|\TU/TimesNewRoman(0)/m/n/10 Project setup, Tailwind +
 []


Underfull \hbox (badness 3179) in paragraph at lines 8605--8606
[]|\TU/TimesNewRoman(0)/m/n/10 Geofence management, main-
 []


Underfull \hbox (badness 10000) in paragraph at lines 8605--8606
\TU/TimesNewRoman(0)/m/n/10 tenance, notification settings
 []


Underfull \hbox (badness 10000) in paragraph at lines 8605--8606
\TU/TimesNewRoman(0)/m/n/10 (Telegram + Email), user
 []


Underfull \hbox (badness 10000) in paragraph at lines 8608--8609
[]|\TU/TimesNewRoman(0)/m/n/10 Booking, contract, payment,
 []


Underfull \hbox (badness 10000) in alignment at lines 8599--8610
[] [] []
 []

[134]
Underfull \hbox (badness 10000) in alignment at lines 8669--8672
[] [] [] []
 []


Underfull \hbox (badness 10000) in alignment at lines 8672--8674
[] [] [] []
 []


Underfull \hbox (badness 10000) in paragraph at lines 8675--8675
[]|\TU/TimesNewRoman(0)/m/n/10 VictoriaMetrics
 []


Underfull \hbox (badness 10000) in paragraph at lines 8675--8675
\TU/TimesNewRoman(0)/m/n/10 + Prometheus-
 []


Underfull \hbox (badness 10000) in paragraph at lines 8675--8675
\TU/TimesNewRoman(0)/m/n/10 compatible
 []


Underfull \hbox (badness 10000) in paragraph at lines 8678--8680
[]|\TU/TimesNewRoman(0)/m/n/10 Request logs, error logs,
 []


Underfull \hbox (badness 5533) in paragraph at lines 8682--8684
[]|\TU/TimesNewRoman(0)/m/n/10 Stack traces, user context,
 []


Underfull \hbox (badness 10000) in alignment at lines 8674--8684
[] [] [] []
 []

[135]
File: ./assets/figures/09-chuong-4-trien-khai-cloud-hinh-4-24.png Graphic file 
(type bmp)
<./assets/figures/09-chuong-4-trien-khai-cloud-hinh-4-24.png>
File: ./assets/figures/09-chuong-4-trien-khai-cloud-hinh-4-25.png Graphic file 
(type bmp)
<./assets/figures/09-chuong-4-trien-khai-cloud-hinh-4-25.png>

Underfull \hbox (badness 5548) in paragraph at lines 8800--8803
[] []\TU/TimesNewRoman(0)/b/n/10 f) Sentry - Theo dõi lỗi (Error Tracking)[] \T
U/TimesNewRoman(0)/m/n/10 Backend tích hợp Sentry thông qua hai middleware:
 []

[136]
Underfull \hbox (badness 10000) in paragraph at lines 8856--8856
[]|\TU/TimesNewRoman(0)/b/n/10 Hạng mục bắt
 []


Underfull \hbox (badness 10000) in alignment at lines 8855--8858
[] [] [] []
 []


Underfull \hbox (badness 10000) in alignment at lines 8858--8860
[] [] [] []
 []


Underfull \hbox (badness 10000) in paragraph at lines 8861--8862
[]|\TU/TimesNewRoman(0)/m/n/10 Bật TLS cho
 []


Underfull \hbox (badness 1152) in paragraph at lines 8861--8862
\TU/TimesNewRoman(0)/m/n/10 (\TU/lmtt/m/n/10 8883\TU/TimesNewRoman(0)/m/n/10 ),
 bắt buộc
 []


Underfull \hbox (badness 10000) in paragraph at lines 8862--8864
\TU/TimesNewRoman(0)/m/n/10 TLS, không còn endpoint
 []


Underfull \hbox (badness 10000) in paragraph at lines 8864--8865
\TU/TimesNewRoman(0)/m/n/10 riêng cho từng
 []


Underfull \hbox (badness 10000) in paragraph at lines 8864--8865
\TU/TimesNewRoman(0)/m/n/10 thiết bị (certifi-
 []


Underfull \hbox (badness 1990) in paragraph at lines 8864--8865
\TU/TimesNewRoman(0)/m/n/10 cate hoặc device
 []


Underfull \hbox (badness 10000) in paragraph at lines 8867--8868
[]|\TU/TimesNewRoman(0)/m/n/10 Rate limiting,
 []


Underfull \hbox (badness 10000) in paragraph at lines 8867--8868
\TU/TimesNewRoman(0)/m/n/10 CORS whitelist,
 []


Underfull \hbox (badness 10000) in paragraph at lines 8867--8868
\TU/TimesNewRoman(0)/m/n/10 kiểm tra input
 []


Underfull \hbox (badness 10000) in paragraph at lines 8867--8868
\TU/TimesNewRoman(0)/m/n/10 bằng schema
 []


Underfull \hbox (badness 10000) in paragraph at lines 8870--8871
[]|\TU/TimesNewRoman(0)/m/n/10 Health check
 []


Underfull \hbox (badness 10000) in paragraph at lines 8870--8871
\TU/TimesNewRoman(0)/m/n/10 policy + watch-
 []


Underfull \hbox (badness 4805) in paragraph at lines 8873--8874
[]|\TU/TimesNewRoman(0)/m/n/10 Backup tự động
 []


Underfull \hbox (badness 10000) in paragraph at lines 8873--8874
\TU/TimesNewRoman(0)/m/n/10 PostgreSQL
 []


Underfull \hbox (badness 10000) in paragraph at lines 8873--8874
\TU/TimesNewRoman(0)/m/n/10 + chính sách
 []


Underfull \hbox (badness 10000) in paragraph at lines 8873--8874
\TU/TimesNewRoman(0)/m/n/10 retention cho
 []


Underfull \hbox (badness 10000) in paragraph at lines 8875--8876
[]|\TU/TimesNewRoman(0)/m/n/10 Mount retry có
 []


Underfull \hbox (badness 10000) in paragraph at lines 8875--8876
\TU/TimesNewRoman(0)/m/n/10 backoff, fsync
 []


Underfull \hbox (badness 7522) in paragraph at lines 8875--8876
\TU/TimesNewRoman(0)/m/n/10 trước close, un-
 []


Underfull \hbox (badness 2486) in paragraph at lines 8875--8876
\TU/TimesNewRoman(0)/m/n/10 mount sạch theo
 []


Underfull \hbox (badness 10000) in paragraph at lines 8878--8879
[]|\TU/TimesNewRoman(0)/m/n/10 ACK timeout
 []


Underfull \hbox (badness 10000) in paragraph at lines 8878--8879
\TU/TimesNewRoman(0)/m/n/10 + retry backoff,
 []


Underfull \hbox (badness 10000) in paragraph at lines 8878--8879
\TU/TimesNewRoman(0)/m/n/10 tách critical/non-
 []


Underfull \hbox (badness 1215) in paragraph at lines 8878--8879
\TU/TimesNewRoman(0)/m/n/10 critical, GC theo
 []


Underfull \hbox (badness 4634) in paragraph at lines 8879--8881
[]|\TU/TimesNewRoman(0)/m/n/10 Hàng đợi replay tiến dần,
 []


Underfull \hbox (badness 5652) in paragraph at lines 8881--8882
[]|\TU/TimesNewRoman(0)/m/n/10 Connection pool-
 []


Underfull \hbox (badness 3449) in paragraph at lines 8881--8882
\TU/TimesNewRoman(0)/m/n/10 ing, tối ưu truy
 []


Underfull \hbox (badness 2653) in paragraph at lines 8881--8882
\TU/TimesNewRoman(0)/m/n/10 vấn, cache nóng
 []


Underfull \hbox (badness 10000) in paragraph at lines 8884--8885
[]|\TU/TimesNewRoman(0)/m/n/10 Load balancing
 []


Underfull \hbox (badness 10000) in paragraph at lines 8885--8887
[]|\TU/TimesNewRoman(0)/m/n/10 Scale-out không làm
 []


Underfull \hbox (badness 10000) in paragraph at lines 8885--8887
\TU/TimesNewRoman(0)/m/n/10 gián đoạn kết nối Web-
 []


Underfull \hbox (badness 10000) in paragraph at lines 8887--8888
[]|\TU/TimesNewRoman(0)/m/n/10 Security event
 []


Underfull \hbox (badness 10000) in paragraph at lines 8887--8888
\TU/TimesNewRoman(0)/m/n/10 logging, alert
 []


Underfull \hbox (badness 10000) in paragraph at lines 8887--8888
\TU/TimesNewRoman(0)/m/n/10 theo ngưỡng
 []


Underfull \hbox (badness 10000) in alignment at lines 8860--8890
[] [] [] []
 []


ignored: Infinite glue shrinkage found in box being split [137]
Underfull \hbox (badness 10000) in alignment at lines 8917--8920
[] [] [] []
 []


Underfull \hbox (badness 10000) in alignment at lines 8920--8922
[] [] [] []
 []


Underfull \hbox (badness 6125) in paragraph at lines 8924--8924
[]|\TU/TimesNewRoman(0)/m/n/10 Node.js + Type-
 []


Underfull \hbox (badness 4713) in paragraph at lines 8926--8926
[]|\TU/TimesNewRoman(0)/m/n/10 Express + Type-
 []


Underfull \hbox (badness 10000) in paragraph at lines 8926--8928
[]|\TU/TimesNewRoman(0)/m/n/10 REST API, WebSocket,
 []


Underfull \hbox (badness 6808) in paragraph at lines 8930--8932
[]|\TU/TimesNewRoman(0)/m/n/10 Dữ liệu telemetry (GNSS,
 []


Underfull \hbox (badness 10000) in alignment at lines 8922--8938
[] [] [] []
 []


ignored: Infinite glue shrinkage found in box being split [138]
Underfull \hbox (badness 10000) in alignment at lines 8968--8971
[] [] [] [] []
 []


Underfull \hbox (badness 10000) in alignment at lines 8971--8973
[] [] [] [] []
 []


Underfull \hbox (badness 10000) in paragraph at lines 8974--8974
[]|\TU/TimesNewRoman(0)/m/n/10 Đồng hồ
 []


Underfull \hbox (badness 10000) in paragraph at lines 8974--8974
\TU/TimesNewRoman(0)/m/n/10 vạn năng
 []


Overfull \hbox (6.1281pt too wide) in paragraph at lines 8978--8978
[]|\TU/TimesNewRoman(0)/m/n/10 Oscilloscope| 
 []


Underfull \hbox (badness 10000) in paragraph at lines 8982--8982
[]|\TU/TimesNewRoman(0)/m/n/10 OBD2
 []


Underfull \hbox (badness 10000) in paragraph at lines 8984--8984
[]|\TU/TimesNewRoman(0)/m/n/10 Điểm đo
 []


Underfull \hbox (badness 5274) in paragraph at lines 8984--8984
\TU/TimesNewRoman(0)/m/n/10 GPS tham
 []


Underfull \hbox (badness 10000) in alignment at lines 8973--8986
[] [] [] [] []
 []

[139]
File: ./assets/figures/10-chuong-4-ket-qua-do-luong-hinh-4-20.png Graphic file 
(type bmp)
<./assets/figures/10-chuong-4-ket-qua-do-luong-hinh-4-20.png>
File: ./assets/figures/10-chuong-4-ket-qua-do-luong-hinh-4-21.png Graphic file 
(type bmp)
<./assets/figures/10-chuong-4-ket-qua-do-luong-hinh-4-21.png>
 [140]
Underfull \hbox (badness 10000) in alignment at lines 9021--9024
[] [] []
 []


Underfull \hbox (badness 10000) in alignment at lines 9024--9026
[] [] []
 []


Underfull \hbox (badness 10000) in paragraph at lines 9033--9035
[]|\TU/TimesNewRoman(0)/m/n/10 Version 16, tuned
 []


Underfull \hbox (badness 10000) in alignment at lines 9026--9036
[] [] []
 []


ignored: Infinite glue shrinkage found in box being split [141]
File: ./assets/figures/10-chuong-4-ket-qua-do-luong-hinh-4-22.png Graphic file 
(type bmp)
<./assets/figures/10-chuong-4-ket-qua-do-luong-hinh-4-22.png>

Underfull \hbox (badness 10000) in paragraph at lines 9098--9098
[]|\TU/TimesNewRoman(0)/b/n/10 Chế độ hoạt
 []


Underfull \hbox (badness 10000) in paragraph at lines 9098--9098
[]|\TU/TimesNewRoman(0)/b/n/10 Dòng đỉnh
 []


Overfull \hbox (5.1796pt too wide) in alignment at lines 9097--9100
[] [] [] [] [] []
 []


Overfull \hbox (5.1796pt too wide) in alignment at lines 9100--9102
[] [] [] [] [] []
 []


Underfull \hbox (badness 10000) in paragraph at lines 9106--9106
[]|\TU/TimesNewRoman(0)/m/n/10 Active - Idle
 []


Underfull \hbox (badness 10000) in paragraph at lines 9109--9109
[]|\TU/TimesNewRoman(0)/m/n/10 Sleep Mode
 []


Underfull \hbox (badness 10000) in paragraph at lines 9111--9111
[]|\TU/TimesNewRoman(0)/m/n/10 Deep Sleep
 []


Underfull \hbox (badness 10000) in paragraph at lines 9112--9112
\TU/TimesNewRoman(0)/m/n/10 cần xác nhận
 []


Underfull \hbox (badness 2012) in paragraph at lines 9115--9117
[]|\TU/TimesNewRoman(0)/m/n/10 Tương tự Active + GPS
 []


Overfull \hbox (5.1796pt too wide) in alignment at lines 9102--9117
[] [] [] [] [] []
 []


ignored: Infinite glue shrinkage found in box being split [142]
File: ./assets/figures/10-chuong-4-ket-qua-do-luong-hinh-4-23.png Graphic file 
(type bmp)
<./assets/figures/10-chuong-4-ket-qua-do-luong-hinh-4-23.png>

Underfull \hbox (badness 10000) in paragraph at lines 9163--9163
[]|\TU/TimesNewRoman(0)/b/n/10 Kịch bản sử
 []


Underfull \hbox (badness 10000) in paragraph at lines 9163--9163
[]|\TU/TimesNewRoman(0)/b/n/10 Thời lượng ước
 []


Overfull \hbox (5.1796pt too wide) in alignment at lines 9162--9166
[] [] [] [] [] []
 []


Overfull \hbox (5.1796pt too wide) in alignment at lines 9166--9168
[] [] [] [] [] []
 []


Underfull \hbox (badness 10000) in paragraph at lines 9169--9169
[]|\TU/TimesNewRoman(0)/m/n/10 Tracking liên
 []


Underfull \hbox (badness 10000) in paragraph at lines 9170--9170
[]|\TU/TimesNewRoman(0)/m/n/10 Quy đổi theo
 []


Underfull \hbox (badness 5022) in paragraph at lines 9172--9172
[]|\TU/TimesNewRoman(0)/m/n/10 Sleep + heart-
 []


Underfull \hbox (badness 10000) in paragraph at lines 9173--9173
[]|\TU/TimesNewRoman(0)/m/n/10 Quy đổi theo
 []


Underfull \hbox (badness 10000) in paragraph at lines 9174--9174
[]|\TU/TimesNewRoman(0)/m/n/10 Deep Sleep
 []


Underfull \hbox (badness 5260) in paragraph at lines 9175--9175
[]| \TU/TimesNewRoman(0)/m/n/10 1,940 giờ ( 81
 []


Underfull \hbox (badness 10000) in paragraph at lines 9175--9176
[]|\TU/TimesNewRoman(0)/m/n/10 Quy đổi theo
 []


Underfull \hbox (badness 4479) in paragraph at lines 9177--9177
\TU/TimesNewRoman(0)/m/n/10 Active + 50%
 []


Underfull \hbox (badness 10000) in paragraph at lines 9178--9178
[]|\TU/TimesNewRoman(0)/m/n/10 Quy đổi theo
 []


Overfull \hbox (5.1796pt too wide) in alignment at lines 9168--9180
[] [] [] [] [] []
 []

[143]
File: ./assets/figures/10-chuong-4-ket-qua-do-luong-hinh-4-24.png Graphic file 
(type bmp)
<./assets/figures/10-chuong-4-ket-qua-do-luong-hinh-4-24.png>

Underfull \hbox (badness 1005) in paragraph at lines 9206--9206
[]|\TU/TimesNewRoman(0)/b/n/10 Nhiệt độ thử
 []


Underfull \hbox (badness 10000) in paragraph at lines 9206--9206
[]|\TU/TimesNewRoman(0)/b/n/10 Trạng thái
 []


Overfull \hbox (11.99347pt too wide) in alignment at lines 9205--9208
[] [] [] [] [] [] []
 []


Overfull \hbox (11.99347pt too wide) in alignment at lines 9208--9210
[] [] [] [] [] [] []
 []


Underfull \hbox (badness 10000) in paragraph at lines 9219--9221
[]|\TU/TimesNewRoman(0)/m/n/10 Module 4G bắt đầu
 []


Underfull \hbox (badness 10000) in paragraph at lines 9221--9221
[]|\TU/TimesNewRoman(0)/m/n/10 Ngưng hoạt
 []


Overfull \hbox (11.99347pt too wide) in alignment at lines 9210--9223
[] [] [] [] [] [] []
 []

[144]
File: ./assets/figures/10-chuong-4-ket-qua-do-luong-hinh-4-25.png Graphic file 
(type bmp)
<./assets/figures/10-chuong-4-ket-qua-do-luong-hinh-4-25.png>

Overfull \hbox (0.69467pt too wide) in paragraph at lines 9247--9247
[]|\TU/TimesNewRoman(0)/b/n/10 STT| 
 []


Underfull \hbox (badness 10000) in paragraph at lines 9247--9247
[]|\TU/TimesNewRoman(0)/b/n/10 Xe thử
 []


Underfull \hbox (badness 10000) in paragraph at lines 9247--9247
[]|\TU/TimesNewRoman(0)/b/n/10 Năm sản
 []


Underfull \hbox (badness 1577) in paragraph at lines 9247--9247
[]|\TU/TimesNewRoman(0)/b/n/10 Giao thức
 []


Underfull \hbox (badness 10000) in paragraph at lines 9247--9247
[]|\TU/TimesNewRoman(0)/b/n/10 Kết nối
 []


Underfull \hbox (badness 10000) in paragraph at lines 9248--9248
[]|\TU/TimesNewRoman(0)/b/n/10 Đọc
 []


Underfull \hbox (badness 10000) in paragraph at lines 9248--9248
\TU/TimesNewRoman(0)/b/n/10 Coolant
 []


Overfull \hbox (25.59344pt too wide) in alignment at lines 9246--9250
[] [] [] [] [] [] [] [] []
 []


Overfull \hbox (25.59344pt too wide) in alignment at lines 9250--9252
[] [] [] [] [] [] [] [] []
 []


Underfull \hbox (badness 10000) in paragraph at lines 9253--9253
[]|\TU/TimesNewRoman(0)/m/n/10 Toyota
 []


Underfull \hbox (badness 10000) in paragraph at lines 9253--9253
[]|\TU/TimesNewRoman(0)/m/n/10 ISO
 []


Underfull \hbox (badness 10000) in paragraph at lines 9253--9253
\TU/TimesNewRoman(0)/m/n/10 15765–4
 []


Underfull \hbox (badness 10000) in paragraph at lines 9253--9253
[]|\TU/TimesNewRoman(0)/m/n/10 Thành
 []


Underfull \hbox (badness 10000) in paragraph at lines 9255--9255
[]|\TU/TimesNewRoman(0)/m/n/10 Honda
 []


Underfull \hbox (badness 10000) in paragraph at lines 9255--9255
[]|\TU/TimesNewRoman(0)/m/n/10 ISO
 []


Underfull \hbox (badness 10000) in paragraph at lines 9255--9255
\TU/TimesNewRoman(0)/m/n/10 15765–4
 []


Underfull \hbox (badness 10000) in paragraph at lines 9255--9255
[]|\TU/TimesNewRoman(0)/m/n/10 Thành
 []


Underfull \hbox (badness 10000) in paragraph at lines 9257--9257
[]|\TU/TimesNewRoman(0)/m/n/10 [Cần đo
 []


Underfull \hbox (badness 10000) in paragraph at lines 9257--9257
[]|\TU/TimesNewRoman(0)/m/n/10 [Cần đo
 []


Underfull \hbox (badness 10000) in paragraph at lines 9257--9257
[]|\TU/TimesNewRoman(0)/m/n/10 [Cần đo
 []


Underfull \hbox (badness 10000) in paragraph at lines 9258--9258
[]|\TU/TimesNewRoman(0)/m/n/10 [Cần đo
 []


Underfull \hbox (badness 10000) in paragraph at lines 9258--9258
[]|\TU/TimesNewRoman(0)/m/n/10 [Cần đo
 []


Underfull \hbox (badness 10000) in paragraph at lines 9258--9258
[]|\TU/TimesNewRoman(0)/m/n/10 [Cần đo
 []


Underfull \hbox (badness 10000) in paragraph at lines 9259--9259
[]|\TU/TimesNewRoman(0)/m/n/10 [Cần đo
 []


Overfull \hbox (25.59344pt too wide) in alignment at lines 9252--9260
[] [] [] [] [] [] [] [] []
 []

[145]
Overfull \hbox (5.1796pt too wide) in alignment at lines 9279--9283
[] [] [] [] [] []
 []


Overfull \hbox (5.1796pt too wide) in alignment at lines 9283--9285
[] [] [] [] [] []
 []


Underfull \hbox (badness 10000) in paragraph at lines 9286--9286
[]|\TU/TimesNewRoman(0)/m/n/10 Điện áp ngắt
 []


Underfull \hbox (badness 10000) in paragraph at lines 9287--9287
[]|\TU/TimesNewRoman(0)/m/n/10 11.48V [đo theo
 []


Underfull \hbox (badness 6125) in paragraph at lines 9288--9288
[]|\TU/TimesNewRoman(0)/m/n/10 Điện áp đóng
 []


Underfull \hbox (badness 10000) in paragraph at lines 9289--9289
[]|\TU/TimesNewRoman(0)/m/n/10 12.53V [đo theo
 []


Underfull \hbox (badness 10000) in paragraph at lines 9289--9289
\TU/TimesNewRoman(0)/m/n/10 profile 12V, cần
 []


Underfull \hbox (badness 10000) in paragraph at lines 9289--9289
\TU/TimesNewRoman(0)/m/n/10 tinh chỉnh về
 []


Underfull \hbox (badness 1466) in paragraph at lines 9291--9292
[]| \TU/TimesNewRoman(0)/m/n/10 50 ms (đo bước
 []


Underfull \hbox (badness 10000) in paragraph at lines 9295--9295
[]|\TU/TimesNewRoman(0)/m/n/10 1.05V (đo bước
 []


Overfull \hbox (5.1796pt too wide) in alignment at lines 9285--9296
[] [] [] [] [] []
 []


Overfull \hbox (5.1796pt too wide) in alignment at lines 9320--9324
[] [] [] [] [] []
 []


Overfull \hbox (5.1796pt too wide) in alignment at lines 9324--9326
[] [] [] [] [] []
 []


Underfull \hbox (badness 6625) in paragraph at lines 9329--9329
[]|\TU/TimesNewRoman(0)/m/n/10 Thời gian kết
 []


Underfull \hbox (badness 10000) in paragraph at lines 9333--9333
[]|\TU/TimesNewRoman(0)/b/n/10 Tổng thời
 []


Underfull \hbox (badness 10000) in paragraph at lines 9333--9333
\TU/TimesNewRoman(0)/b/n/10 gian (scan +
 []


Overfull \hbox (5.1796pt too wide) in alignment at lines 9326--9336
[] [] [] [] [] []
 []

[146]
File: ./assets/figures/10-chuong-4-ket-qua-do-luong-hinh-4-26.png Graphic file 
(type bmp)
<./assets/figures/10-chuong-4-ket-qua-do-luong-hinh-4-26.png>

Underfull \hbox (badness 5667) in paragraph at lines 9362--9362
[]|\TU/TimesNewRoman(0)/b/n/10 Thời gian trung
 []


Overfull \hbox (5.1796pt too wide) in alignment at lines 9361--9364
[] [] [] [] [] []
 []


Overfull \hbox (5.1796pt too wide) in alignment at lines 9364--9366
[] [] [] [] [] []
 []


Overfull \hbox (5.1796pt too wide) in alignment at lines 9366--9376
[] [] [] [] [] []
 []


ignored: Infinite glue shrinkage found in box being split [147]
Underfull \hbox (badness 10000) in paragraph at lines 9395--9395
[]|\TU/TimesNewRoman(0)/b/n/10 TTFF trung
 []


Overfull \hbox (11.99347pt too wide) in alignment at lines 9394--9398
[] [] [] [] [] [] []
 []


Overfull \hbox (11.99347pt too wide) in alignment at lines 9398--9400
[] [] [] [] [] [] []
 []


Underfull \hbox (badness 2285) in paragraph at lines 9401--9401
[]|\TU/TimesNewRoman(0)/m/n/10 Không có dữ
 []


Underfull \hbox (badness 10000) in paragraph at lines 9403--9403
[]|\TU/TimesNewRoman(0)/m/n/10 Có dữ liệu
 []


Underfull \hbox (badness 1577) in paragraph at lines 9405--9405
\TU/TimesNewRoman(0)/m/n/10 đã hoạt động,
 []


Underfull \hbox (badness 10000) in paragraph at lines 9405--9405
\TU/TimesNewRoman(0)/m/n/10 tạm mất tín
 []


Overfull \hbox (11.99347pt too wide) in alignment at lines 9400--9407
[] [] [] [] [] [] []
 []

File: ./assets/figures/10-chuong-4-ket-qua-do-luong-hinh-4-27.png Graphic file 
(type bmp)
<./assets/figures/10-chuong-4-ket-qua-do-luong-hinh-4-27.png>
[148]
Underfull \hbox (badness 10000) in alignment at lines 9424--9427
[] [] [] [] []
 []


Underfull \hbox (badness 10000) in alignment at lines 9427--9429
[] [] [] [] []
 []


Underfull \hbox (badness 1616) in paragraph at lines 9430--9430
[]|\TU/TimesNewRoman(0)/m/n/10 Ngoài trời,
 []


Underfull \hbox (badness 1616) in paragraph at lines 9432--9432
[]|\TU/TimesNewRoman(0)/m/n/10 Ngoài trời,
 []


Underfull \hbox (badness 3128) in paragraph at lines 9434--9434
[]|\TU/TimesNewRoman(0)/m/n/10 Trong phố
 []


Underfull \hbox (badness 10000) in paragraph at lines 9434--9434
\TU/TimesNewRoman(0)/m/n/10 (urban
 []


Underfull \hbox (badness 2384) in paragraph at lines 9437--9437
[]|\TU/TimesNewRoman(0)/m/n/10 Bãi đỗ xe
 []


Underfull \hbox (badness 10000) in alignment at lines 9429--9440
[] [] [] [] []
 []


Underfull \hbox (badness 10000) in paragraph at lines 9460--9460
[]|\TU/TimesNewRoman(0)/b/n/10 Điều kiện
 []


Underfull \hbox (badness 1286) in paragraph at lines 9460--9460
[]|\TU/TimesNewRoman(0)/b/n/10 Độ trễ trung
 []


Overfull \hbox (11.99347pt too wide) in alignment at lines 9459--9462
[] [] [] [] [] [] []
 []


Overfull \hbox (11.99347pt too wide) in alignment at lines 9462--9464
[] [] [] [] [] [] []
 []


Underfull \hbox (badness 10000) in paragraph at lines 9465--9465
[]|\TU/TimesNewRoman(0)/m/n/10 4G ổn định
 []


Underfull \hbox (badness 10000) in paragraph at lines 9467--9467
[]|\TU/TimesNewRoman(0)/m/n/10 4G ổn định
 []


Underfull \hbox (badness 4967) in paragraph at lines 9469--9469
[]|\TU/TimesNewRoman(0)/m/n/10 4G yếu (1–2
 []


Underfull \hbox (badness 4967) in paragraph at lines 9471--9471
[]|\TU/TimesNewRoman(0)/m/n/10 4G yếu (1–2
 []


Overfull \hbox (11.99347pt too wide) in alignment at lines 9464--9473
[] [] [] [] [] [] []
 []

[149]
File: ./assets/figures/10-chuong-4-ket-qua-do-luong-hinh-4-28.png Graphic file 
(type bmp)
<./assets/figures/10-chuong-4-ket-qua-do-luong-hinh-4-28.png>

Underfull \hbox (badness 10000) in paragraph at lines 9501--9501
[]|\TU/TimesNewRoman(0)/b/n/10 Chuyển đổi
 []


Overfull \hbox (5.1796pt too wide) in alignment at lines 9500--9503
[] [] [] [] [] []
 []


Overfull \hbox (5.1796pt too wide) in alignment at lines 9503--9505
[] [] [] [] [] []
 []


Underfull \hbox (badness 10000) in paragraph at lines 9510--9510
[]|\TU/TimesNewRoman(0)/m/n/10 Parking ->
 []


Underfull \hbox (badness 10000) in paragraph at lines 9510--9510
\TU/TimesNewRoman(0)/m/n/10 Alert (IMU
 []


Underfull \hbox (badness 5022) in paragraph at lines 9512--9512
[]|\TU/TimesNewRoman(0)/m/n/10 Alert -> Park-
 []


Underfull \hbox (badness 10000) in paragraph at lines 9512--9512
\TU/TimesNewRoman(0)/m/n/10 ing (time-
 []


Underfull \hbox (badness 5022) in paragraph at lines 9514--9514
[]|\TU/TimesNewRoman(0)/m/n/10 Alert -> Driv-
 []


Underfull \hbox (badness 5985) in paragraph at lines 9515--9515
[]|\TU/TimesNewRoman(0)/m/n/10 Mất nguồn ->
 []


Overfull \hbox (5.1796pt too wide) in alignment at lines 9505--9516
[] [] [] [] [] []
 []

[150]
Underfull \hbox (badness 10000) in alignment at lines 9537--9540
[] [] [] [] []
 []


Underfull \hbox (badness 10000) in alignment at lines 9540--9542
[] [] [] [] []
 []


Underfull \hbox (badness 10000) in paragraph at lines 9543--9543
[]|\TU/TimesNewRoman(0)/m/n/10 Thời gian
 []


Underfull \hbox (badness 10000) in paragraph at lines 9543--9543
\TU/TimesNewRoman(0)/m/n/10 phát hiện
 []


Underfull \hbox (badness 10000) in paragraph at lines 9545--9545
[]|\TU/TimesNewRoman(0)/m/n/10 Thời gian
 []


Underfull \hbox (badness 2359) in paragraph at lines 9547--9547
[]|\TU/TimesNewRoman(0)/m/n/10 Khôi phục
 []


Underfull \hbox (badness 10000) in paragraph at lines 9547--9547
\TU/TimesNewRoman(0)/m/n/10 subscrip-
 []


Underfull \hbox (badness 10000) in paragraph at lines 9547--9547
\TU/TimesNewRoman(0)/m/n/10 tion lệnh
 []


Underfull \hbox (badness 10000) in paragraph at lines 9549--9549
[]|\TU/TimesNewRoman(0)/m/n/10 Tiếp tục
 []


Underfull \hbox (badness 10000) in paragraph at lines 9551--9551
[]|\TU/TimesNewRoman(0)/m/n/10 Xử lý
 []


Underfull \hbox (badness 10000) in paragraph at lines 9551--9551
\TU/TimesNewRoman(0)/m/n/10 mất dữ
 []


Underfull \hbox (badness 10000) in paragraph at lines 9551--9551
\TU/TimesNewRoman(0)/m/n/10 liệu trong
 []


Underfull \hbox (badness 10000) in paragraph at lines 9551--9551
\TU/TimesNewRoman(0)/m/n/10 thời gian
 []


Underfull \hbox (badness 10000) in paragraph at lines 9554--9554
[]|\TU/TimesNewRoman(0)/m/n/10 Replay
 []


Underfull \hbox (badness 10000) in paragraph at lines 9554--9554
\TU/TimesNewRoman(0)/m/n/10 telemetry
 []


Underfull \hbox (badness 10000) in alignment at lines 9542--9557
[] [] [] [] []
 []


ignored: Infinite glue shrinkage found in box being split [151]
Underfull \hbox (badness 10000) in alignment at lines 9580--9583
[] [] []
 []


Underfull \hbox (badness 10000) in alignment at lines 9583--9585
[] [] []
 []


Underfull \hbox (badness 10000) in paragraph at lines 9586--9588
[]|\TU/lmtt/m/n/10 POST
 []


Underfull \hbox (badness 10000) in paragraph at lines 9586--9588
\TU/lmtt/m/n/10 /api/v1/devices/:id/ota
 []


Underfull \hbox (badness 2005) in paragraph at lines 9586--9588
\TU/TimesNewRoman(0)/m/n/10 tạo \TU/lmtt/m/n/10 jobId\TU/TimesNewRoman(0)/m/n/1
0 , tra cứu firmware
 []


Underfull \hbox (badness 4765) in paragraph at lines 9589--9590
[]|$[] [] [] [] [] [] [] [] [] [] [] [] [] [] [] [] [] [] [][] []
 []


Underfull \hbox (badness 3525) in paragraph at lines 9589--9590
[] [] [] [] [] [] [] [] [] [] [] [] [] [] []$ \TU/TimesNewRoman(0)/m/n/10 gửi l
ệnh
 []


Underfull \hbox (badness 10000) in paragraph at lines 9591--9593
[]|\TU/TimesNewRoman(0)/m/n/10 Parse đủ \TU/lmtt/m/n/10 jobId\TU/TimesNewRoman(
0)/m/n/10 , \TU/lmtt/m/n/10 version\TU/TimesNewRoman(0)/m/n/10 ,
 []


Underfull \hbox (badness 4531) in paragraph at lines 9591--9593
\TU/lmtt/m/n/10 url\TU/TimesNewRoman(0)/m/n/10 , \TU/lmtt/m/n/10 size\TU/TimesN
ewRoman(0)/m/n/10 , \TU/lmtt/m/n/10 sha256\TU/TimesNewRoman(0)/m/n/10 , \TU/lmt
t/m/n/10 force\TU/TimesNewRoman(0)/m/n/10 ,
 []


Underfull \hbox (badness 1983) in paragraph at lines 9596--9596
[]|\TU/TimesNewRoman(0)/m/n/10 Hỗ trợ rollback thủ công về
 []


Underfull \hbox (badness 1314) in paragraph at lines 9598--9599
[]|\TU/TimesNewRoman(0)/m/n/10 Validate payload OTA, upsert
 []


Underfull \hbox (badness 10000) in paragraph at lines 9598--9599
\TU/lmtt/m/n/10 firmware_update_log\TU/TimesNewRoman(0)/m/n/10 , ghi
 []


Underfull \hbox (badness 10000) in alignment at lines 9585--9600
[] [] []
 []

[152]
Underfull \hbox (badness 10000) in paragraph at lines 9625--9625
\TU/TimesNewRoman(0)/b/n/10 trung
 []


Overfull \hbox (18.77957pt too wide) in alignment at lines 9624--9627
[] [] [] [] [] [] [] []
 []


Overfull \hbox (18.77957pt too wide) in alignment at lines 9627--9629
[] [] [] [] [] [] [] []
 []


Underfull \hbox (badness 10000) in paragraph at lines 9636--9636
[]|\TU/TimesNewRoman(0)/m/n/10 GET
 []


Overfull \hbox (4.8681pt too wide) in paragraph at lines 9636--9636
\TU/TimesNewRoman(0)/m/n/10 /api/v1/devices/:id/telemetry| 
 []


Overfull \hbox (18.77957pt too wide) in alignment at lines 9629--9646
[] [] [] [] [] [] [] []
 []

File: ./assets/figures/10-chuong-4-ket-qua-do-luong-hinh-4-29.png Graphic file 
(type bmp)
<./assets/figures/10-chuong-4-ket-qua-do-luong-hinh-4-29.png>
[153]
Underfull \hbox (badness 10000) in paragraph at lines 9672--9672
[]|\TU/TimesNewRoman(0)/b/n/10 Đoạn
 []


Underfull \hbox (badness 10000) in alignment at lines 9671--9674
[] [] [] [] []
 []


Underfull \hbox (badness 10000) in alignment at lines 9674--9676
[] [] [] [] []
 []


Underfull \hbox (badness 10000) in paragraph at lines 9677--9677
[]|\TU/TimesNewRoman(0)/m/n/10 Device ->
 []


Underfull \hbox (badness 10000) in paragraph at lines 9677--9677
\TU/TimesNewRoman(0)/m/n/10 EMQX
 []


Underfull \hbox (badness 10000) in paragraph at lines 9677--9677
\TU/TimesNewRoman(0)/m/n/10 (MQTT
 []


Underfull \hbox (badness 10000) in paragraph at lines 9679--9679
[]|\TU/TimesNewRoman(0)/m/n/10 EMQX
 []


Underfull \hbox (badness 10000) in paragraph at lines 9679--9679
\TU/TimesNewRoman(0)/m/n/10 -> MQTT
 []


Underfull \hbox (badness 10000) in paragraph at lines 9679--9679
\TU/TimesNewRoman(0)/m/n/10 Bridge
 []


Underfull \hbox (badness 6708) in paragraph at lines 9680--9681
[]|\TU/TimesNewRoman(0)/m/n/10 Nội bộ Docker net-
 []


Underfull \hbox (badness 10000) in paragraph at lines 9681--9681
[]|\TU/TimesNewRoman(0)/m/n/10 Bridge ->
 []


Underfull \hbox (badness 10000) in paragraph at lines 9681--9681
\TU/TimesNewRoman(0)/m/n/10 Victoria-
 []


Underfull \hbox (badness 10000) in paragraph at lines 9681--9681
\TU/TimesNewRoman(0)/m/n/10 Metrics
 []


Underfull \hbox (badness 10000) in paragraph at lines 9683--9683
[]|\TU/TimesNewRoman(0)/m/n/10 Bridge ->
 []


Underfull \hbox (badness 10000) in paragraph at lines 9683--9683
\TU/TimesNewRoman(0)/m/n/10 Backend
 []


Underfull \hbox (badness 10000) in paragraph at lines 9683--9683
\TU/TimesNewRoman(0)/m/n/10 (internal
 []


Underfull \hbox (badness 10000) in paragraph at lines 9685--9685
\TU/TimesNewRoman(0)/m/n/10 Frontend
 []


Underfull \hbox (badness 10000) in paragraph at lines 9685--9685
\TU/TimesNewRoman(0)/m/n/10 (Web-
 []


Underfull \hbox (badness 10000) in paragraph at lines 9688--9689
[]|\TU/TimesNewRoman(0)/b/n/10 Device đến Dash-
 []


Underfull \hbox (badness 10000) in alignment at lines 9676--9689
[] [] [] [] []
 []

File: ./assets/figures/10-chuong-4-ket-qua-do-luong-hinh-4-30.png Graphic file 
(type bmp)
<./assets/figures/10-chuong-4-ket-qua-do-luong-hinh-4-30.png>
[154]
Underfull \hbox (badness 3302) in paragraph at lines 9716--9716
[]|\TU/TimesNewRoman(0)/b/n/10 Thông lượng
 []


Underfull \hbox (badness 3302) in paragraph at lines 9717--9717
[]|\TU/TimesNewRoman(0)/b/n/10 Thông lượng
 []


Overfull \hbox (11.99347pt too wide) in alignment at lines 9715--9719
[] [] [] [] [] [] []
 []


Overfull \hbox (11.99347pt too wide) in alignment at lines 9719--9721
[] [] [] [] [] [] []
 []


Overfull \hbox (3.52602pt too wide) in paragraph at lines 9722--9722
[]|\TU/TimesNewRoman(0)/m/n/10 VictoriaMetrics| 
 []


Underfull \hbox (badness 10000) in paragraph at lines 9722--9722
[]|\TU/TimesNewRoman(0)/m/n/10 Time-series
 []


Underfull \hbox (badness 10000) in paragraph at lines 9722--9723
[]| \TU/TimesNewRoman(0)/m/n/10 12,000
 []


Underfull \hbox (badness 10000) in paragraph at lines 9723--9723
[]| \TU/TimesNewRoman(0)/m/n/10 25,000
 []


Underfull \hbox (badness 10000) in paragraph at lines 9725--9725
[]|\TU/TimesNewRoman(0)/m/n/10 Relational
 []


Underfull \hbox (badness 10000) in paragraph at lines 9725--9726
[]| \TU/TimesNewRoman(0)/m/n/10 3,000
 []


Underfull \hbox (badness 10000) in paragraph at lines 9726--9726
[]| \TU/TimesNewRoman(0)/m/n/10 8,000
 []


Underfull \hbox (badness 10000) in paragraph at lines 9728--9728
[]| \TU/TimesNewRoman(0)/m/n/10 5,000
 []


Underfull \hbox (badness 10000) in paragraph at lines 9729--9729
[]| \TU/TimesNewRoman(0)/m/n/10 15,000
 []


Overfull \hbox (11.99347pt too wide) in alignment at lines 9721--9731
[] [] [] [] [] [] []
 []

[155]
Underfull \hbox (badness 10000) in paragraph at lines 9753--9753
[]|\TU/TimesNewRoman(0)/b/n/10 Tần
 []


Underfull \hbox (badness 10000) in paragraph at lines 9753--9753
[]|\TU/TimesNewRoman(0)/b/n/10 MQTT
 []


Underfull \hbox (badness 10000) in paragraph at lines 9753--9753
\TU/TimesNewRoman(0)/b/n/10 Mes-
 []


Underfull \hbox (badness 10000) in paragraph at lines 9754--9754
[]|\TU/TimesNewRoman(0)/b/n/10 CPU
 []


Underfull \hbox (badness 10000) in paragraph at lines 9754--9754
[]|\TU/TimesNewRoman(0)/b/n/10 RAM
 []


Underfull \hbox (badness 4899) in paragraph at lines 9754--9754
[]|\TU/TimesNewRoman(0)/b/n/10 Mất bản
 []


Overfull \hbox (18.77957pt too wide) in alignment at lines 9752--9756
[] [] [] [] [] [] [] []
 []


Overfull \hbox (18.77957pt too wide) in alignment at lines 9756--9758
[] [] [] [] [] [] [] []
 []


Underfull \hbox (badness 10000) in paragraph at lines 9763--9763
[]| \TU/TimesNewRoman(0)/m/n/10 100
 []


Underfull \hbox (badness 10000) in paragraph at lines 9765--9765
[]| \TU/TimesNewRoman(0)/m/n/10 200
 []


Underfull \hbox (badness 10000) in paragraph at lines 9767--9767
[]| \TU/TimesNewRoman(0)/m/n/10 400
 []


Underfull \hbox (badness 10000) in paragraph at lines 9768--9768
[]|\TU/TimesNewRoman(0)/m/n/10 0.1%
 []


Underfull \hbox (badness 5533) in paragraph at lines 9768--9768
\TU/TimesNewRoman(0)/m/n/10 (ước tính
 []


Overfull \hbox (18.77957pt too wide) in alignment at lines 9758--9770
[] [] [] [] [] [] [] []
 []

File: ./assets/figures/10-chuong-4-ket-qua-do-luong-hinh-4-31.png Graphic file 
(type bmp)
<./assets/figures/10-chuong-4-ket-qua-do-luong-hinh-4-31.png>

Underfull \hbox (badness 10000) in alignment at lines 9795--9798
[] [] [] [] []
 []


Underfull \hbox (badness 10000) in alignment at lines 9798--9800
[] [] [] [] []
 []


Underfull \hbox (badness 10000) in paragraph at lines 9801--9801
[]|\TU/TimesNewRoman(0)/m/n/10 Lighthouse
 []


Underfull \hbox (badness 10000) in paragraph at lines 9801--9801
\TU/TimesNewRoman(0)/m/n/10 Perfor-
 []


Underfull \hbox (badness 10000) in paragraph at lines 9801--9801
\TU/TimesNewRoman(0)/m/n/10 mance
 []


Underfull \hbox (badness 2970) in paragraph at lines 9801--9802
[]|\TU/TimesNewRoman(0)/m/n/10 87/100 (đo trên bản dựng thử
 []


Underfull \hbox (badness 10000) in paragraph at lines 9803--9803
[]|\TU/TimesNewRoman(0)/m/n/10 First Con-
 []


Underfull \hbox (badness 10000) in paragraph at lines 9803--9803
\TU/TimesNewRoman(0)/m/n/10 tentful
 []


Underfull \hbox (badness 10000) in paragraph at lines 9803--9803
\TU/TimesNewRoman(0)/m/n/10 Paint
 []


Underfull \hbox (badness 10000) in paragraph at lines 9805--9805
[]|\TU/TimesNewRoman(0)/m/n/10 Largest
 []


Underfull \hbox (badness 10000) in paragraph at lines 9805--9805
\TU/TimesNewRoman(0)/m/n/10 Content-
 []


Underfull \hbox (badness 10000) in paragraph at lines 9805--9805
\TU/TimesNewRoman(0)/m/n/10 ful Paint
 []


Underfull \hbox (badness 10000) in paragraph at lines 9807--9807
[]|\TU/TimesNewRoman(0)/m/n/10 Total
 []


Underfull \hbox (badness 10000) in paragraph at lines 9807--9807
\TU/TimesNewRoman(0)/m/n/10 Block-
 []


Underfull \hbox (badness 10000) in paragraph at lines 9807--9807
\TU/TimesNewRoman(0)/m/n/10 ing Time
 []


Overfull \hbox (1.13298pt too wide) in paragraph at lines 9809--9809
[]|\TU/TimesNewRoman(0)/m/n/10 Cumulative
 []


Underfull \hbox (badness 10000) in paragraph at lines 9809--9809
\TU/TimesNewRoman(0)/m/n/10 Layout
 []


Underfull \hbox (badness 10000) in paragraph at lines 9809--9809
\TU/TimesNewRoman(0)/m/n/10 Shift
 []


Underfull \hbox (badness 4726) in paragraph at lines 9809--9810
[]| \TU/TimesNewRoman(0)/m/n/10 0.05 (đo trên bản dựng thử
 []


Underfull \hbox (badness 10000) in paragraph at lines 9811--9811
[]|\TU/TimesNewRoman(0)/m/n/10 Time to
 []


Underfull \hbox (badness 10000) in paragraph at lines 9811--9811
\TU/TimesNewRoman(0)/m/n/10 Interactive
 []


Underfull \hbox (badness 10000) in paragraph at lines 9813--9813
[]|\TU/TimesNewRoman(0)/m/n/10 Bundle
 []


Underfull \hbox (badness 10000) in paragraph at lines 9813--9813
\TU/TimesNewRoman(0)/m/n/10 Size
 []


Underfull \hbox (badness 10000) in alignment at lines 9800--9815
[] [] [] [] []
 []

[156]
File: ./assets/figures/10-chuong-4-ket-qua-do-luong-hinh-4-32.png Graphic file 
(type bmp)
<./assets/figures/10-chuong-4-ket-qua-do-luong-hinh-4-32.png>
 [157]
Underfull \hbox (badness 10000) in alignment at lines 9852--9855
[] [] [] [] []
 []


Underfull \hbox (badness 10000) in alignment at lines 9855--9857
[] [] [] [] []
 []


Underfull \hbox (badness 10000) in paragraph at lines 9858--9858
[]|\TU/TimesNewRoman(0)/m/n/10 IGN ON
 []


Underfull \hbox (badness 10000) in paragraph at lines 9858--9858
[]|\TU/TimesNewRoman(0)/m/n/10 IMU phát hiện chuyển động,
 []


Underfull \hbox (badness 10000) in paragraph at lines 9860--9860
[]|\TU/TimesNewRoman(0)/m/n/10 BLE
 []


Underfull \hbox (badness 10000) in paragraph at lines 9860--9860
\TU/TimesNewRoman(0)/m/n/10 OBD2
 []


Underfull \hbox (badness 10000) in paragraph at lines 9866--9866
[]|\TU/TimesNewRoman(0)/m/n/10 MQTT
 []


Underfull \hbox (badness 10000) in paragraph at lines 9870--9870
[]|\TU/TimesNewRoman(0)/m/n/10 Ghi VictoriaMetrics + Post-
 []


Underfull \hbox (badness 10000) in paragraph at lines 9872--9872
[]|\TU/TimesNewRoman(0)/m/n/10 WebSocket
 []


Underfull \hbox (badness 10000) in paragraph at lines 9874--9874
[]|\TU/TimesNewRoman(0)/m/n/10 Dashboard
 []


Underfull \hbox (badness 2359) in paragraph at lines 9876--9876
[]|\TU/TimesNewRoman(0)/b/n/10 Tổng thời
 []


Underfull \hbox (badness 10000) in paragraph at lines 9876--9876
\TU/TimesNewRoman(0)/b/n/10 gian end-
 []


Underfull \hbox (badness 10000) in alignment at lines 9857--9878
[] [] [] [] []
 []


ignored: Infinite glue shrinkage found in box being split [158]
File: ./assets/figures/10-chuong-4-ket-qua-do-luong-hinh-4-33.png Graphic file 
(type bmp)
<./assets/figures/10-chuong-4-ket-qua-do-luong-hinh-4-33.png>
 [159]
File: ./assets/figures/10-chuong-4-ket-qua-do-luong-hinh-4-34.png Graphic file 
(type bmp)
<./assets/figures/10-chuong-4-ket-qua-do-luong-hinh-4-34.png>
 [160]
Underfull \hbox (badness 10000) in alignment at lines 9902--9905
[] [] [] [] []
 []


Underfull \hbox (badness 10000) in alignment at lines 9905--9907
[] [] [] [] []
 []


Underfull \hbox (badness 10000) in paragraph at lines 9908--9908
[]|\TU/TimesNewRoman(0)/m/n/10 Xe đi
 []


Underfull \hbox (badness 10000) in paragraph at lines 9908--9908
\TU/TimesNewRoman(0)/m/n/10 vào vùng
 []


Underfull \hbox (badness 10000) in paragraph at lines 9910--9910
[]|\TU/TimesNewRoman(0)/m/n/10 Xe đi ra
 []


Underfull \hbox (badness 7397) in paragraph at lines 9910--9910
\TU/TimesNewRoman(0)/m/n/10 khỏi vùng
 []


Underfull \hbox (badness 10000) in paragraph at lines 9912--9912
[]|\TU/TimesNewRoman(0)/m/n/10 Cảnh
 []


Underfull \hbox (badness 10000) in paragraph at lines 9912--9912
\TU/TimesNewRoman(0)/m/n/10 báo hiển
 []


Underfull \hbox (badness 10000) in paragraph at lines 9912--9912
\TU/TimesNewRoman(0)/m/n/10 thị trên
 []


Underfull \hbox (badness 10000) in paragraph at lines 9914--9914
[]|\TU/TimesNewRoman(0)/m/n/10 Xe quay
 []


Underfull \hbox (badness 10000) in paragraph at lines 9914--9914
\TU/TimesNewRoman(0)/m/n/10 lại vùng
 []


Underfull \hbox (badness 4765) in paragraph at lines 9914--9915
[]|\TU/TimesNewRoman(0)/m/n/10 Hiển thị trạng thái ”INSIDE”,
 []


Underfull \hbox (badness 10000) in alignment at lines 9907--9916
[] [] [] [] []
 []

File: ./assets/figures/10-chuong-4-ket-qua-do-luong-hinh-4-35.png Graphic file 
(type bmp)
<./assets/figures/10-chuong-4-ket-qua-do-luong-hinh-4-35.png>
[161]
Underfull \hbox (badness 10000) in alignment at lines 9942--9945
[] [] [] [] []
 []


Underfull \hbox (badness 10000) in alignment at lines 9945--9947
[] [] [] [] []
 []


Overfull \hbox (20.56169pt too wide) in paragraph at lines 9948--9948
[]|\TU/TimesNewRoman(0)/m/n/10 request_location| 
 []


Overfull \hbox (11.67497pt too wide) in paragraph at lines 9950--9950
[]|\TU/TimesNewRoman(0)/m/n/10 update_config| 
 []


Overfull \hbox (10.55193pt too wide) in paragraph at lines 9952--9952
[]|\TU/TimesNewRoman(0)/m/n/10 restart_device| 
 []


Underfull \hbox (badness 10000) in alignment at lines 9947--9956
[] [] [] [] []
 []


ignored: Infinite glue shrinkage found in box being split [162]
File: ./assets/figures/10-chuong-4-ket-qua-do-luong-hinh-4-36.png Graphic file 
(type bmp)
<./assets/figures/10-chuong-4-ket-qua-do-luong-hinh-4-36.png>

Underfull \hbox (badness 10000) in alignment at lines 9982--9985
[] [] [] []
 []


Underfull \hbox (badness 10000) in alignment at lines 9985--9987
[] [] [] []
 []


Underfull \hbox (badness 10000) in paragraph at lines 9988--9988
[]|\TU/TimesNewRoman(0)/m/n/10 Thiết bị phát hiện
 []


Underfull \hbox (badness 10000) in paragraph at lines 9990--9990
[]|\TU/TimesNewRoman(0)/m/n/10 Không phát sinh
 []


Underfull \hbox (badness 2452) in paragraph at lines 9992--9992
[]|\TU/TimesNewRoman(0)/m/n/10 Tự động kết nối lại
 []


Underfull \hbox (badness 10000) in paragraph at lines 9996--9996
[]|\TU/TimesNewRoman(0)/m/n/10 Dashboard tiếp
 []


Underfull \hbox (badness 3039) in paragraph at lines 9997--9999
\TU/TimesNewRoman(0)/m/n/10 tùy thời gian outage/queue
 []


Underfull \hbox (badness 10000) in alignment at lines 9987--9999
[] [] [] []
 []

File: ./assets/figures/10-chuong-4-ket-qua-do-luong-hinh-4-37.png Graphic file 
(type bmp)
<./assets/figures/10-chuong-4-ket-qua-do-luong-hinh-4-37.png>
[163] [164]
Overfull \hbox (5.1796pt too wide) in alignment at lines 10030--10034
[] [] [] [] [] []
 []


Overfull \hbox (5.1796pt too wide) in alignment at lines 10034--10036
[] [] [] [] [] []
 []


Underfull \hbox (badness 4266) in paragraph at lines 10037--10037
[]|\TU/TimesNewRoman(0)/m/n/10 Dòng tiêu thụ
 []


Underfull \hbox (badness 4266) in paragraph at lines 10039--10039
[]|\TU/TimesNewRoman(0)/m/n/10 Dòng tiêu thụ
 []


Underfull \hbox (badness 1789) in paragraph at lines 10039--10039
[]|\TU/TimesNewRoman(0)/m/n/10 < 250 mA (trung
 []


Underfull \hbox (badness 1264) in paragraph at lines 10043--10043
[]| \TU/TimesNewRoman(0)/m/n/10 2.6–3.0 giờ (quy
 []


Underfull \hbox (badness 5711) in paragraph at lines 10043--10043
\TU/TimesNewRoman(0)/m/n/10 đổi theo baseline
 []


Underfull \hbox (badness 10000) in paragraph at lines 10043--10044
[]|\TU/TimesNewRoman(0)/m/n/10 Đạt theo quy
 []


Underfull \hbox (badness 1412) in paragraph at lines 10044--10045
[]|\TU/TimesNewRoman(0)/m/n/10 Cần đo lại trên mẫu pin
 []


Underfull \hbox (badness 5133) in paragraph at lines 10045--10045
[]|\TU/TimesNewRoman(0)/m/n/10 Nhiệt độ hoạt
 []


Underfull \hbox (badness 10000) in paragraph at lines 10047--10047
[]|\TU/TimesNewRoman(0)/m/n/10 Điện áp ngắt
 []


Underfull \hbox (badness 1888) in paragraph at lines 10048--10048
[]| \TU/TimesNewRoman(0)/m/n/10 11.48V (đo theo
 []


Underfull \hbox (badness 10000) in paragraph at lines 10050--10050
\TU/TimesNewRoman(0)/m/n/10 dậy từ deep
 []


Underfull \hbox (badness 7221) in paragraph at lines 10052--10052
[]|\TU/TimesNewRoman(0)/m/n/10 Độ chính xác
 []


Underfull \hbox (badness 5592) in paragraph at lines 10052--10053
[]| \TU/TimesNewRoman(0)/m/n/10 2–3 mét (ngoài
 []


Overfull \hbox (5.1796pt too wide) in alignment at lines 10036--10054
[] [] [] [] [] []
 []


Overfull \hbox (5.1796pt too wide) in alignment at lines 10073--10077
[] [] [] [] [] []
 []


Overfull \hbox (5.1796pt too wide) in alignment at lines 10077--10079
[] [] [] [] [] []
 []


Underfull \hbox (badness 6625) in paragraph at lines 10080--10080
[]|\TU/TimesNewRoman(0)/m/n/10 Thời gian kết
 []


Underfull \hbox (badness 10000) in paragraph at lines 10084--10084
[]|\TU/TimesNewRoman(0)/m/n/10 GPS TTFF
 []


Underfull \hbox (badness 10000) in paragraph at lines 10086--10086
[]|\TU/TimesNewRoman(0)/m/n/10 GPS TTFF
 []


Underfull \hbox (badness 3199) in paragraph at lines 10088--10088
[]|\TU/TimesNewRoman(0)/m/n/10 Độ trễ MQTT
 []


Underfull \hbox (badness 10000) in paragraph at lines 10095--10095
[]|\TU/TimesNewRoman(0)/m/n/10 Tần suất gửi
 []


Underfull \hbox (badness 10000) in paragraph at lines 10095--10095
[]|\TU/TimesNewRoman(0)/m/n/10 5–30 giây (cấu
 []


Overfull \hbox (5.1796pt too wide) in alignment at lines 10079--10097
[] [] [] [] [] []
 []


ignored: Infinite glue shrinkage found in box being split [165]
Overfull \hbox (5.1796pt too wide) in alignment at lines 10107--10111
[] [] [] [] [] []
 []


Overfull \hbox (5.1796pt too wide) in alignment at lines 10111--10113
[] [] [] [] [] []
 []


Underfull \hbox (badness 4291) in paragraph at lines 10116--10116
[]|\TU/TimesNewRoman(0)/m/n/10 Độ trễ end-to-
 []


Underfull \hbox (badness 10000) in paragraph at lines 10120--10120
[]|\TU/TimesNewRoman(0)/m/n/10 Thông lượng
 []


Underfull \hbox (badness 10000) in paragraph at lines 10120--10120
\TU/TimesNewRoman(0)/m/n/10 ghi Victoria-
 []


Underfull \hbox (badness 10000) in paragraph at lines 10122--10122
[]|\TU/TimesNewRoman(0)/m/n/10 Mất bản tin
 []


Underfull \hbox (badness 10000) in paragraph at lines 10124--10124
[]|\TU/TimesNewRoman(0)/m/n/10 WebSocket
 []


Overfull \hbox (5.1796pt too wide) in alignment at lines 10113--10126
[] [] [] [] [] []
 []


Overfull \hbox (5.1796pt too wide) in alignment at lines 10136--10140
[] [] [] [] [] []
 []


Overfull \hbox (5.1796pt too wide) in alignment at lines 10140--10142
[] [] [] [] [] []
 []


Underfull \hbox (badness 2529) in paragraph at lines 10149--10149
[]|\TU/TimesNewRoman(0)/m/n/10 Cảnh báo thời
 []


Underfull \hbox (badness 3333) in paragraph at lines 10151--10151
[]|\TU/TimesNewRoman(0)/m/n/10 Responsive de-
 []


Overfull \hbox (5.1796pt too wide) in alignment at lines 10142--10153
[] [] [] [] [] []
 []


Underfull \hbox (badness 10000) in alignment at lines 10163--10166
[] [] [] [] []
 []


Underfull \hbox (badness 10000) in alignment at lines 10166--10168
[] [] [] [] []
 []


Underfull \hbox (badness 10000) in paragraph at lines 10169--10169
[]|\TU/TimesNewRoman(0)/m/n/10 Độ chính
 []


Underfull \hbox (badness 10000) in paragraph at lines 10171--10171
\TU/TimesNewRoman(0)/m/n/10 nhật dữ
 []


Underfull \hbox (badness 10000) in paragraph at lines 10173--10173
\TU/TimesNewRoman(0)/m/n/10 pin dự
 []


Underfull \hbox (badness 10000) in paragraph at lines 10178--10178
\TU/TimesNewRoman(0)/m/n/10 tiện đồng
 []


Underfull \hbox (badness 10000) in paragraph at lines 10179--10179
[]|\TU/TimesNewRoman(0)/m/n/10 Thời
 []


Underfull \hbox (badness 10000) in paragraph at lines 10179--10179
\TU/TimesNewRoman(0)/m/n/10 gian tải
 []


Underfull \hbox (badness 10000) in paragraph at lines 10181--10181
[]|\TU/TimesNewRoman(0)/m/n/10 Phát hiện
 []


Underfull \hbox (badness 10000) in paragraph at lines 10183--10183
[]|\TU/TimesNewRoman(0)/m/n/10 Cảnh báo
 []


Underfull \hbox (badness 2359) in paragraph at lines 10185--10185
[]|\TU/TimesNewRoman(0)/m/n/10 Khôi phục
 []


Underfull \hbox (badness 10000) in paragraph at lines 10185--10185
\TU/TimesNewRoman(0)/m/n/10 kết nối
 []


Underfull \hbox (badness 10000) in paragraph at lines 10185--10186
[]|\TU/TimesNewRoman(0)/m/n/10 Reconnect ổn định,
 []


Underfull \hbox (badness 10000) in paragraph at lines 10187--10187
[]|\TU/TimesNewRoman(0)/m/n/10 Độ tin
 []


Underfull \hbox (badness 10000) in paragraph at lines 10187--10187
\TU/TimesNewRoman(0)/m/n/10 cậy state
 []


Underfull \hbox (badness 10000) in alignment at lines 10168--10189
[] [] [] [] []
 []

[166]
File: ./assets/figures/10-chuong-4-ket-qua-do-luong-hinh-4-38.png Graphic file 
(type bmp)
<./assets/figures/10-chuong-4-ket-qua-do-luong-hinh-4-38.png>
 [167]
Underfull \hbox (badness 10000) in alignment at lines 10217--10220
[] [] [] []
 []


Underfull \hbox (badness 10000) in alignment at lines 10220--10222
[] [] [] []
 []


Underfull \hbox (badness 10000) in paragraph at lines 10223--10223
[]|\TU/TimesNewRoman(0)/m/n/10 Tỷ lệ uptime
 []


Underfull \hbox (badness 4156) in paragraph at lines 10223--10223
\TU/TimesNewRoman(0)/m/n/10 Backend API (7
 []


Underfull \hbox (badness 7722) in paragraph at lines 10225--10225
[]|\TU/TimesNewRoman(0)/m/n/10 Tỷ lệ reconnect
 []


Underfull \hbox (badness 10000) in paragraph at lines 10225--10225
\TU/TimesNewRoman(0)/m/n/10 MQTT sau mất
 []


Underfull \hbox (badness 1783) in paragraph at lines 10227--10227
[]|\TU/TimesNewRoman(0)/m/n/10 Tỷ lệ khôi phục
 []


Underfull \hbox (badness 10000) in paragraph at lines 10227--10227
\TU/TimesNewRoman(0)/m/n/10 luồng telemetry
 []


Underfull \hbox (badness 4872) in paragraph at lines 10231--10231
[]|\TU/TimesNewRoman(0)/m/n/10 Tỷ lệ cảnh báo
 []


Underfull \hbox (badness 10000) in paragraph at lines 10232--10232
[]| \TU/TimesNewRoman(0)/m/n/10 3–5% tùy ngưỡng
 []


Underfull \hbox (badness 2591) in paragraph at lines 10232--10234
[]|\TU/TimesNewRoman(0)/m/n/10 Chấp nhận được, cần tinh
 []


Underfull \hbox (badness 10000) in alignment at lines 10222--10234
[] [] [] []
 []

[168] [169]
Underfull \hbox (badness 10000) in paragraph at lines 10317--10317
\TU/TimesNewRoman(0)/b/n/10 đổi theo baseline
 []


Underfull \hbox (badness 10000) in alignment at lines 10315--10319
[] [] [] []
 []


Underfull \hbox (badness 10000) in alignment at lines 10319--10321
[] [] [] []
 []


Underfull \hbox (badness 3646) in paragraph at lines 10325--10326
[]| \TU/TimesNewRoman(0)/m/n/10 180–220 mA trung
 []


Underfull \hbox (badness 3118) in paragraph at lines 10325--10326
\TU/TimesNewRoman(0)/m/n/10 bình;  350 mA khi
 []


Underfull \hbox (badness 2158) in paragraph at lines 10327--10328
[]|\TU/TimesNewRoman(0)/m/n/10 >= 24 giờ (mục
 []


Underfull \hbox (badness 10000) in paragraph at lines 10327--10328
\TU/TimesNewRoman(0)/m/n/10 tiêu baseline
 []


Underfull \hbox (badness 1337) in paragraph at lines 10328--10329
[]| \TU/TimesNewRoman(0)/m/n/10 24–36 giờ (quy đổi
 []


Underfull \hbox (badness 6047) in paragraph at lines 10328--10329
\TU/TimesNewRoman(0)/m/n/10 theo baseline 18650,
 []


Underfull \hbox (badness 10000) in paragraph at lines 10331--10331
[]|\TU/TimesNewRoman(0)/m/n/10 Profile 12V:
 []


Underfull \hbox (badness 10000) in paragraph at lines 10331--10331
\TU/TimesNewRoman(0)/m/n/10 12.0V; Profile
 []


Underfull \hbox (badness 3271) in paragraph at lines 10332--10332
[]| \TU/TimesNewRoman(0)/m/n/10 11.48V trên profile
 []


Underfull \hbox (badness 10000) in alignment at lines 10321--10336
[] [] [] []
 []

[170

]
Underfull \hbox (badness 10000) in alignment at lines 10398--10401
[] [] [] []
 []


Underfull \hbox (badness 10000) in alignment at lines 10401--10403
[] [] [] []
 []


Underfull \hbox (badness 10000) in paragraph at lines 10404--10405
[]|\TU/TimesNewRoman(0)/m/n/10 State machine
 []


Underfull \hbox (badness 10000) in paragraph at lines 10405--10406
[]|\TU/lmtt/m/n/10 app_main \TU/TimesNewRoman(0)/m/n/10 +
 []


Underfull \hbox (badness 10000) in paragraph at lines 10405--10406
\TU/TimesNewRoman(0)/m/n/10 NimBLE chạy task
 []


Underfull \hbox (badness 1521) in paragraph at lines 10415--10415
[]|\TU/TimesNewRoman(0)/m/n/10 Có gán job, cập
 []


Underfull \hbox (badness 10000) in alignment at lines 10403--10417
[] [] [] []
 []


ignored: Infinite glue shrinkage found in box being split [171]
Underfull \hbox (badness 10000) in alignment at lines 10473--10476
[] [] [] []
 []


Underfull \hbox (badness 10000) in alignment at lines 10476--10478
[] [] [] []
 []


Underfull \hbox (badness 10000) in paragraph at lines 10479--10479
[]|\TU/TimesNewRoman(0)/m/n/10 Thời gian phản
 []


Underfull \hbox (badness 3792) in paragraph at lines 10481--10481
[]|\TU/TimesNewRoman(0)/m/n/10 Số request đồng
 []


Underfull \hbox (badness 10000) in paragraph at lines 10484--10484
[]|\TU/TimesNewRoman(0)/m/n/10 First Contentful
 []


Underfull \hbox (badness 10000) in paragraph at lines 10485--10485
[]|\TU/TimesNewRoman(0)/m/n/10 Số xe hiển thị
 []


Underfull \hbox (badness 10000) in alignment at lines 10478--10489
[] [] [] []
 []


ignored: Infinite glue shrinkage found in box being split [172]
Underfull \hbox (badness 10000) in alignment at lines 10507--10510
[] [] []
 []


Underfull \hbox (badness 10000) in alignment at lines 10510--10512
[] [] []
 []


Underfull \hbox (badness 10000) in alignment at lines 10512--10523
[] [] []
 []


Underfull \hbox (badness 10000) in paragraph at lines 10533--10533
[]|\TU/TimesNewRoman(0)/b/n/10 Phí dịch vụ hàng
 []


Overfull \hbox (7.47949pt too wide) in alignment at lines 10532--10536
[] [] [] [] []
 []


Overfull \hbox (7.47949pt too wide) in alignment at lines 10536--10538
[] [] [] [] []
 []


Underfull \hbox (badness 10000) in paragraph at lines 10539--10539
[]|\TU/TimesNewRoman(0)/m/n/10 870.000–1.630.000
 []


Underfull \hbox (badness 4429) in paragraph at lines 10539--10540
[]| \TU/TimesNewRoman(0)/m/n/10 70.000 VND (SIM
 []


Underfull \hbox (badness 10000) in paragraph at lines 10540--10540
[]|\TU/TimesNewRoman(0)/m/n/10 1.710.000–2.470.000
 []


Underfull \hbox (badness 2573) in paragraph at lines 10541--10541
[]|\TU/TimesNewRoman(0)/m/n/10 GPS Tracker đơn giản
 []


Underfull \hbox (badness 10000) in paragraph at lines 10541--10541
[]|\TU/TimesNewRoman(0)/m/n/10 500.000–1.500.000
 []


Underfull \hbox (badness 10000) in paragraph at lines 10542--10542
[]|\TU/TimesNewRoman(0)/m/n/10 1.100.000–2.700.000
 []


Underfull \hbox (badness 10000) in paragraph at lines 10543--10543
[]|\TU/TimesNewRoman(0)/m/n/10 Fleet Management
 []


Underfull \hbox (badness 10000) in paragraph at lines 10543--10544
[]|\TU/TimesNewRoman(0)/m/n/10 5.000.000–
 []


Underfull \hbox (badness 10000) in paragraph at lines 10543--10544
\TU/TimesNewRoman(0)/m/n/10 12.500.000 VND
 []


Underfull \hbox (badness 10000) in paragraph at lines 10544--10545
[]|\TU/TimesNewRoman(0)/m/n/10 500.000–1.250.000
 []


Underfull \hbox (badness 10000) in paragraph at lines 10544--10545
\TU/TimesNewRoman(0)/m/n/10 VND ( 20–50
 []


Underfull \hbox (badness 10000) in paragraph at lines 10545--10545
[]|\TU/TimesNewRoman(0)/m/n/10 11.000.000–
 []


Underfull \hbox (badness 10000) in paragraph at lines 10545--10547
[]|\TU/TimesNewRoman(0)/m/n/10 Thấp (phụ
 []


Underfull \hbox (badness 10000) in paragraph at lines 10547--10547
[]|\TU/TimesNewRoman(0)/m/n/10 iTracking / Vietmap
 []


Underfull \hbox (badness 10000) in paragraph at lines 10547--10547
[]|\TU/TimesNewRoman(0)/m/n/10 2.000.000–
 []


Underfull \hbox (badness 10000) in paragraph at lines 10548--10548
[]|\TU/TimesNewRoman(0)/m/n/10 100.000–300.000
 []


Underfull \hbox (badness 10000) in paragraph at lines 10548--10548
[]|\TU/TimesNewRoman(0)/m/n/10 3.200.000–7.600.000
 []


Overfull \hbox (7.47949pt too wide) in alignment at lines 10538--10549
[] [] [] [] []
 []

[173]
Underfull \hbox (badness 10000) in paragraph at lines 10568--10568
[]|\TU/TimesNewRoman(0)/b/n/10 Cấu hình
 []


Underfull \hbox (badness 10000) in paragraph at lines 10569--10569
[]|\TU/TimesNewRoman(0)/b/n/10 Chi phí SIM
 []


Underfull \hbox (badness 10000) in paragraph at lines 10569--10570
[]|\TU/TimesNewRoman(0)/b/n/10 Tổng chi phí vận
 []


Underfull \hbox (badness 10000) in alignment at lines 10567--10571
[] [] [] [] []
 []


Underfull \hbox (badness 10000) in alignment at lines 10571--10573
[] [] [] [] []
 []


Underfull \hbox (badness 10000) in paragraph at lines 10574--10574
[]|\TU/TimesNewRoman(0)/m/n/10 2 vCPU,
 []


Underfull \hbox (badness 10000) in paragraph at lines 10575--10575
[]|\TU/TimesNewRoman(0)/m/n/10 700.000–2.100.000
 []


Underfull \hbox (badness 10000) in paragraph at lines 10575--10577
[]|\TU/TimesNewRoman(0)/m/n/10 950.000–2.350.000
 []


Underfull \hbox (badness 10000) in paragraph at lines 10577--10577
[]|\TU/TimesNewRoman(0)/m/n/10 4 vCPU,
 []


Underfull \hbox (badness 10000) in paragraph at lines 10577--10577
\TU/TimesNewRoman(0)/m/n/10 160GB
 []


Underfull \hbox (badness 10000) in paragraph at lines 10578--10578
[]|\TU/TimesNewRoman(0)/m/n/10 2.100.000–7.000.000
 []


Underfull \hbox (badness 10000) in paragraph at lines 10579--10580
[]|\TU/TimesNewRoman(0)/m/n/10 2.600.000–7.500.000
 []


Underfull \hbox (badness 10000) in paragraph at lines 10580--10580
\TU/TimesNewRoman(0)/m/n/10 cluster (3
 []


Underfull \hbox (badness 10000) in paragraph at lines 10581--10581
[]|\TU/TimesNewRoman(0)/m/n/10 7.000.000–35.000.000
 []


Underfull \hbox (badness 10000) in paragraph at lines 10582--10583
[]|\TU/TimesNewRoman(0)/m/n/10 9.500.000–37.500.000
 []


Underfull \hbox (badness 10000) in alignment at lines 10573--10583
[] [] [] [] []
 []

[174]
Underfull \hbox (badness 10000) in alignment at lines 10661--10664
[] [] []
 []


Underfull \hbox (badness 10000) in alignment at lines 10664--10666
[] [] []
 []


Underfull \hbox (badness 1521) in paragraph at lines 10669--10670
[]|\TU/TimesNewRoman(0)/m/n/10 Ảnh hưởng nhỏ, có thể khắc phục
 []


Underfull \hbox (badness 10000) in alignment at lines 10666--10675
[] [] []
 []


Underfull \hbox (badness 10000) in paragraph at lines 10682--10682
[]|\TU/TimesNewRoman(0)/b/n/10 Biện pháp
 []


Overfull \hbox (11.99347pt too wide) in alignment at lines 10681--10684
[] [] [] [] [] [] []
 []


Overfull \hbox (11.99347pt too wide) in alignment at lines 10684--10686
[] [] [] [] [] [] []
 []


Underfull \hbox (badness 10000) in paragraph at lines 10687--10687
[]|\TU/TimesNewRoman(0)/m/n/10 Mất sóng
 []


Underfull \hbox (badness 10000) in paragraph at lines 10687--10687
\TU/TimesNewRoman(0)/m/n/10 4G/LTE tại
 []


Underfull \hbox (badness 10000) in paragraph at lines 10688--10689
[]|\TU/TimesNewRoman(0)/m/n/10 Auto-
 []


Underfull \hbox (badness 10000) in paragraph at lines 10688--10689
\TU/TimesNewRoman(0)/m/n/10 reconnect,
 []


Underfull \hbox (badness 10000) in paragraph at lines 10688--10689
\TU/TimesNewRoman(0)/m/n/10 MQTT
 []


Underfull \hbox (badness 10000) in paragraph at lines 10688--10689
\TU/TimesNewRoman(0)/m/n/10 keepalive,
 []


Underfull \hbox (badness 10000) in paragraph at lines 10688--10689
\TU/TimesNewRoman(0)/m/n/10 enqueue cục
 []


Underfull \hbox (badness 10000) in paragraph at lines 10688--10689
\TU/TimesNewRoman(0)/m/n/10 bộ microSD
 []


Underfull \hbox (badness 10000) in paragraph at lines 10688--10689
\TU/TimesNewRoman(0)/m/n/10 sequence khi
 []


Underfull \hbox (badness 10000) in paragraph at lines 10690--10690
[]|\TU/TimesNewRoman(0)/m/n/10 Không tương
 []


Underfull \hbox (badness 10000) in paragraph at lines 10690--10690
\TU/TimesNewRoman(0)/m/n/10 thích BLE
 []


Underfull \hbox (badness 10000) in paragraph at lines 10691--10692
[]|\TU/TimesNewRoman(0)/m/n/10 Sử dụng
 []


Underfull \hbox (badness 10000) in paragraph at lines 10691--10692
\TU/TimesNewRoman(0)/m/n/10 (tương thích
 []


Underfull \hbox (badness 2884) in paragraph at lines 10691--10692
\TU/TimesNewRoman(0)/m/n/10 rộng), hỗ trợ
 []


Underfull \hbox (badness 10000) in paragraph at lines 10691--10692
\TU/TimesNewRoman(0)/m/n/10 nhiều giao
 []


Underfull \hbox (badness 10000) in paragraph at lines 10691--10692
\TU/TimesNewRoman(0)/m/n/10 thức OBD2
 []


Underfull \hbox (badness 10000) in paragraph at lines 10691--10692
\TU/TimesNewRoman(0)/m/n/10 (ISO 15765,
 []


Underfull \hbox (badness 10000) in paragraph at lines 10691--10692
\TU/TimesNewRoman(0)/m/n/10 ISO 14230,
 []


Underfull \hbox (badness 1688) in paragraph at lines 10694--10694
\TU/TimesNewRoman(0)/m/n/10 broker khi số
 []


Underfull \hbox (badness 10000) in paragraph at lines 10695--10697
[]|\TU/TimesNewRoman(0)/m/n/10 EMQX hỗ
 []


Underfull \hbox (badness 3039) in paragraph at lines 10695--10697
\TU/TimesNewRoman(0)/m/n/10 trợ clustering;
 []


Underfull \hbox (badness 10000) in paragraph at lines 10695--10697
\TU/TimesNewRoman(0)/m/n/10 khi tải tăng
 []


Underfull \hbox (badness 10000) in paragraph at lines 10695--10697
\TU/TimesNewRoman(0)/m/n/10 có thể scale
 []


Underfull \hbox (badness 10000) in paragraph at lines 10695--10697
\TU/TimesNewRoman(0)/m/n/10 ngang broker
 []


Underfull \hbox (badness 10000) in paragraph at lines 10695--10697
\TU/TimesNewRoman(0)/m/n/10 và mở rộng
 []


Underfull \hbox (badness 10000) in paragraph at lines 10695--10697
\TU/TimesNewRoman(0)/m/n/10 riêng MQTT
 []


Underfull \hbox (badness 1694) in paragraph at lines 10698--10698
\TU/TimesNewRoman(0)/m/n/10 mật (giả mạo
 []


Underfull \hbox (badness 10000) in paragraph at lines 10698--10698
\TU/TimesNewRoman(0)/m/n/10 quyền truy
 []


Underfull \hbox (badness 10000) in paragraph at lines 10699--10701
[]|\TU/TimesNewRoman(0)/m/n/10 Session-based
 []


Underfull \hbox (badness 10000) in paragraph at lines 10699--10701
\TU/TimesNewRoman(0)/m/n/10 auth với
 []


Underfull \hbox (badness 10000) in paragraph at lines 10699--10701
\TU/TimesNewRoman(0)/m/n/10 SHA-256,
 []


Underfull \hbox (badness 10000) in paragraph at lines 10699--10701
\TU/TimesNewRoman(0)/m/n/10 MQTT ACL
 []


Underfull \hbox (badness 10000) in paragraph at lines 10699--10701
\TU/TimesNewRoman(0)/m/n/10 per device,
 []


Underfull \hbox (badness 10000) in paragraph at lines 10699--10701
\TU/TimesNewRoman(0)/m/n/10 HTTPS/TLS,
 []


Underfull \hbox (badness 10000) in paragraph at lines 10699--10701
\TU/TimesNewRoman(0)/m/n/10 Zod input
 []


Underfull \hbox (badness 10000) in paragraph at lines 10699--10701
\TU/TimesNewRoman(0)/m/n/10 validation,
 []


Underfull \hbox (badness 10000) in paragraph at lines 10702--10702
[]|\TU/TimesNewRoman(0)/m/n/10 Mất dữ liệu
 []


Underfull \hbox (badness 10000) in paragraph at lines 10702--10702
\TU/TimesNewRoman(0)/m/n/10 mất kết nối
 []


Underfull \hbox (badness 2735) in paragraph at lines 10703--10704
[]|\TU/TimesNewRoman(0)/m/n/10 Retry publish,
 []


Underfull \hbox (badness 10000) in paragraph at lines 10703--10704
\TU/TimesNewRoman(0)/m/n/10 tầng, ACK
 []


Underfull \hbox (badness 10000) in paragraph at lines 10703--10704
\TU/TimesNewRoman(0)/m/n/10 backoff, GC
 []


Underfull \hbox (badness 7291) in paragraph at lines 10705--10705
\TU/TimesNewRoman(0)/m/n/10 độ cực đoan
 []


Underfull \hbox (badness 5519) in paragraph at lines 10705--10705
\TU/TimesNewRoman(0)/m/n/10 (xe đỗ ngoài
 []


Underfull \hbox (badness 10000) in paragraph at lines 10706--10707
[]|\TU/TimesNewRoman(0)/m/n/10 ESP32-S3
 []


Underfull \hbox (badness 10000) in paragraph at lines 10706--10707
\TU/TimesNewRoman(0)/m/n/10 hoạt động
 []


Underfull \hbox (badness 1496) in paragraph at lines 10706--10707
\TU/TimesNewRoman(0)/m/n/10 -40 đến 85°C,
 []


Underfull \hbox (badness 10000) in paragraph at lines 10706--10707
\TU/TimesNewRoman(0)/m/n/10 thiết kế tản
 []


Underfull \hbox (badness 10000) in paragraph at lines 10710--10712
[]|\TU/TimesNewRoman(0)/m/n/10 Mạch switch
 []


Underfull \hbox (badness 10000) in paragraph at lines 10710--10712
\TU/TimesNewRoman(0)/m/n/10 sang pin dự
 []


Underfull \hbox (badness 10000) in paragraph at lines 10710--10712
\TU/TimesNewRoman(0)/m/n/10 phòng: 12V
 []


Underfull \hbox (badness 10000) in paragraph at lines 10710--10712
\TU/TimesNewRoman(0)/m/n/10 (OFF=12.0V,
 []


Underfull \hbox (badness 10000) in paragraph at lines 10710--10712
\TU/TimesNewRoman(0)/m/n/10 ON=12.2V),
 []


Underfull \hbox (badness 10000) in paragraph at lines 10710--10712
\TU/TimesNewRoman(0)/m/n/10 24V
 []


Underfull \hbox (badness 10000) in paragraph at lines 10710--10712
\TU/TimesNewRoman(0)/m/n/10 (OFF=24.0V,
 []


Underfull \hbox (badness 10000) in paragraph at lines 10710--10712
\TU/TimesNewRoman(0)/m/n/10 ON=24.4V),
 []


Underfull \hbox (badness 10000) in paragraph at lines 10710--10712
\TU/TimesNewRoman(0)/m/n/10 thiết bị hiện
 []


Underfull \hbox (badness 10000) in paragraph at lines 10710--10712
\TU/TimesNewRoman(0)/m/n/10 tại, pin dự
 []


Underfull \hbox (badness 10000) in paragraph at lines 10710--10712
\TU/TimesNewRoman(0)/m/n/10 phòng 18650
 []


Underfull \hbox (badness 10000) in paragraph at lines 10713--10713
[]|\TU/TimesNewRoman(0)/m/n/10 Lỗi firmware
 []


Underfull \hbox (badness 10000) in paragraph at lines 10713--10713
\TU/TimesNewRoman(0)/m/n/10 gây treo
 []


Underfull \hbox (badness 10000) in paragraph at lines 10713--10713
\TU/TimesNewRoman(0)/m/n/10 hệ thống
 []


Underfull \hbox (badness 10000) in paragraph at lines 10713--10713
\TU/TimesNewRoman(0)/m/n/10 (firmware
 []


Underfull \hbox (badness 10000) in paragraph at lines 10714--10715
[]|\TU/TimesNewRoman(0)/m/n/10 OTA từ xa
 []


Underfull \hbox (badness 3333) in paragraph at lines 10714--10715
\TU/TimesNewRoman(0)/m/n/10 với xác nhận
 []


Underfull \hbox (badness 10000) in paragraph at lines 10714--10715
\TU/TimesNewRoman(0)/m/n/10 sau reboot
 []


Underfull \hbox (badness 10000) in paragraph at lines 10714--10715
\TU/TimesNewRoman(0)/m/n/10 và rollback
 []


Underfull \hbox (badness 10000) in paragraph at lines 10714--10715
\TU/TimesNewRoman(0)/m/n/10 thủ công đã
 []


Underfull \hbox (badness 2644) in paragraph at lines 10714--10715
\TU/TimesNewRoman(0)/m/n/10 có; watchdog
 []


Underfull \hbox (badness 10000) in paragraph at lines 10714--10715
\TU/TimesNewRoman(0)/m/n/10 timer và cơ
 []


Underfull \hbox (badness 4981) in paragraph at lines 10714--10715
\TU/TimesNewRoman(0)/m/n/10 chế giám sát
 []


Underfull \hbox (badness 7030) in paragraph at lines 10714--10715
\TU/TimesNewRoman(0)/m/n/10 treo vẫn cần
 []


Underfull \hbox (badness 7012) in paragraph at lines 10717--10717
[]|\TU/TimesNewRoman(0)/m/n/10 Lỗi SD card
 []


Underfull \hbox (badness 10000) in paragraph at lines 10717--10717
\TU/TimesNewRoman(0)/m/n/10 (card absent,
 []


Underfull \hbox (badness 10000) in paragraph at lines 10717--10717
\TU/TimesNewRoman(0)/m/n/10 mount fail,
 []


Underfull \hbox (badness 10000) in paragraph at lines 10718--10720
[]|\TU/TimesNewRoman(0)/m/n/10 Mount retry
 []


Underfull \hbox (badness 10000) in paragraph at lines 10718--10720
\TU/TimesNewRoman(0)/m/n/10 có backoff,
 []


Underfull \hbox (badness 10000) in paragraph at lines 10718--10720
\TU/TimesNewRoman(0)/m/n/10 fsync + un-
 []


Underfull \hbox (badness 10000) in paragraph at lines 10718--10720
\TU/TimesNewRoman(0)/m/n/10 mount sạch,
 []


Underfull \hbox (badness 10000) in paragraph at lines 10718--10720
\TU/TimesNewRoman(0)/m/n/10 card-present-
 []


Underfull \hbox (badness 10000) in paragraph at lines 10718--10720
\TU/TimesNewRoman(0)/m/n/10 at-boot,
 []


Underfull \hbox (badness 10000) in paragraph at lines 10718--10720
\TU/TimesNewRoman(0)/m/n/10 quota/GC và
 []


Underfull \hbox (badness 10000) in paragraph at lines 10718--10720
\TU/TimesNewRoman(0)/m/n/10 theo dõi bộ
 []


Overfull \hbox (11.99347pt too wide) in alignment at lines 10686--10721
[] [] [] [] [] [] []
 []


ignored: Infinite glue shrinkage found in box being split [175]
ignored: Infinite glue shrinkage f
ound in box being split [176] [177]
Underfull \hbox (badness 10000) in alignment at lines 10767--10770
[] [] [] [] []
 []


Underfull \hbox (badness 10000) in alignment at lines 10770--10772
[] [] [] [] []
 []


Underfull \hbox (badness 10000) in paragraph at lines 10773--10773
[]|\TU/TimesNewRoman(0)/m/n/10 Kết nối và
 []


Underfull \hbox (badness 10000) in alignment at lines 10772--10779
[] [] [] [] []
 []

[178] [179]
Underfull \hbox (badness 10000) in alignment at lines 10970--10973
[] [] [] []
 []


Underfull \hbox (badness 10000) in alignment at lines 10973--10975
[] [] [] []
 []


Underfull \hbox (badness 1975) in paragraph at lines 10976--10977
[]|\TU/TimesNewRoman(0)/m/n/10 TLS cho MQTT, de-
 []


Underfull \hbox (badness 10000) in paragraph at lines 10978--10979
[]|\TU/TimesNewRoman(0)/m/n/10 Bookings, payments,
 []


Underfull \hbox (badness 10000) in paragraph at lines 10978--10979
\TU/TimesNewRoman(0)/m/n/10 damage reports,
 []


Underfull \hbox (badness 1642) in paragraph at lines 10980--10981
[]|\TU/TimesNewRoman(0)/m/n/10 Redis caching, query
 []


Underfull \hbox (badness 4416) in paragraph at lines 10980--10981
\TU/TimesNewRoman(0)/m/n/10 optimization, connec-
 []


Underfull \hbox (badness 10000) in paragraph at lines 10980--10981
\TU/TimesNewRoman(0)/m/n/10 tion pooling, health
 []


Underfull \hbox (badness 10000) in paragraph at lines 10984--10985
[]|\TU/TimesNewRoman(0)/m/n/10 Kubernetes, CI/CD,
 []


Underfull \hbox (badness 10000) in paragraph at lines 10984--10985
\TU/TimesNewRoman(0)/m/n/10 monitoring, TLS
 []


Underfull \hbox (badness 10000) in alignment at lines 10975--10988
[] [] [] []
 []

[180] [181] [182

] [183] [184] [185]
Underfull \hbox (badness 10000) in alignment at lines 11436--11439
[] [] []
 []


Underfull \hbox (badness 10000) in alignment at lines 11439--11441
[] [] []
 []


Underfull \hbox (badness 2165) in paragraph at lines 11445--11448
[]|\TU/TimesNewRoman(0)/m/n/10 Hệ thống phân quyền theo vai trò
 []


Underfull \hbox (badness 10000) in alignment at lines 11441--11455
[] [] []
 []

[186] [187]
Underfull \hbox (badness 10000) in alignment at lines 11598--11601
[] [] []
 []


Underfull \hbox (badness 10000) in alignment at lines 11601--11603
[] [] []
 []


Underfull \hbox (badness 10000) in alignment at lines 11603--11612
[] [] []
 []

[188] [189] [190

] [191] [192] [193] [194

]
Underfull \hbox (badness 10000) in paragraph at lines 12047--12047
[]|\TU/TimesNewRoman(0)/b/n/10 Model /
 []


Underfull \hbox (badness 10000) in paragraph at lines 12047--12047
[]|\TU/TimesNewRoman(0)/b/n/10 Đơn giá
 []


Underfull \hbox (badness 10000) in paragraph at lines 12048--12048
[]|\TU/TimesNewRoman(0)/b/n/10 Thành tiền
 []


Overfull \hbox (11.99347pt too wide) in alignment at lines 12046--12050
[] [] [] [] [] [] []
 []


Overfull \hbox (11.99347pt too wide) in alignment at lines 12050--12052
[] [] [] [] [] [] []
 []


Underfull \hbox (badness 10000) in paragraph at lines 12053--12053
[]|\TU/TimesNewRoman(0)/m/n/10 ESP32-S3-
 []


Underfull \hbox (badness 10000) in paragraph at lines 12053--12053
\TU/TimesNewRoman(0)/m/n/10 WROOM-1
 []


Underfull \hbox (badness 10000) in paragraph at lines 12054--12055
[]|\TU/TimesNewRoman(0)/m/n/10 MCU chính, 16MB
 []


Underfull \hbox (badness 10000) in paragraph at lines 12055--12055
[]|\TU/TimesNewRoman(0)/m/n/10 SIMCom
 []


Underfull \hbox (badness 10000) in paragraph at lines 12055--12055
\TU/TimesNewRoman(0)/m/n/10 SIM7600CE-
 []


Underfull \hbox (badness 10000) in paragraph at lines 12057--12057
[]|\TU/TimesNewRoman(0)/m/n/10 OBD2
 []


Underfull \hbox (badness 4556) in paragraph at lines 12058--12059
[]|\TU/TimesNewRoman(0)/m/n/10 Bluetooth Low Energy
 []


Underfull \hbox (badness 1286) in paragraph at lines 12059--12059
[]|\TU/TimesNewRoman(0)/m/n/10 Cảm biến gia
 []


Underfull \hbox (badness 1540) in paragraph at lines 12059--12061
[]|\TU/TimesNewRoman(0)/m/n/10 IMU 3 trục, phát hiện
 []


Underfull \hbox (badness 3364) in paragraph at lines 12061--12061
[]|\TU/TimesNewRoman(0)/m/n/10 18650 1S Li-
 []


Underfull \hbox (badness 10000) in paragraph at lines 12063--12063
[]|\TU/TimesNewRoman(0)/m/n/10 TP4056 +
 []


Underfull \hbox (badness 8132) in paragraph at lines 12063--12065
[]|\TU/TimesNewRoman(0)/m/n/10 Sạc 1S, input 5V từ
 []


Underfull \hbox (badness 10000) in paragraph at lines 12063--12065
\TU/TimesNewRoman(0)/m/n/10 MP2482, dòng theo
 []


Underfull \hbox (badness 10000) in paragraph at lines 12065--12067
[]|\TU/TimesNewRoman(0)/m/n/10 12–24V -> 3.3V cấp
 []


Underfull \hbox (badness 10000) in paragraph at lines 12067--12067
\TU/TimesNewRoman(0)/m/n/10 (12V/24V-
 []


Underfull \hbox (badness 10000) in paragraph at lines 12069--12069
[]|\TU/TimesNewRoman(0)/m/n/10 Mạch
 []


Underfull \hbox (badness 10000) in paragraph at lines 12071--12071
[]|\TU/TimesNewRoman(0)/m/n/10 Boost con-
 []


Underfull \hbox (badness 10000) in paragraph at lines 12073--12073
[]|\TU/TimesNewRoman(0)/m/n/10 1N5822
 []


Underfull \hbox (badness 10000) in paragraph at lines 12077--12077
[]|\TU/TimesNewRoman(0)/m/n/10 Anten gốm
 []


Underfull \hbox (badness 10000) in paragraph at lines 12077--12077
\TU/TimesNewRoman(0)/m/n/10 GNSS
 []


Underfull \hbox (badness 10000) in paragraph at lines 12077--12079
[]|\TU/TimesNewRoman(0)/m/n/10 Anten
 []


Overfull \hbox (0.97368pt too wide) in paragraph at lines 12077--12079
\TU/TimesNewRoman(0)/m/n/10 GPS/GLONASS/BeiDou| 
 []


Underfull \hbox (badness 10000) in paragraph at lines 12081--12081
[]|\TU/TimesNewRoman(0)/m/n/10 SIM tray +
 []


Underfull \hbox (badness 10000) in paragraph at lines 12081--12081
[]|\TU/TimesNewRoman(0)/m/n/10 Nano SIM
 []


Underfull \hbox (badness 10000) in paragraph at lines 12083--12083
[]|\TU/TimesNewRoman(0)/m/n/10 Connector
 []


Underfull \hbox (badness 1038) in paragraph at lines 12085--12085
[]|\TU/TimesNewRoman(0)/m/n/10 Tụ điện, điện
 []


Underfull \hbox (badness 4608) in paragraph at lines 12086--12087
[]|\TU/TimesNewRoman(0)/m/n/10 Tụ lọc, điện trở chia
 []


Underfull \hbox (badness 10000) in paragraph at lines 12086--12087
\TU/TimesNewRoman(0)/m/n/10 áp ADC (R1=100k,
 []


Underfull \hbox (badness 5924) in paragraph at lines 12087--12087
\TU/TimesNewRoman(0)/m/n/10 layout đề tài
 []


Underfull \hbox (badness 10000) in paragraph at lines 12089--12089
[]|\TU/TimesNewRoman(0)/m/n/10 Hộp nhựa
 []


Underfull \hbox (badness 10000) in paragraph at lines 12089--12089
\TU/TimesNewRoman(0)/m/n/10 ABS
 []


Overfull \hbox (1.1227pt too wide) in paragraph at lines 12089--12089
\TU/TimesNewRoman(0)/m/n/10 120x80x40mm| 
 []


Underfull \hbox (badness 10000) in paragraph at lines 12091--12091
[]|\TU/TimesNewRoman(0)/m/n/10 Dây nối,
 []


Underfull \hbox (badness 10000) in paragraph at lines 12091--12091
\TU/TimesNewRoman(0)/m/n/10 header,
 []


Overfull \hbox (11.99347pt too wide) in alignment at lines 12052--12094
[] [] [] [] [] [] []
 []


ignored: Infinite glue shrinkage found in box being split [195

]
Underfull \hbox (badness 1163) in paragraph at lines 12104--12104
[]|\TU/TimesNewRoman(0)/b/n/10 Chi phí hàng tháng
 []


Underfull \hbox (badness 10000) in alignment at lines 12103--12106
[] [] [] [] []
 []


Underfull \hbox (badness 10000) in alignment at lines 12106--12108
[] [] [] [] []
 []


Underfull \hbox (badness 10000) in paragraph at lines 12109--12109
[]|\TU/TimesNewRoman(0)/m/n/10 VPS
 []


Underfull \hbox (badness 10000) in paragraph at lines 12111--12111
[]|\TU/TimesNewRoman(0)/m/n/10 SIM 4G
 []


Underfull \hbox (badness 10000) in paragraph at lines 12113--12113
[]|\TU/TimesNewRoman(0)/m/n/10 SSL Cer-
 []


Underfull \hbox (badness 10000) in alignment at lines 12108--12116
[] [] [] [] []
 []


Underfull \hbox (badness 10000) in alignment at lines 12125--12128
[] [] []
 []


Underfull \hbox (badness 10000) in alignment at lines 12128--12130
[] [] []
 []


Underfull \hbox (badness 10000) in alignment at lines 12130--12138
[] [] []
 []

[196] [197]
Underfull \hbox (badness 10000) in alignment at lines 12166--12169
[] [] []
 []


Underfull \hbox (badness 10000) in alignment at lines 12169--12171
[] [] []
 []


Underfull \hbox (badness 3758) in paragraph at lines 12176--12176
[]|\TU/TimesNewRoman(0)/m/n/10 Transport protocol cho CAN
 []


Underfull \hbox (badness 5696) in paragraph at lines 12176--12178
[]|\TU/TimesNewRoman(0)/m/n/10 Xử lý multi-frame response (VIN,
 []


Underfull \hbox (badness 10000) in paragraph at lines 12178--12178
[]|\TU/TimesNewRoman(0)/m/n/10 Emissions-related OBD via
 []


Underfull \hbox (badness 10000) in alignment at lines 12171--12180
[] [] []
 []


Underfull \hbox (badness 10000) in alignment at lines 12188--12191
[] [] [] []
 []


Underfull \hbox (badness 10000) in alignment at lines 12191--12193
[] [] [] []
 []


Underfull \hbox (badness 10000) in paragraph at lines 12194--12194
[]|\TU/TimesNewRoman(0)/m/n/10 Supported PIDs
 []


Underfull \hbox (badness 10000) in paragraph at lines 12196--12196
[]|\TU/TimesNewRoman(0)/m/n/10 Engine Coolant
 []


Underfull \hbox (badness 6859) in paragraph at lines 12199--12199
[]|\TU/TimesNewRoman(0)/m/n/10 Intake Air Tem-
 []


Underfull \hbox (badness 2644) in paragraph at lines 12201--12201
[]|\TU/TimesNewRoman(0)/m/n/10 Fuel Tank Level
 []


Underfull \hbox (badness 10000) in alignment at lines 12193--12203
[] [] [] []
 []


Underfull \hbox (badness 10000) in alignment at lines 12218--12221
[] [] []
 []


Underfull \hbox (badness 10000) in alignment at lines 12221--12223
[] [] []
 []


Underfull \hbox (badness 10000) in alignment at lines 12223--12234
[] [] []
 []

[198

]
Underfull \hbox (badness 10000) in alignment at lines 12259--12262
[] []
 []


Underfull \hbox (badness 10000) in alignment at lines 12262--12264
[] []
 []


Underfull \hbox (badness 10000) in alignment at lines 12264--12277
[] []
 []


Underfull \hbox (badness 10000) in alignment at lines 12288--12291
[] [] []
 []


Underfull \hbox (badness 10000) in alignment at lines 12291--12293
[] [] []
 []


Underfull \hbox (badness 10000) in paragraph at lines 12295--12296
[]|\TU/lmtt/m/n/10 /api/v1/vehicles\TU/TimesNewRoman(0)/m/n/10 ,
 []


Underfull \hbox (badness 1596) in paragraph at lines 12296--12298
[]|\TU/TimesNewRoman(0)/m/n/10 GET (đọc), POST (tạo), PUT (cập
 []


Underfull \hbox (badness 4001) in paragraph at lines 12298--12300
\TU/TimesNewRoman(0)/m/n/10 quest, 401 Unauthorized, 404 Not
 []


Overfull \hbox (39.46867pt too wide) in paragraph at lines 12301--12302
[]|\TU/lmtt/m/n/10 ?page=1&limit=20&sort=created_at:desc| 
 []


Underfull \hbox (badness 10000) in paragraph at lines 12304--12305
[]|\TU/lmtt/m/n/10 { "error": { "code": "...",
 []


Underfull \hbox (badness 10000) in alignment at lines 12293--12307
[] [] []
 []


ignored: Infinite glue shrinkage found in box being split [199] [200]
Underfull \hbox (badness 10000) in alignment at lines 12324--12327
[] [] [] []
 []


Underfull \hbox (badness 10000) in alignment at lines 12327--12329
[] [] [] []
 []


Underfull \hbox (badness 10000) in paragraph at lines 12330--12330
[]|\TU/TimesNewRoman(0)/m/n/10 Nghiên cứu và
 []


Underfull \hbox (badness 10000) in paragraph at lines 12332--12332
[]|\TU/TimesNewRoman(0)/m/n/10 Phát triển
 []


Underfull \hbox (badness 10000) in paragraph at lines 12332--12334
[]|\TU/TimesNewRoman(0)/m/n/10 Firmware ESP-IDF hoàn
 []


Underfull \hbox (badness 10000) in paragraph at lines 12334--12336
[]|\TU/TimesNewRoman(0)/m/n/10 Docker infrastructure,
 []


Underfull \hbox (badness 2521) in paragraph at lines 12336--12338
[]|\TU/TimesNewRoman(0)/m/n/10 REST API, MQTT Bridge,
 []


Underfull \hbox (badness 10000) in paragraph at lines 12338--12338
[]|\TU/TimesNewRoman(0)/m/n/10 Phát triển fron-
 []


Underfull \hbox (badness 2495) in paragraph at lines 12342--12342
[]|\TU/TimesNewRoman(0)/m/n/10 Viết báo cáo và
 []


Underfull \hbox (badness 10000) in alignment at lines 12329--12344
[] [] [] []
 []

File: ./assets/figures/thesis-14-phu-luc-01.png Graphic file (type bmp)
<./assets/figures/thesis-14-phu-luc-01.png>

Underfull \hbox (badness 10000) in alignment at lines 12379--12382
[] [] []
 []


Underfull \hbox (badness 10000) in alignment at lines 12382--12384
[] [] []
 []


Underfull \hbox (badness 10000) in alignment at lines 12384--12389
[] [] []
 []

[201

]
Underfull \hbox (badness 10000) in alignment at lines 12397--12400
[] [] []
 []


Underfull \hbox (badness 10000) in alignment at lines 12400--12402
[] [] []
 []


Underfull \hbox (badness 10000) in alignment at lines 12402--12407
[] [] []
 []


Underfull \hbox (badness 10000) in alignment at lines 12415--12418
[] [] []
 []


Underfull \hbox (badness 10000) in alignment at lines 12418--12420
[] [] []
 []


Underfull \hbox (badness 10000) in paragraph at lines 12421--12421
[]|\TU/TimesNewRoman(0)/m/n/10 Docker setup, PostgreSQL,
 []


Underfull \hbox (badness 10000) in alignment at lines 12420--12425
[] [] []
 []


Underfull \hbox (badness 10000) in alignment at lines 12433--12436
[] [] []
 []


Underfull \hbox (badness 10000) in alignment at lines 12436--12438
[] [] []
 []


Underfull \hbox (badness 10000) in alignment at lines 12438--12443
[] [] []
 []


Underfull \hbox (badness 10000) in alignment at lines 12451--12454
[] [] []
 []


Underfull \hbox (badness 10000) in alignment at lines 12454--12456
[] [] []
 []


Underfull \hbox (badness 10000) in alignment at lines 12456--12461
[] [] []
 []

[202]
Underfull \hbox (badness 10000) in alignment at lines 12469--12472
[] [] []
 []


Underfull \hbox (badness 10000) in alignment at lines 12472--12474
[] [] []
 []


Underfull \hbox (badness 10000) in alignment at lines 12474--12478
[] [] []
 []

[203]
Missing character: There is no ├ in font [lmmono10-regular]:!
Missing character: There is no ─ in font [lmmono10-regular]:!
Missing character: There is no ├ in font [lmmono10-regular]:!
Missing character: There is no ─ in font [lmmono10-regular]:!
Missing character: There is no ├ in font [lmmono10-regular]:!
Missing character: There is no ─ in font [lmmono10-regular]:!
Missing character: There is no ─ in font [lmmono10-regular]:!
Missing character: There is no │ in font [lmmono10-regular]:!
Missing character: There is no │ in font [lmmono10-regular]:!
Missing character: There is no ├ in font [lmmono10-regular]:!
Missing character: There is no ─ in font [lmmono10-regular]:!
Missing character: There is no ─ in font [lmmono10-regular]:!
Missing character: There is no │ in font [lmmono10-regular]:!
Missing character: There is no │ in font [lmmono10-regular]:!
Missing character: There is no ├ in font [lmmono10-regular]:!
Missing character: There is no ─ in font [lmmono10-regular]:!
Missing character: There is no ─ in font [lmmono10-regular]:!
Missing character: There is no │ in font [lmmono10-regular]:!
Missing character: There is no │ in font [lmmono10-regular]:!
Missing character: There is no ├ in font [lmmono10-regular]:!
Missing character: There is no ─ in font [lmmono10-regular]:!
Missing character: There is no ─ in font [lmmono10-regular]:!
Missing character: There is no │ in font [lmmono10-regular]:!
Missing character: There is no │ in font [lmmono10-regular]:!
Missing character: There is no ├ in font [lmmono10-regular]:!
Missing character: There is no ─ in font [lmmono10-regular]:!
Missing character: There is no ─ in font [lmmono10-regular]:!
Missing character: There is no │ in font [lmmono10-regular]:!
Missing character: There is no │ in font [lmmono10-regular]:!
Missing character: There is no ├ in font [lmmono10-regular]:!
Missing character: There is no ─ in font [lmmono10-regular]:!
Missing character: There is no ─ in font [lmmono10-regular]:!
Missing character: There is no │ in font [lmmono10-regular]:!
Missing character: There is no │ in font [lmmono10-regular]:!
Missing character: There is no ├ in font [lmmono10-regular]:!
Missing character: There is no ─ in font [lmmono10-regular]:!
Missing character: There is no ─ in font [lmmono10-regular]:!
Missing character: There is no │ in font [lmmono10-regular]:!
Missing character: There is no │ in font [lmmono10-regular]:!
Missing character: There is no ├ in font [lmmono10-regular]:!
Missing character: There is no ─ in font [lmmono10-regular]:!
Missing character: There is no ─ in font [lmmono10-regular]:!
Missing character: There is no │ in font [lmmono10-regular]:!
Missing character: There is no │ in font [lmmono10-regular]:!
Missing character: There is no ├ in font [lmmono10-regular]:!
Missing character: There is no ─ in font [lmmono10-regular]:!
Missing character: There is no ─ in font [lmmono10-regular]:!
Missing character: There is no │ in font [lmmono10-regular]:!
Missing character: There is no │ in font [lmmono10-regular]:!
Missing character: There is no └ in font [lmmono10-regular]:!
Missing character: There is no ─ in font [lmmono10-regular]:!
Missing character: There is no ─ in font [lmmono10-regular]:!
Missing character: There is no ├ in font [lmmono10-regular]:!
Missing character: There is no ─ in font [lmmono10-regular]:!
Missing character: There is no ├ in font [lmmono10-regular]:!
Missing character: There is no ─ in font [lmmono10-regular]:!
Missing character: There is no ├ in font [lmmono10-regular]:!
Missing character: There is no ─ in font [lmmono10-regular]:!
Missing character: There is no ─ in font [lmmono10-regular]:!

Underfull \hbox (badness 10000) in alignment at lines 12545--12548
[] [] [] []
 []


Underfull \hbox (badness 10000) in alignment at lines 12548--12550
[] [] [] []
 []


Underfull \hbox (badness 1436) in paragraph at lines 12553--12553
[]|\TU/TimesNewRoman(0)/m/n/10 Phiên đăng nhập (to-
 []


Underfull \hbox (badness 10000) in paragraph at lines 12557--12557
[]|\TU/TimesNewRoman(0)/m/n/10 Thông tin thiết bị
 []


Underfull \hbox (badness 10000) in alignment at lines 12550--12565
[] [] [] []
 []

[204

]
Underfull \hbox (badness 10000) in alignment at lines 12573--12576
[] [] []
 []


Underfull \hbox (badness 10000) in alignment at lines 12576--12578
[] [] []
 []


Underfull \hbox (badness 10000) in alignment at lines 12578--12591
[] [] []
 []


Underfull \hbox (badness 10000) in alignment at lines 12614--12617
[] [] [] []
 []


Underfull \hbox (badness 10000) in alignment at lines 12617--12619
[] [] [] []
 []


Overfull \hbox (3.45258pt too wide) in paragraph at lines 12620--12620
[]|\TU/lmtt/m/n/10 /api/v1/auth/login| 
 []


Overfull \hbox (8.70258pt too wide) in paragraph at lines 12621--12621
[]|\TU/lmtt/m/n/10 /api/v1/auth/logout| 
 []


Overfull \hbox (13.95258pt too wide) in paragraph at lines 12625--12625
[]|\TU/lmtt/m/n/10 /api/v1/vehicles/:id| 
 []


Overfull \hbox (29.70258pt too wide) in paragraph at lines 12628--12628
[]|\TU/lmtt/m/n/10 /api/v1/devices/:id/ota| 
 []


Overfull \hbox (40.20258pt too wide) in paragraph at lines 12634--12634
[]|\TU/lmtt/m/n/10 /api/v1/telemetry/history| 
 []


Underfull \hbox (badness 10000) in alignment at lines 12619--12645
[] [] [] []
 []


ignored: Infinite glue shrinkage found in box being split [205]
Underfull \hbox (badness 10000) in alignment at lines 12659--12662
[] [] [] []
 []


Underfull \hbox (badness 10000) in alignment at lines 12662--12664
[] [] [] []
 []


Underfull \hbox (badness 8075) in paragraph at lines 12665--12665
[]|\TU/TimesNewRoman(0)/m/n/10 Địa chỉ PostgreSQL
 []


Underfull \hbox (badness 10000) in paragraph at lines 12666--12666
[]|\TU/TimesNewRoman(0)/m/n/10 Cổng PostgreSQL
 []


Underfull \hbox (badness 2027) in paragraph at lines 12669--12669
[]|\TU/TimesNewRoman(0)/m/n/10 Tên đăng nhập Post-
 []


Underfull \hbox (badness 10000) in paragraph at lines 12673--12673
[]|\TU/TimesNewRoman(0)/m/n/10 Backend, Mqt-
 []


Underfull \hbox (badness 10000) in paragraph at lines 12679--12679
[]|\TU/TimesNewRoman(0)/m/n/10 URL frontend cho
 []


Underfull \hbox (badness 10000) in alignment at lines 12664--12680
[] [] [] []
 []


Underfull \hbox (badness 10000) in alignment at lines 12695--12698
[] []
 []


Underfull \hbox (badness 10000) in alignment at lines 12698--12700
[] []
 []


Underfull \hbox (badness 10000) in alignment at lines 12700--12706
[] []
 []

[206]
Underfull \hbox (badness 10000) in alignment at lines 12754--12757
[] [] []
 []


Underfull \hbox (badness 10000) in alignment at lines 12757--12759
[] [] []
 []


Underfull \hbox (badness 10000) in alignment at lines 12759--12766
[] [] []
 []

[207] (thesis-build.aux)
 ***********
LaTeX2e <2025-11-01>
L3 programming layer <2026-01-19>
 ***********
 ) 
Here is how much of TeX's memory you used:
 17791 strings out of 402983
 377393 string characters out of 5448483
 897876 words of memory out of 5000000
 46223 multiletter control sequences out of 15000+600000
 629980 words of font info for 74 fonts, out of 8000000 for 9000
 1348 hyphenation exceptions out of 8191
 83i,6n,93p,1225b,589s stack positions out of 10000i,1000n,20000p,200000b,200000s

Output written on thesis-build.pdf (225 pages).
